targetMuscle,title,path_url,exercise_id,exercise_name,targetMuscles_api,secondaryMuscles_api,bodyParts_api,equipments_api,gif_url,match_score,status,search_text
full-body,One Arm Medicine Ball Slam,data/One-Arm-Medicine-Ball-Slam.gif,aDoFKrE,medicine ball chest pass,"[""pectorals""]","[""shoulders"", ""triceps""]","[""chest""]","[""medicine ball""]",https://static.exercisedb.dev/media/aDoFKrE.gif,56.22,matched,"medicine ball chest pass [""pectorals""] [""shoulders"", ""triceps""]"
full-body,Navy Seal Burpee,data/Navy-Seal-Burpee.gif,0JtKWum,dumbbell burpee,"[""cardiovascular system""]","[""quadriceps"", ""hamstrings"", ""calves"", ""shoulders"", ""triceps"", ""core""]","[""cardio""]","[""dumbbell""]",https://static.exercisedb.dev/media/0JtKWum.gif,46.45,matched,"dumbbell burpee [""cardiovascular system""] [""quadriceps"", ""hamstrings"", ""calves"", ""shoulders"", ""triceps"", ""core""]"
full-body,Dumbbell Walking Lunge,data/Dumbbell-Walking-Lunge.gif,1VpF8db,dumbbell bicep curl lunge with bowling motion,"[""biceps""]","[""forearms"", ""shoulders""]","[""upper arms""]","[""dumbbell""]",https://static.exercisedb.dev/media/1VpF8db.gif,62.22,matched,"dumbbell bicep curl lunge with bowling motion [""biceps""] [""forearms"", ""shoulders""]"
full-body,Dumbbell Push Press,data/Dumbbell-Push-Press.gif,1qrWgZ2,dumbbell decline hammer press,"[""pectorals""]","[""triceps"", ""shoulders""]","[""chest""]","[""dumbbell""]",https://static.exercisedb.dev/media/1qrWgZ2.gif,67.88,matched,"dumbbell decline hammer press [""pectorals""] [""triceps"", ""shoulders""]"
full-body,Dumbbell Deadlift,data/Dumbbell-Deadlift.gif,2Ty4idJ,advanced dumbbell stiff leg deadlift,"[""glutes""]","[""hamstrings"", ""lower back""]","[""upper legs""]","[""dumbbell""]",https://static.exercisedb.dev/media/2Ty4idJ.gif,80.0,matched,"advanced dumbbell stiff leg deadlift [""glutes""] [""hamstrings"", ""lower back""]"
full-body,Dumbbell Sumo Deadlift,data/Dumbbell-Sumo-Deadlift.gif,2Ty4idJ,advanced dumbbell stiff leg deadlift,"[""glutes""]","[""hamstrings"", ""lower back""]","[""upper legs""]","[""dumbbell""]",https://static.exercisedb.dev/media/2Ty4idJ.gif,69.74,matched,"advanced dumbbell stiff leg deadlift [""glutes""] [""hamstrings"", ""lower back""]"
full-body,Backward Medicine Ball Throw,data/Backward-Medicine-Ball-Throw.gif,aDoFKrE,medicine ball chest pass,"[""pectorals""]","[""shoulders"", ""triceps""]","[""chest""]","[""medicine ball""]",https://static.exercisedb.dev/media/aDoFKrE.gif,56.22,matched,"medicine ball chest pass [""pectorals""] [""shoulders"", ""triceps""]"
full-body,Zercher Carry,data/Zercher-Carry.gif,72BC5Za,archer pull up,"[""lats""]","[""biceps"", ""forearms""]","[""back""]","[""body weight""]",https://static.exercisedb.dev/media/72BC5Za.gif,35.56,matched,"archer pull up [""lats""] [""biceps"", ""forearms""]"
full-body,Wall Walk,data/Wall-Walk.gif,a8VDgLw,stationary bike walk,"[""cardiovascular system""]","[""quadriceps"", ""hamstrings"", ""calves""]","[""cardio""]","[""leverage machine""]",https://static.exercisedb.dev/media/a8VDgLw.gif,49.23,matched,"stationary bike walk [""cardiovascular system""] [""quadriceps"", ""hamstrings"", ""calves""]"
full-body,Kettlebell Hang Clean,data/Kettlebell-Hang-Clean.gif,4KJEpzb,kettlebell bottoms up clean from the hang position,"[""biceps""]","[""forearms"", ""shoulders""]","[""upper arms""]","[""kettlebell""]",https://static.exercisedb.dev/media/4KJEpzb.gif,80.0,matched,"kettlebell bottoms up clean from the hang position [""biceps""] [""forearms"", ""shoulders""]"
full-body,Dumbbell Power Clean,data/Dumbbell-Power-Clean.gif,7Hg55JG,dumbbell clean,"[""glutes""]","[""hamstrings"", ""quadriceps"", ""calves""]","[""upper legs""]","[""dumbbell""]",https://static.exercisedb.dev/media/7Hg55JG.gif,80.0,matched,"dumbbell clean [""glutes""] [""hamstrings"", ""quadriceps"", ""calves""]"
full-body,Dumbbell Devil Press,data/Dumbbell-Devil-Press.gif,1qrWgZ2,dumbbell decline hammer press,"[""pectorals""]","[""triceps"", ""shoulders""]","[""chest""]","[""dumbbell""]",https://static.exercisedb.dev/media/1qrWgZ2.gif,65.88,matched,"dumbbell decline hammer press [""pectorals""] [""triceps"", ""shoulders""]"
full-body,Overhead Squat,data/Overhead-Squat.gif,5BZHW9s,squat to overhead reach with twist,"[""quads""]","[""glutes"", ""hamstrings"", ""core""]","[""upper legs""]","[""body weight""]",https://static.exercisedb.dev/media/5BZHW9s.gif,80.0,matched,"squat to overhead reach with twist [""quads""] [""glutes"", ""hamstrings"", ""core""]"
full-body,Ski Ergometer,data/Ski-Ergometer.gif,5MRH8H2,ski step,"[""cardiovascular system""]","[""quadriceps"", ""hamstrings"", ""glutes"", ""calves""]","[""cardio""]","[""body weight""]",https://static.exercisedb.dev/media/5MRH8H2.gif,45.71,matched,"ski step [""cardiovascular system""] [""quadriceps"", ""hamstrings"", ""glutes"", ""calves""]"
full-body,Human Flag,data/Human-Flag.gif,01qpYSe,upward facing dog,"[""spine""]","[""shoulders"", ""chest""]","[""back""]","[""body weight""]",https://static.exercisedb.dev/media/01qpYSe.gif,35.56,matched,"upward facing dog [""spine""] [""shoulders"", ""chest""]"
full-body,Farmer's Walk,data/Farmer's-Walk.gif,a8VDgLw,stationary bike walk,"[""cardiovascular system""]","[""quadriceps"", ""hamstrings"", ""calves""]","[""cardio""]","[""leverage machine""]",https://static.exercisedb.dev/media/a8VDgLw.gif,37.65,matched,"stationary bike walk [""cardiovascular system""] [""quadriceps"", ""hamstrings"", ""calves""]"
full-body,Log Lift,data/Log-Lift.gif,8IbNZwc,rough band hip lift,"[""glutes""]","[""hamstrings"", ""quadriceps""]","[""upper legs""]","[""band""]",https://static.exercisedb.dev/media/8IbNZwc.gif,53.33,matched,"rough band hip lift [""glutes""] [""hamstrings"", ""quadriceps""]"
full-body,Tire Sledge Hammer,data/Tire-Sledge-Hammer.gif,1qrWgZ2,dumbbell decline hammer press,"[""pectorals""]","[""triceps"", ""shoulders""]","[""chest""]","[""dumbbell""]",https://static.exercisedb.dev/media/1qrWgZ2.gif,47.66,matched,"dumbbell decline hammer press [""pectorals""] [""triceps"", ""shoulders""]"
full-body,Tire Flip,data/Tire-Flip.gif,1ZFqTDN,air bike,"[""abs""]","[""hip flexors""]","[""waist""]","[""body weight""]",https://static.exercisedb.dev/media/1ZFqTDN.gif,37.65,matched,"air bike [""abs""] [""hip flexors""]"
full-body,Barbell Snatch,data/Barbell-Snatch.gif,25GPyDY,barbell curl,"[""biceps""]","[""forearms""]","[""upper arms""]","[""barbell""]",https://static.exercisedb.dev/media/25GPyDY.gif,58.95,matched,"barbell curl [""biceps""] [""forearms""]"
full-body,Power Snatch,data/Power-Snatch.gif,6pTkI99,dumbbell one arm snatch,"[""glutes""]","[""hamstrings"", ""quadriceps"", ""core""]","[""upper legs""]","[""dumbbell""]",https://static.exercisedb.dev/media/6pTkI99.gif,53.33,matched,"dumbbell one arm snatch [""glutes""] [""hamstrings"", ""quadriceps"", ""core""]"
full-body,Muscle Snatch,data/Muscle-Snatch.gif,6pTkI99,dumbbell one arm snatch,"[""glutes""]","[""hamstrings"", ""quadriceps"", ""core""]","[""upper legs""]","[""dumbbell""]",https://static.exercisedb.dev/media/6pTkI99.gif,50.53,matched,"dumbbell one arm snatch [""glutes""] [""hamstrings"", ""quadriceps"", ""core""]"
full-body,Heaving Snatch Balance,data/Heaving-Snatch-Balance.gif,1jXLYEw,standing lateral stretch,"[""lats""]","[""shoulders"", ""obliques""]","[""back""]","[""body weight""]",https://static.exercisedb.dev/media/1jXLYEw.gif,45.22,matched,"standing lateral stretch [""lats""] [""shoulders"", ""obliques""]"
full-body,Barbell Hang Clean,data/Barbell-Hang-Clean.gif,25GPyDY,barbell curl,"[""biceps""]","[""forearms""]","[""upper arms""]","[""barbell""]",https://static.exercisedb.dev/media/25GPyDY.gif,58.95,matched,"barbell curl [""biceps""] [""forearms""]"
full-body,Rowing Machine,data/Rowing-Machine.gif,7WcQgkm,smith machine incline tricep extension - straight variation,"[""triceps""]","[""shoulders""]","[""upper arms""]","[""smith machine""]",https://static.exercisedb.dev/media/7WcQgkm.gif,53.33,matched,"smith machine incline tricep extension - straight variation [""triceps""] [""shoulders""]"
full-body,Barbell Bent Over Row,data/Barbell-Bent-Over-Row.gif,5lE7XRz,smith bent over row with declined,"[""upper back""]","[""biceps"", ""forearms""]","[""back""]","[""smith machine""]",https://static.exercisedb.dev/media/5lE7XRz.gif,61.18,matched,"smith bent over row with declined [""upper back""] [""biceps"", ""forearms""]"
full-body,Legless Rope Climb,data/Legless-Rope-Climb.gif,7B4F5nZ,lever calf press,"[""calves""]","[""hamstrings""]","[""lower legs""]","[""leverage machine""]",https://static.exercisedb.dev/media/7B4F5nZ.gif,42.35,matched,"lever calf press [""calves""] [""hamstrings""]"
full-body,Push-up Toe Touch,data/Push-up-Toe-Touch.gif,A9qxk2F,archer push up,"[""pectorals""]","[""triceps"", ""shoulders"", ""core""]","[""chest""]","[""body weight""]",https://static.exercisedb.dev/media/A9qxk2F.gif,53.33,matched,"archer push up [""pectorals""] [""triceps"", ""shoulders"", ""core""]"
full-body,Bent Over Dumbbell Row,data/Bent-Over-Dumbbell-Row.gif,3T12T87,dumbbell standing bent over two arm triceps extension,"[""triceps""]","[""shoulders"", ""back""]","[""upper arms""]","[""dumbbell""]",https://static.exercisedb.dev/media/3T12T87.gif,72.0,matched,"dumbbell standing bent over two arm triceps extension [""triceps""] [""shoulders"", ""back""]"
full-body,Muscle-Up,data/Muscle-Up.gif,Af0EW2I,muscle-up (on vertical bar),"[""lats""]","[""biceps"", ""triceps"", ""forearms""]","[""back""]","[""body weight""]",https://static.exercisedb.dev/media/Af0EW2I.gif,80.0,matched,"muscle-up (on vertical bar) [""lats""] [""biceps"", ""triceps"", ""forearms""]"
full-body,Push Press,data/Push-Press.gif,0dCyly0,barbell seated bradford rocky press,"[""delts""]","[""triceps"", ""upper back""]","[""shoulders""]","[""barbell""]",https://static.exercisedb.dev/media/0dCyly0.gif,53.33,matched,"barbell seated bradford rocky press [""delts""] [""triceps"", ""upper back""]"
full-body,Landmine Squat to Press,data/Landmine-Squat-to-Press.gif,75Bgtjy,potty squat,"[""abs""]","[""quadriceps"", ""glutes""]","[""waist""]","[""body weight""]",https://static.exercisedb.dev/media/75Bgtjy.gif,50.0,matched,"potty squat [""abs""] [""quadriceps"", ""glutes""]"
full-body,Barbell Clean and Press,data/Barbell-Clean-and-Press.gif,3TZduzM,barbell incline bench press,"[""pectorals""]","[""shoulders"", ""triceps""]","[""chest""]","[""barbell""]",https://static.exercisedb.dev/media/3TZduzM.gif,60.8,matched,"barbell incline bench press [""pectorals""] [""shoulders"", ""triceps""]"
full-body,Power Clean,data/Power-Clean.gif,4KJEpzb,kettlebell bottoms up clean from the hang position,"[""biceps""]","[""forearms"", ""shoulders""]","[""upper arms""]","[""kettlebell""]",https://static.exercisedb.dev/media/4KJEpzb.gif,50.0,matched,"kettlebell bottoms up clean from the hang position [""biceps""] [""forearms"", ""shoulders""]"
full-body,Turkish Get-up,data/Turkish-Get-up.gif,A9qxk2F,archer push up,"[""pectorals""]","[""triceps"", ""shoulders"", ""core""]","[""chest""]","[""body weight""]",https://static.exercisedb.dev/media/A9qxk2F.gif,45.71,matched,"archer push up [""pectorals""] [""triceps"", ""shoulders"", ""core""]"
full-body,Kettlebell Swings,data/Kettlebell-Swings.gif,9Tkqa9O,kettlebell windmill,"[""abs""]","[""obliques"", ""shoulders""]","[""waist""]","[""kettlebell""]",https://static.exercisedb.dev/media/9Tkqa9O.gif,62.22,matched,"kettlebell windmill [""abs""] [""obliques"", ""shoulders""]"
full-body,One Arm Kettlebell Snatch,data/One-Arm-Kettlebell-Snatch.gif,6pTkI99,dumbbell one arm snatch,"[""glutes""]","[""hamstrings"", ""quadriceps"", ""core""]","[""upper legs""]","[""dumbbell""]",https://static.exercisedb.dev/media/6pTkI99.gif,63.33,matched,"dumbbell one arm snatch [""glutes""] [""hamstrings"", ""quadriceps"", ""core""]"
full-body,Impossible Dips,data/Impossible-Dips.gif,05Cf2v8,impossible dips,"[""triceps""]","[""chest"", ""shoulders""]","[""upper arms""]","[""body weight""]",https://static.exercisedb.dev/media/05Cf2v8.gif,80.0,matched,"impossible dips [""triceps""] [""chest"", ""shoulders""]"
full-body,Korean Dips,data/Korean-Dips.gif,7aVz15j,triceps dips floor,"[""triceps""]","[""chest"", ""shoulders""]","[""upper arms""]","[""body weight""]",https://static.exercisedb.dev/media/7aVz15j.gif,44.14,matched,"triceps dips floor [""triceps""] [""chest"", ""shoulders""]"
full-body,Straight Bar Dip,data/Straight-Bar-Dip.gif,4Ml7QFO,hanging straight leg raise,"[""abs""]","[""hip flexors""]","[""waist""]","[""body weight""]",https://static.exercisedb.dev/media/4Ml7QFO.gif,53.33,matched,"hanging straight leg raise [""abs""] [""hip flexors""]"
full-body,Kettlebell Clean and Jerk,data/Kettlebell-Clean-and-Jerk.gif,7Ba7bQ2,kettlebell two arm clean,"[""delts""]","[""traps"", ""forearms""]","[""shoulders""]","[""kettlebell""]",https://static.exercisedb.dev/media/7Ba7bQ2.gif,64.0,matched,"kettlebell two arm clean [""delts""] [""traps"", ""forearms""]"
full-body,Dumbbell Burpees,data/Dumbbell-Burpees.gif,0JtKWum,dumbbell burpee,"[""cardiovascular system""]","[""quadriceps"", ""hamstrings"", ""calves"", ""shoulders"", ""triceps"", ""core""]","[""cardio""]","[""dumbbell""]",https://static.exercisedb.dev/media/0JtKWum.gif,77.42,matched,"dumbbell burpee [""cardiovascular system""] [""quadriceps"", ""hamstrings"", ""calves"", ""shoulders"", ""triceps"", ""core""]"
full-body,Dumbbell Jump Squat,data/Dumbbell-Jump-Squat.gif,1gFNTZV,barbell jump squat,"[""glutes""]","[""quadriceps"", ""hamstrings"", ""calves""]","[""upper legs""]","[""barbell""]",https://static.exercisedb.dev/media/1gFNTZV.gif,69.19,matched,"barbell jump squat [""glutes""] [""quadriceps"", ""hamstrings"", ""calves""]"
full-body,Burpees,data/Burpees.gif,0JtKWum,dumbbell burpee,"[""cardiovascular system""]","[""quadriceps"", ""hamstrings"", ""calves"", ""shoulders"", ""triceps"", ""core""]","[""cardio""]","[""dumbbell""]",https://static.exercisedb.dev/media/0JtKWum.gif,43.64,matched,"dumbbell burpee [""cardiovascular system""] [""quadriceps"", ""hamstrings"", ""calves"", ""shoulders"", ""triceps"", ""core""]"
full-body,L-Sit Pull-Up,data/L-Sit-Pull-Up.gif,2gPfomN,3/4 sit-up,"[""abs""]","[""hip flexors"", ""lower back""]","[""waist""]","[""body weight""]",https://static.exercisedb.dev/media/2gPfomN.gif,60.0,matched,"3/4 sit-up [""abs""] [""hip flexors"", ""lower back""]"
full-body,Back Lever,data/Back-Lever.gif,17lJ1kr,lever lying leg curl,"[""hamstrings""]","[""calves""]","[""upper legs""]","[""leverage machine""]",https://static.exercisedb.dev/media/17lJ1kr.gif,53.33,matched,"lever lying leg curl [""hamstrings""] [""calves""]"
full-body,Front Lever Pull-up,data/Front-Lever-Pull-up.gif,7F1DVzn,lever front pulldown,"[""lats""]","[""biceps"", ""rhomboids"", ""rear deltoids""]","[""back""]","[""leverage machine""]",https://static.exercisedb.dev/media/7F1DVzn.gif,65.64,matched,"lever front pulldown [""lats""] [""biceps"", ""rhomboids"", ""rear deltoids""]"
full-body,One Arm Dumbbell Snatch,data/One-Arm-Dumbbell-Snatch.gif,6pTkI99,dumbbell one arm snatch,"[""glutes""]","[""hamstrings"", ""quadriceps"", ""core""]","[""upper legs""]","[""dumbbell""]",https://static.exercisedb.dev/media/6pTkI99.gif,80.0,matched,"dumbbell one arm snatch [""glutes""] [""hamstrings"", ""quadriceps"", ""core""]"
full-body,Archer Pull-up,data/Archer-Pull-up.gif,72BC5Za,archer pull up,"[""lats""]","[""biceps"", ""forearms""]","[""back""]","[""body weight""]",https://static.exercisedb.dev/media/72BC5Za.gif,80.0,matched,"archer pull up [""lats""] [""biceps"", ""forearms""]"
full-body,Cross Body Push-up,data/Cross-Body-Push-up.gif,A9qxk2F,archer push up,"[""pectorals""]","[""triceps"", ""shoulders"", ""core""]","[""chest""]","[""body weight""]",https://static.exercisedb.dev/media/A9qxk2F.gif,53.33,matched,"archer push up [""pectorals""] [""triceps"", ""shoulders"", ""core""]"
full-body,Trap Bar Jump Squat,data/Trap-Bar-Jump-Squat.gif,1gFNTZV,barbell jump squat,"[""glutes""]","[""quadriceps"", ""hamstrings"", ""calves""]","[""upper legs""]","[""barbell""]",https://static.exercisedb.dev/media/1gFNTZV.gif,60.54,matched,"barbell jump squat [""glutes""] [""quadriceps"", ""hamstrings"", ""calves""]"
full-body,Medicine Ball-Sit-up Throw,data/Medicine-Ball-Sit-up-Throw.gif,8K7m2SS,medicine ball close grip push up,"[""triceps""]","[""chest"", ""shoulders""]","[""upper arms""]","[""medicine ball""]",https://static.exercisedb.dev/media/8K7m2SS.gif,60.95,matched,"medicine ball close grip push up [""triceps""] [""chest"", ""shoulders""]"
full-body,Barbell Jump Squat,data/Barbell-Jump-Squat.gif,1gFNTZV,barbell jump squat,"[""glutes""]","[""quadriceps"", ""hamstrings"", ""calves""]","[""upper legs""]","[""barbell""]",https://static.exercisedb.dev/media/1gFNTZV.gif,80.0,matched,"barbell jump squat [""glutes""] [""quadriceps"", ""hamstrings"", ""calves""]"
full-body,Handstand Walk,data/Handstand-Walk.gif,a8VDgLw,stationary bike walk,"[""cardiovascular system""]","[""quadriceps"", ""hamstrings"", ""calves""]","[""cardio""]","[""leverage machine""]",https://static.exercisedb.dev/media/a8VDgLw.gif,42.35,matched,"stationary bike walk [""cardiovascular system""] [""quadriceps"", ""hamstrings"", ""calves""]"
full-body,Handstand,data/Handstand.gif,1GPHRyK,janda sit-up,"[""abs""]","[""hip flexors"", ""lower back""]","[""waist""]","[""body weight""]",https://static.exercisedb.dev/media/1GPHRyK.gif,38.1,matched,"janda sit-up [""abs""] [""hip flexors"", ""lower back""]"
full-body,Kettlebell Clean and Press,data/Kettlebell-Clean-and-Press.gif,5KLbZWx,kettlebell alternating press,"[""delts""]","[""triceps"", ""core""]","[""shoulders""]","[""kettlebell""]",https://static.exercisedb.dev/media/5KLbZWx.gif,65.19,matched,"kettlebell alternating press [""delts""] [""triceps"", ""core""]"
full-body,Climbing Monkey Bars,data/Climbing-Monkey-Bars.gif,1ZFqTDN,air bike,"[""abs""]","[""hip flexors""]","[""waist""]","[""body weight""]",https://static.exercisedb.dev/media/1ZFqTDN.gif,40.0,matched,"air bike [""abs""] [""hip flexors""]"
full-body,Kipping Handstand Push-up,data/Kipping-Handstand-Push-up.gif,A9qxk2F,archer push up,"[""pectorals""]","[""triceps"", ""shoulders"", ""core""]","[""chest""]","[""body weight""]",https://static.exercisedb.dev/media/A9qxk2F.gif,53.33,matched,"archer push up [""pectorals""] [""triceps"", ""shoulders"", ""core""]"
full-body,Snap Jumps,data/Snap-Jumps.gif,7xeukSt,scapula dips,"[""traps""]","[""rhomboids"", ""deltoids""]","[""back""]","[""body weight""]",https://static.exercisedb.dev/media/7xeukSt.gif,43.64,matched,"scapula dips [""traps""] [""rhomboids"", ""deltoids""]"
full-body,Barbell Thruster,data/Barbell-Thruster.gif,4Leypho,barbell skier,"[""delts""]","[""triceps"", ""core""]","[""shoulders""]","[""barbell""]",https://static.exercisedb.dev/media/4Leypho.gif,60.69,matched,"barbell skier [""delts""] [""triceps"", ""core""]"
full-body,Bodyweight Skull Crushers,data/Bodyweight-Skull-Crushers.gif,3xK09Sk,bodyweight squatting row,"[""upper back""]","[""biceps"", ""shoulders""]","[""back""]","[""body weight""]",https://static.exercisedb.dev/media/3xK09Sk.gif,48.98,matched,"bodyweight squatting row [""upper back""] [""biceps"", ""shoulders""]"
full-body,Straddle Planche,,9WTm7dq,chest dip,"[""pectorals""]","[""triceps"", ""shoulders""]","[""chest""]","[""body weight""]",https://static.exercisedb.dev/media/9WTm7dq.gif,38.4,matched,"chest dip [""pectorals""] [""triceps"", ""shoulders""]"
full-body,One Arm Kettlebell Swing,data/One-Arm-Kettlebell-Swing.gif,7Ba7bQ2,kettlebell two arm clean,"[""delts""]","[""traps"", ""forearms""]","[""shoulders""]","[""kettlebell""]",https://static.exercisedb.dev/media/7Ba7bQ2.gif,60.0,matched,"kettlebell two arm clean [""delts""] [""traps"", ""forearms""]"
full-body,Medicine ball Overhead Slam,data/Medicine-ball-Overhead-Slam.gif,aDoFKrE,medicine ball chest pass,"[""pectorals""]","[""shoulders"", ""triceps""]","[""chest""]","[""medicine ball""]",https://static.exercisedb.dev/media/aDoFKrE.gif,56.47,matched,"medicine ball chest pass [""pectorals""] [""shoulders"", ""triceps""]"
full-body,Wall Ball,data/Wall-Ball.gif,1IG6gVF,prone twist on stability ball,"[""abs""]","[""obliques"", ""lower back""]","[""waist""]","[""stability ball""]",https://static.exercisedb.dev/media/1IG6gVF.gif,49.23,matched,"prone twist on stability ball [""abs""] [""obliques"", ""lower back""]"
full-body,Kettlebell Renegade Row,data/Kettlebell-Renegade-Row.gif,9Tkqa9O,kettlebell windmill,"[""abs""]","[""obliques"", ""shoulders""]","[""waist""]","[""kettlebell""]",https://static.exercisedb.dev/media/9Tkqa9O.gif,55.17,matched,"kettlebell windmill [""abs""] [""obliques"", ""shoulders""]"
full-body,Push-Up to Renegade Row,data/Push-Up-to-Renegade-Row.gif,A9qxk2F,archer push up,"[""pectorals""]","[""triceps"", ""shoulders"", ""core""]","[""chest""]","[""body weight""]",https://static.exercisedb.dev/media/A9qxk2F.gif,53.33,matched,"archer push up [""pectorals""] [""triceps"", ""shoulders"", ""core""]"
full-body,Modified Hindu Push-up,data/Modified-Hindu-Push-up.gif,A9qxk2F,archer push up,"[""pectorals""]","[""triceps"", ""shoulders"", ""core""]","[""chest""]","[""body weight""]",https://static.exercisedb.dev/media/A9qxk2F.gif,53.33,matched,"archer push up [""pectorals""] [""triceps"", ""shoulders"", ""core""]"
full-body,Planche Push-Up,data/Planche-Push-Up.gif,A9qxk2F,archer push up,"[""pectorals""]","[""triceps"", ""shoulders"", ""core""]","[""chest""]","[""body weight""]",https://static.exercisedb.dev/media/A9qxk2F.gif,66.21,matched,"archer push up [""pectorals""] [""triceps"", ""shoulders"", ""core""]"
full-body,Archer Push-Up,data/Archer-Push-Up.gif,A9qxk2F,archer push up,"[""pectorals""]","[""triceps"", ""shoulders"", ""core""]","[""chest""]","[""body weight""]",https://static.exercisedb.dev/media/A9qxk2F.gif,80.0,matched,"archer push up [""pectorals""] [""triceps"", ""shoulders"", ""core""]"
full-body,Kettlebell Figure 8,data/Kettlebell-Figure-8.gif,4KJEpzb,kettlebell bottoms up clean from the hang position,"[""biceps""]","[""forearms"", ""shoulders""]","[""upper arms""]","[""kettlebell""]",https://static.exercisedb.dev/media/4KJEpzb.gif,55.17,matched,"kettlebell bottoms up clean from the hang position [""biceps""] [""forearms"", ""shoulders""]"
full-body,Dumbbell Renegade Row,data/Dumbbell-Renegade-Row.gif,7vG5o25,dumbbell incline row,"[""upper back""]","[""biceps"", ""shoulders""]","[""back""]","[""dumbbell""]",https://static.exercisedb.dev/media/7vG5o25.gif,60.0,matched,"dumbbell incline row [""upper back""] [""biceps"", ""shoulders""]"
full-body,Dumbbell Iron Cross,data/Dumbbell-Iron-Cross.gif,1RIkUHT,dumbbell iron cross - improved variation,"[""delts""]","[""triceps"", ""chest""]","[""shoulders""]","[""dumbbell""]",https://static.exercisedb.dev/media/1RIkUHT.gif,80.0,matched,"dumbbell iron cross - improved variation [""delts""] [""triceps"", ""chest""]"
full-body,Ring Dips,data/Ring-Dips.gif,05Cf2v8,impossible dips,"[""triceps""]","[""chest"", ""shoulders""]","[""upper arms""]","[""body weight""]",https://static.exercisedb.dev/media/05Cf2v8.gif,49.23,matched,"impossible dips [""triceps""] [""chest"", ""shoulders""]"
full-body,Battle Rope,data/Battle-Rope.gif,aaXr7ld,lever t bar row,"[""upper back""]","[""biceps"", ""forearms""]","[""back""]","[""leverage machine""]",https://static.exercisedb.dev/media/aaXr7ld.gif,43.08,matched,"lever t bar row [""upper back""] [""biceps"", ""forearms""]"
neck,Weighted Lateral Neck Flexion,data/Weighted-Lateral-Neck-Flexion.gif,13VW2VO,weighted stretch lunge,"[""glutes""]","[""quadriceps"", ""hamstrings"", ""calves""]","[""upper legs""]","[""weighted""]",https://static.exercisedb.dev/media/13VW2VO.gif,50.2,matched,"weighted stretch lunge [""glutes""] [""quadriceps"", ""hamstrings"", ""calves""]"
neck,Weighted Lying Neck Extension,data/Weighted-Lying-Neck-Extension.gif,6MfS53i,dumbbell lying single extension,"[""triceps""]","[""shoulders""]","[""upper arms""]","[""dumbbell""]",https://static.exercisedb.dev/media/6MfS53i.gif,56.0,matched,"dumbbell lying single extension [""triceps""] [""shoulders""]"
neck,Weighted Lying Neck Flexion,data/Weighted-Lying-Neck-Flexion.gif,5WiFcYk,weighted lunge with swing,"[""glutes""]","[""quadriceps"", ""hamstrings"", ""calves""]","[""upper legs""]","[""weighted""]",https://static.exercisedb.dev/media/5WiFcYk.gif,49.23,matched,"weighted lunge with swing [""glutes""] [""quadriceps"", ""hamstrings"", ""calves""]"
neck,Gittleson Shrug,data/Gittleson-Shrug.gif,5bpPTHv,kettlebell pistol squat,"[""glutes""]","[""quadriceps"", ""hamstrings"", ""calves""]","[""upper legs""]","[""kettlebell""]",https://static.exercisedb.dev/media/5bpPTHv.gif,37.89,matched,"kettlebell pistol squat [""glutes""] [""quadriceps"", ""hamstrings"", ""calves""]"
neck,Diagonal Neck Stretch,data/Diagonal-Neck-Stretch.gif,0mB6wHO,runners stretch,"[""hamstrings""]","[""calves"", ""quadriceps""]","[""upper legs""]","[""body weight""]",https://static.exercisedb.dev/media/0mB6wHO.gif,50.91,matched,"runners stretch [""hamstrings""] [""calves"", ""quadriceps""]"
neck,Neck Rotation Stretch,data/Neck-Rotation-Stretch.gif,0mB6wHO,runners stretch,"[""hamstrings""]","[""calves"", ""quadriceps""]","[""upper legs""]","[""body weight""]",https://static.exercisedb.dev/media/0mB6wHO.gif,50.91,matched,"runners stretch [""hamstrings""] [""calves"", ""quadriceps""]"
neck,Neck Flexion Stretch,data/Neck-Flexion-Stretch.gif,2Dk4xQV,rocking frog stretch,"[""glutes""]","[""hamstrings"", ""quadriceps""]","[""upper legs""]","[""body weight""]",https://static.exercisedb.dev/media/2Dk4xQV.gif,52.0,matched,"rocking frog stretch [""glutes""] [""hamstrings"", ""quadriceps""]"
neck,Neck Extension Stretch,data/Neck-Extension-Stretch.gif,4CBIBOM,barbell seated close grip behind neck triceps extension,"[""triceps""]","[""shoulders""]","[""upper arms""]","[""barbell""]",https://static.exercisedb.dev/media/4CBIBOM.gif,62.22,matched,"barbell seated close grip behind neck triceps extension [""triceps""] [""shoulders""]"
neck,Side Neck Stretch,data/Side-Neck-Stretch.gif,0mB6wHO,runners stretch,"[""hamstrings""]","[""calves"", ""quadriceps""]","[""upper legs""]","[""body weight""]",https://static.exercisedb.dev/media/0mB6wHO.gif,55.0,matched,"runners stretch [""hamstrings""] [""calves"", ""quadriceps""]"
neck,Side Push Neck Stretch,data/Side-Push-Neck-Stretch.gif,0mB6wHO,runners stretch,"[""hamstrings""]","[""calves"", ""quadriceps""]","[""upper legs""]","[""body weight""]",https://static.exercisedb.dev/media/0mB6wHO.gif,50.91,matched,"runners stretch [""hamstrings""] [""calves"", ""quadriceps""]"
neck,Front and Back Neck Stretch,data/Front-and-Back-Neck-Stretch.gif,0mB6wHO,runners stretch,"[""hamstrings""]","[""calves"", ""quadriceps""]","[""upper legs""]","[""body weight""]",https://static.exercisedb.dev/media/0mB6wHO.gif,50.91,matched,"runners stretch [""hamstrings""] [""calves"", ""quadriceps""]"
neck,Chin Tuck,data/Chin-Tuck.gif,7OeHptV,assisted standing chin-up,"[""lats""]","[""biceps"", ""forearms""]","[""back""]","[""leverage machine""]",https://static.exercisedb.dev/media/7OeHptV.gif,49.23,matched,"assisted standing chin-up [""lats""] [""biceps"", ""forearms""]"
neck,Prone Cervical Extension,data/Prone-Cervical-Extension.gif,1TVoin7,barbell lying triceps extension double,"[""triceps""]","[""shoulders""]","[""upper arms""]","[""barbell""]",https://static.exercisedb.dev/media/1TVoin7.gif,43.64,matched,"barbell lying triceps extension double [""triceps""] [""shoulders""]"
neck,Kneeling Neck Stretch,data/Kneeling-Neck-Stretch.gif,13VW2VO,weighted stretch lunge,"[""glutes""]","[""quadriceps"", ""hamstrings"", ""calves""]","[""upper legs""]","[""weighted""]",https://static.exercisedb.dev/media/13VW2VO.gif,52.09,matched,"weighted stretch lunge [""glutes""] [""quadriceps"", ""hamstrings"", ""calves""]"
neck,Weighted Neck Harness Extension,data/Weighted-Neck-Harness-Extension.gif,4CBIBOM,barbell seated close grip behind neck triceps extension,"[""triceps""]","[""shoulders""]","[""upper arms""]","[""barbell""]",https://static.exercisedb.dev/media/4CBIBOM.gif,49.78,matched,"barbell seated close grip behind neck triceps extension [""triceps""] [""shoulders""]"
neck,Lying Weighted Neck Flexion,data/Lying-Weighted-Neck-Flexion.gif,5WiFcYk,weighted lunge with swing,"[""glutes""]","[""quadriceps"", ""hamstrings"", ""calves""]","[""upper legs""]","[""weighted""]",https://static.exercisedb.dev/media/5WiFcYk.gif,49.23,matched,"weighted lunge with swing [""glutes""] [""quadriceps"", ""hamstrings"", ""calves""]"
neck,Lying Weighted Neck Extension,data/Lying-Weighted-Neck-Extension.gif,6MfS53i,dumbbell lying single extension,"[""triceps""]","[""shoulders""]","[""upper arms""]","[""dumbbell""]",https://static.exercisedb.dev/media/6MfS53i.gif,56.0,matched,"dumbbell lying single extension [""triceps""] [""shoulders""]"
neck,Lever Neck Right Side Flexion (plate loaded),data/Lever-Neck-Right-Side-Flexion-(plate-loaded).gif,4U7iLb5,lever pullover,"[""lats""]","[""triceps"", ""shoulders""]","[""back""]","[""leverage machine""]",https://static.exercisedb.dev/media/4U7iLb5.gif,42.11,matched,"lever pullover [""lats""] [""triceps"", ""shoulders""]"
neck,Lever Neck Extension (plate loaded),data/Lever-Neck-Extension-(plate-loaded).gif,2IxROQ1,cable overhead triceps extension (rope attachment),"[""triceps""]","[""shoulders""]","[""upper arms""]","[""cable""]",https://static.exercisedb.dev/media/2IxROQ1.gif,47.06,matched,"cable overhead triceps extension (rope attachment) [""triceps""] [""shoulders""]"
neck,Cable Seated Neck Flexion with head harness,data/Cable-Seated-Neck-Flexion-with-head-harness.gif,8oYqOt9,cable seated curl,"[""biceps""]","[""forearms""]","[""upper arms""]","[""cable""]",https://static.exercisedb.dev/media/8oYqOt9.gif,66.21,matched,"cable seated curl [""biceps""] [""forearms""]"
neck,Cable Seated Neck Extension with head harness,data/Cable-Seated-Neck-Extension-with-head-harness.gif,8oYqOt9,cable seated curl,"[""biceps""]","[""forearms""]","[""upper arms""]","[""cable""]",https://static.exercisedb.dev/media/8oYqOt9.gif,66.21,matched,"cable seated curl [""biceps""] [""forearms""]"
neck,Sphinx Stretch,data/Sphinx-Stretch.gif,99rWm7w,hamstring stretch,"[""hamstrings""]","[""glutes""]","[""upper legs""]","[""body weight""]",https://static.exercisedb.dev/media/99rWm7w.gif,56.77,matched,"hamstring stretch [""hamstrings""] [""glutes""]"
neck,Floor Hyperextension,data/Floor-Hyperextension.gif,8urJS9b,weighted hyperextension (on stability ball),"[""spine""]","[""glutes"", ""hamstrings""]","[""back""]","[""weighted""]",https://static.exercisedb.dev/media/8urJS9b.gif,65.88,matched,"weighted hyperextension (on stability ball) [""spine""] [""glutes"", ""hamstrings""]"
neck,Bhujangasana | Cobra Abdominal Stretch,data/Bhujangasana-|-Cobra-Abdominal-Stretch.gif,0mB6wHO,runners stretch,"[""hamstrings""]","[""calves"", ""quadriceps""]","[""upper legs""]","[""body weight""]",https://static.exercisedb.dev/media/0mB6wHO.gif,50.91,matched,"runners stretch [""hamstrings""] [""calves"", ""quadriceps""]"
neck,Fish Pose,data/Fish-Pose.gif,05Cf2v8,impossible dips,"[""triceps""]","[""chest"", ""shoulders""]","[""upper arms""]","[""body weight""]",https://static.exercisedb.dev/media/05Cf2v8.gif,46.67,matched,"impossible dips [""triceps""] [""chest"", ""shoulders""]"
neck,Superman,data/Superman.gif,4GqRrAk,superman push-up,"[""pectorals""]","[""core"", ""shoulders""]","[""chest""]","[""body weight""]",https://static.exercisedb.dev/media/4GqRrAk.gif,80.0,matched,"superman push-up [""pectorals""] [""core"", ""shoulders""]"
trapezius,Overhead Shrug,data/Overhead-Shrug.gif,1xHyxys,cable high pulley overhead tricep extension,"[""triceps""]","[""shoulders""]","[""upper arms""]","[""cable""]",https://static.exercisedb.dev/media/1xHyxys.gif,58.18,matched,"cable high pulley overhead tricep extension [""triceps""] [""shoulders""]"
trapezius,Gittleson Shrug,data/Gittleson-Shrug.gif,5bpPTHv,kettlebell pistol squat,"[""glutes""]","[""quadriceps"", ""hamstrings"", ""calves""]","[""upper legs""]","[""kettlebell""]",https://static.exercisedb.dev/media/5bpPTHv.gif,37.89,matched,"kettlebell pistol squat [""glutes""] [""quadriceps"", ""hamstrings"", ""calves""]"
trapezius,45 Degree Incline Row,data/45-Degree-Incline-Row.gif,7vG5o25,dumbbell incline row,"[""upper back""]","[""biceps"", ""shoulders""]","[""back""]","[""dumbbell""]",https://static.exercisedb.dev/media/7vG5o25.gif,56.77,matched,"dumbbell incline row [""upper back""] [""biceps"", ""shoulders""]"
trapezius,Dumbbell Shrug,data/Dumbbell-Shrug.gif,0IgNjSM,dumbbell standing reverse curl,"[""biceps""]","[""forearms""]","[""upper arms""]","[""dumbbell""]",https://static.exercisedb.dev/media/0IgNjSM.gif,58.18,matched,"dumbbell standing reverse curl [""biceps""] [""forearms""]"
trapezius,Cable Shrug,data/Cable-Shrug.gif,3ZflifB,cable pushdown,"[""triceps""]","[""forearms""]","[""upper arms""]","[""cable""]",https://static.exercisedb.dev/media/3ZflifB.gif,51.2,matched,"cable pushdown [""triceps""] [""forearms""]"
trapezius,Barbell Shrug,data/Barbell-Shrug.gif,4Leypho,barbell skier,"[""delts""]","[""triceps"", ""core""]","[""shoulders""]","[""barbell""]",https://static.exercisedb.dev/media/4Leypho.gif,61.54,matched,"barbell skier [""delts""] [""triceps"", ""core""]"
trapezius,Behind The Back Barbell Shrug,data/Behind-The-Back-Barbell-Shrug.gif,25GPyDY,barbell curl,"[""biceps""]","[""forearms""]","[""upper arms""]","[""barbell""]",https://static.exercisedb.dev/media/25GPyDY.gif,58.95,matched,"barbell curl [""biceps""] [""forearms""]"
trapezius,Dumbbell Incline Shrug,data/Dumbbell-Incline-Shrug.gif,7vG5o25,dumbbell incline row,"[""upper back""]","[""biceps"", ""shoulders""]","[""back""]","[""dumbbell""]",https://static.exercisedb.dev/media/7vG5o25.gif,71.11,matched,"dumbbell incline row [""upper back""] [""biceps"", ""shoulders""]"
trapezius,Prone Incline Shrug,data/Prone-Incline-Shrug.gif,5v7KYld,smith incline bench press,"[""pectorals""]","[""shoulders"", ""triceps""]","[""chest""]","[""smith machine""]",https://static.exercisedb.dev/media/5v7KYld.gif,50.91,matched,"smith incline bench press [""pectorals""] [""shoulders"", ""triceps""]"
trapezius,Lever Shrug,data/Lever-Shrug.gif,17lJ1kr,lever lying leg curl,"[""hamstrings""]","[""calves""]","[""upper legs""]","[""leverage machine""]",https://static.exercisedb.dev/media/17lJ1kr.gif,50.0,matched,"lever lying leg curl [""hamstrings""] [""calves""]"
trapezius,Rear Delt Fly Machine,data/Rear-Delt-Fly-Machine.gif,8DiFDVA,dumbbell rear fly,"[""delts""]","[""trapezius"", ""rhomboids""]","[""shoulders""]","[""dumbbell""]",https://static.exercisedb.dev/media/8DiFDVA.gif,51.2,matched,"dumbbell rear fly [""delts""] [""trapezius"", ""rhomboids""]"
trapezius,Lever Gripless Shrug,data/Lever-Gripless-Shrug.gif,67n3r98,lever shoulder press,"[""delts""]","[""triceps"", ""chest""]","[""shoulders""]","[""leverage machine""]",https://static.exercisedb.dev/media/67n3r98.gif,56.0,matched,"lever shoulder press [""delts""] [""triceps"", ""chest""]"
trapezius,Cable Rear Delt Fly,data/Cable-Rear-Delt-Fly.gif,7saC5zz,cable decline fly,"[""pectorals""]","[""shoulders"", ""triceps""]","[""chest""]","[""cable""]",https://static.exercisedb.dev/media/7saC5zz.gif,62.22,matched,"cable decline fly [""pectorals""] [""shoulders"", ""triceps""]"
trapezius,Bent Over Lateral Raise,data/Bent-Over-Lateral-Raise.gif,53Ttlck,dumbbell lying rear lateral raise,"[""delts""]","[""traps"", ""rhomboids""]","[""shoulders""]","[""dumbbell""]",https://static.exercisedb.dev/media/53Ttlck.gif,57.78,matched,"dumbbell lying rear lateral raise [""delts""] [""traps"", ""rhomboids""]"
trapezius,Cable Upright Row,data/Cable-Upright-Row.gif,1DN3iz4,smith upright row,"[""delts""]","[""traps"", ""biceps""]","[""shoulders""]","[""smith machine""]",https://static.exercisedb.dev/media/1DN3iz4.gif,62.86,matched,"smith upright row [""delts""] [""traps"", ""biceps""]"
trapezius,Face Pull,data/Face-Pull.gif,72BC5Za,archer pull up,"[""lats""]","[""biceps"", ""forearms""]","[""back""]","[""body weight""]",https://static.exercisedb.dev/media/72BC5Za.gif,55.65,matched,"archer pull up [""lats""] [""biceps"", ""forearms""]"
trapezius,Half Kneeling High Cable Row Rope,data/Half-Kneeling-High-Cable-Row-Rope.gif,9fCHfSc,pointed cable palm rotational row,"[""upper back""]","[""biceps"", ""forearms""]","[""back""]","[""cable""]",https://static.exercisedb.dev/media/9fCHfSc.gif,46.06,matched,"pointed cable palm rotational row [""upper back""] [""biceps"", ""forearms""]"
trapezius,Dumbbell Raise,data/Dumbbell-Raise.gif,1kB3Wmk,dumbbell single leg calf raise,"[""calves""]","[""ankles""]","[""lower legs""]","[""dumbbell""]",https://static.exercisedb.dev/media/1kB3Wmk.gif,80.0,matched,"dumbbell single leg calf raise [""calves""] [""ankles""]"
trapezius,Dumbbell Upright Row,data/Dumbbell-Upright-Row.gif,6cKQC5E,dumbbell one arm upright row,"[""delts""]","[""traps"", ""biceps""]","[""shoulders""]","[""dumbbell""]",https://static.exercisedb.dev/media/6cKQC5E.gif,80.0,matched,"dumbbell one arm upright row [""delts""] [""traps"", ""biceps""]"
trapezius,Bodyweight Military Press,data/Bodyweight-Military-Press.gif,5VXmnV5,bodyweight incline side plank,"[""abs""]","[""obliques"", ""shoulders""]","[""waist""]","[""body weight""]",https://static.exercisedb.dev/media/5VXmnV5.gif,50.37,matched,"bodyweight incline side plank [""abs""] [""obliques"", ""shoulders""]"
trapezius,Kneeling High Pulley Row,data/Kneeling-High-Pulley-Row.gif,8ARQ9Hw,kettlebell sumo high pull,"[""traps""]","[""shoulders"", ""glutes"", ""hamstrings""]","[""back""]","[""kettlebell""]",https://static.exercisedb.dev/media/8ARQ9Hw.gif,52.24,matched,"kettlebell sumo high pull [""traps""] [""shoulders"", ""glutes"", ""hamstrings""]"
trapezius,Ez Bar Upright Row,data/Ez-Bar-Upright-Row.gif,1DN3iz4,smith upright row,"[""delts""]","[""traps"", ""biceps""]","[""shoulders""]","[""smith machine""]",https://static.exercisedb.dev/media/1DN3iz4.gif,62.86,matched,"smith upright row [""delts""] [""traps"", ""biceps""]"
trapezius,Band Pull-Apart,data/Band-Pull-Apart.gif,3omWx6P,band alternating biceps curl,"[""biceps""]","[""forearms""]","[""upper arms""]","[""band""]",https://static.exercisedb.dev/media/3omWx6P.gif,44.65,matched,"band alternating biceps curl [""biceps""] [""forearms""]"
trapezius,Bent Over Reverse Cable Fly,data/Bent-Over-Reverse-Cable-Fly.gif,aaxA3cm,smith reverse grip bent over row,"[""upper back""]","[""biceps"", ""forearms""]","[""back""]","[""smith machine""]",https://static.exercisedb.dev/media/aaxA3cm.gif,61.82,matched,"smith reverse grip bent over row [""upper back""] [""biceps"", ""forearms""]"
trapezius,Bent-Over Barbell Reverse Raise,data/Bent-Over-Barbell-Reverse-Raise.gif,25GPyDY,barbell curl,"[""biceps""]","[""forearms""]","[""upper arms""]","[""barbell""]",https://static.exercisedb.dev/media/25GPyDY.gif,58.95,matched,"barbell curl [""biceps""] [""forearms""]"
trapezius,Barbell Rear Delt Raise,data/Barbell-Rear-Delt-Raise.gif,25GPyDY,barbell curl,"[""biceps""]","[""forearms""]","[""upper arms""]","[""barbell""]",https://static.exercisedb.dev/media/25GPyDY.gif,58.95,matched,"barbell curl [""biceps""] [""forearms""]"
trapezius,Smith Machine Shrug,data/Smith-Machine-Shrug.gif,7WcQgkm,smith machine incline tricep extension - straight variation,"[""triceps""]","[""shoulders""]","[""upper arms""]","[""smith machine""]",https://static.exercisedb.dev/media/7WcQgkm.gif,65.0,matched,"smith machine incline tricep extension - straight variation [""triceps""] [""shoulders""]"
trapezius,Incline Dumbbell Reverse Fly,data/Incline-Dumbbell-Reverse-Fly.gif,9pQSkH8,dumbbell reverse grip incline bench two arm row,"[""upper back""]","[""biceps"", ""forearms""]","[""back""]","[""dumbbell""]",https://static.exercisedb.dev/media/9pQSkH8.gif,73.85,matched,"dumbbell reverse grip incline bench two arm row [""upper back""] [""biceps"", ""forearms""]"
trapezius,Incline Dumbbell Y-Raise,data/Incline-Dumbbell-Y-Raise.gif,6e2DcYX,dumbbell incline shoulder raise,"[""serratus anterior""]","[""deltoids"", ""trapezius""]","[""chest""]","[""dumbbell""]",https://static.exercisedb.dev/media/6e2DcYX.gif,76.52,matched,"dumbbell incline shoulder raise [""serratus anterior""] [""deltoids"", ""trapezius""]"
trapezius,Dumbbell Incline T-Raise,data/Dumbbell-Incline-T-Raise.gif,6e2DcYX,dumbbell incline shoulder raise,"[""serratus anterior""]","[""deltoids"", ""trapezius""]","[""chest""]","[""dumbbell""]",https://static.exercisedb.dev/media/6e2DcYX.gif,76.52,matched,"dumbbell incline shoulder raise [""serratus anterior""] [""deltoids"", ""trapezius""]"
trapezius,Swimming,data/Swimming.gif,9ZGZuOD,incline twisting sit-up,"[""abs""]","[""obliques""]","[""waist""]","[""body weight""]",https://static.exercisedb.dev/media/9ZGZuOD.gif,30.97,matched,"incline twisting sit-up [""abs""] [""obliques""]"
trapezius,Bent Over Rear Delt Fly | Gymstick,data/Bent-Over-Rear-Delt-Fly-|-Gymstick.gif,8DiFDVA,dumbbell rear fly,"[""delts""]","[""trapezius"", ""rhomboids""]","[""shoulders""]","[""dumbbell""]",https://static.exercisedb.dev/media/8DiFDVA.gif,51.2,matched,"dumbbell rear fly [""delts""] [""trapezius"", ""rhomboids""]"
trapezius,Scapular Protraction and Retraction,data/Scapular-Protraction-and-Retraction.gif,9gbyYKk,band seated hip internal rotation,"[""glutes""]","[""hamstrings"", ""quadriceps""]","[""upper legs""]","[""band""]",https://static.exercisedb.dev/media/9gbyYKk.gif,44.71,matched,"band seated hip internal rotation [""glutes""] [""hamstrings"", ""quadriceps""]"
trapezius,Cross Cable Face Pull,data/Cross-Cable-Face-Pull.gif,0CXGHya,cable cross-over variation,"[""pectorals""]","[""deltoids"", ""triceps""]","[""chest""]","[""cable""]",https://static.exercisedb.dev/media/0CXGHya.gif,55.0,matched,"cable cross-over variation [""pectorals""] [""deltoids"", ""triceps""]"
trapezius,Elbow Reverse Push-Up,data/Elbow-Reverse-Push-Up.gif,A9qxk2F,archer push up,"[""pectorals""]","[""triceps"", ""shoulders"", ""core""]","[""chest""]","[""body weight""]",https://static.exercisedb.dev/media/A9qxk2F.gif,53.33,matched,"archer push up [""pectorals""] [""triceps"", ""shoulders"", ""core""]"
trapezius,Scapula Dips,data/Scapula-Dips.gif,7xeukSt,scapula dips,"[""traps""]","[""rhomboids"", ""deltoids""]","[""back""]","[""body weight""]",https://static.exercisedb.dev/media/7xeukSt.gif,80.0,matched,"scapula dips [""traps""] [""rhomboids"", ""deltoids""]"
trapezius,Push-Up Plus,data/Push-Up-Plus.gif,0br45wL,push-up inside leg kick,"[""glutes""]","[""quadriceps"", ""hamstrings"", ""calves"", ""core""]","[""upper legs""]","[""body weight""]",https://static.exercisedb.dev/media/0br45wL.gif,58.95,matched,"push-up inside leg kick [""glutes""] [""quadriceps"", ""hamstrings"", ""calves"", ""core""]"
trapezius,Seated Ballerina Exercise,data/Seated-Ballerina-Exercise.gif,7ePTw4B,exercise ball seated triceps stretch,"[""triceps""]","[""shoulders""]","[""upper arms""]","[""stability ball""]",https://static.exercisedb.dev/media/7ePTw4B.gif,60.33,matched,"exercise ball seated triceps stretch [""triceps""] [""shoulders""]"
trapezius,Seated Scapular Retraction Exercise,data/Seated-Scapular-Retraction-Exercise.gif,7ePTw4B,exercise ball seated triceps stretch,"[""triceps""]","[""shoulders""]","[""upper arms""]","[""stability ball""]",https://static.exercisedb.dev/media/7ePTw4B.gif,54.08,matched,"exercise ball seated triceps stretch [""triceps""] [""shoulders""]"
trapezius,Foam Roller Rhomboids,data/Foam-Roller-Rhomboids.gif,7M66AVi,barbell rollerout,"[""abs""]","[""lower back""]","[""waist""]","[""barbell""]",https://static.exercisedb.dev/media/7M66AVi.gif,42.11,matched,"barbell rollerout [""abs""] [""lower back""]"
trapezius,Foam Roller Upper Back,data/Foam-Roller-Upper-Back.gif,7M66AVi,barbell rollerout,"[""abs""]","[""lower back""]","[""waist""]","[""barbell""]",https://static.exercisedb.dev/media/7M66AVi.gif,41.03,matched,"barbell rollerout [""abs""] [""lower back""]"
trapezius,Scapula Pull-up,data/Scapula-Pull-up.gif,7xeukSt,scapula dips,"[""traps""]","[""rhomboids"", ""deltoids""]","[""back""]","[""body weight""]",https://static.exercisedb.dev/media/7xeukSt.gif,58.95,matched,"scapula dips [""traps""] [""rhomboids"", ""deltoids""]"
trapezius,Serratus Wall Slide With Foam Roller,data/Serratus-Wall-Slide-With-Foam-Roller.gif,A3P4O0R,cable seated row with reverse,"[""upper back""]","[""biceps"", ""forearms""]","[""back""]","[""cable""]",https://static.exercisedb.dev/media/A3P4O0R.gif,41.85,matched,"cable seated row with reverse [""upper back""] [""biceps"", ""forearms""]"
trapezius,Dip Shrugs (Serratus Shrugs),data/Dip-Shrugs-(Serratus-Shrugs).gif,9WTm7dq,chest dip,"[""pectorals""]","[""triceps"", ""shoulders""]","[""chest""]","[""body weight""]",https://static.exercisedb.dev/media/9WTm7dq.gif,40.0,matched,"chest dip [""pectorals""] [""triceps"", ""shoulders""]"
trapezius,Wide Grip Barbell Bent Over Row Plus,data/Wide-Grip-Barbell-Bent-Over-Row-Plus.gif,25GPyDY,barbell curl,"[""biceps""]","[""forearms""]","[""upper arms""]","[""barbell""]",https://static.exercisedb.dev/media/25GPyDY.gif,58.95,matched,"barbell curl [""biceps""] [""forearms""]"
trapezius,Wide Grip Alternate Barbell Bent Over Row Plus,data/Wide-Grip-Alternate-Barbell-Bent-Over-Row-Plus.gif,25GPyDY,barbell curl,"[""biceps""]","[""forearms""]","[""upper arms""]","[""barbell""]",https://static.exercisedb.dev/media/25GPyDY.gif,58.95,matched,"barbell curl [""biceps""] [""forearms""]"
trapezius,One-Arm Dumbbell Upright Row,data/One-Arm-Dumbbell-Upright-Row.gif,6cKQC5E,dumbbell one arm upright row,"[""delts""]","[""traps"", ""biceps""]","[""shoulders""]","[""dumbbell""]",https://static.exercisedb.dev/media/6cKQC5E.gif,80.0,matched,"dumbbell one arm upright row [""delts""] [""traps"", ""biceps""]"
trapezius,Cable Y Raise,data/Cable-Y-Raise.gif,2ORFMoR,hack calf raise,"[""calves""]","[""hamstrings"", ""glutes""]","[""lower legs""]","[""sled machine""]",https://static.exercisedb.dev/media/2ORFMoR.gif,57.14,matched,"hack calf raise [""calves""] [""hamstrings"", ""glutes""]"
trapezius,Barbell Upright Row,data/Barbell-Upright-Row.gif,1oE78pm,core barbell upright row v. 2,"[""delts""]","[""traps"", ""biceps""]","[""shoulders""]","[""barbell""]",https://static.exercisedb.dev/media/1oE78pm.gif,80.0,matched,"core barbell upright row v. 2 [""delts""] [""traps"", ""biceps""]"
trapezius,Resistance Band Bent Over Rear Delt Fly,data/Resistance-Band-Bent-Over-Rear-Delt-Fly.gif,8DiFDVA,dumbbell rear fly,"[""delts""]","[""trapezius"", ""rhomboids""]","[""shoulders""]","[""dumbbell""]",https://static.exercisedb.dev/media/8DiFDVA.gif,51.2,matched,"dumbbell rear fly [""delts""] [""trapezius"", ""rhomboids""]"
trapezius,Resistance Band Pull Apart,data/Resistance-Band-Pull-Apart.gif,0xDpB4L,resistance band seated hip abduction,"[""abductors""]","[""glutes"", ""hamstrings""]","[""upper legs""]","[""resistance band""]",https://static.exercisedb.dev/media/0xDpB4L.gif,58.54,matched,"resistance band seated hip abduction [""abductors""] [""glutes"", ""hamstrings""]"
trapezius,Single Arm Upright Row | Gymstick,data/Single-Arm-Upright-Row-|-Gymstick.gif,1DN3iz4,smith upright row,"[""delts""]","[""traps"", ""biceps""]","[""shoulders""]","[""smith machine""]",https://static.exercisedb.dev/media/1DN3iz4.gif,62.86,matched,"smith upright row [""delts""] [""traps"", ""biceps""]"
trapezius,Face Pull With Resistance Band,data/Face-Pull-With-Resistance-Band.gif,4x5Okof,resistance band seated chest press,"[""pectorals""]","[""shoulders"", ""triceps""]","[""chest""]","[""resistance band""]",https://static.exercisedb.dev/media/4x5Okof.gif,55.0,matched,"resistance band seated chest press [""pectorals""] [""shoulders"", ""triceps""]"
shoulders,One Arm Medicine Ball Slam,data/One-Arm-Medicine-Ball-Slam.gif,aDoFKrE,medicine ball chest pass,"[""pectorals""]","[""shoulders"", ""triceps""]","[""chest""]","[""medicine ball""]",https://static.exercisedb.dev/media/aDoFKrE.gif,56.22,matched,"medicine ball chest pass [""pectorals""] [""shoulders"", ""triceps""]"
shoulders,Seated Barbell Shoulder Press,data/Seated-Barbell-Shoulder-Press.gif,67n3r98,lever shoulder press,"[""delts""]","[""triceps"", ""chest""]","[""shoulders""]","[""leverage machine""]",https://static.exercisedb.dev/media/67n3r98.gif,65.88,matched,"lever shoulder press [""delts""] [""triceps"", ""chest""]"
shoulders,Medicine Ball Overhead Throw,data/Medicine-Ball-Overhead-Throw.gif,aDoFKrE,medicine ball chest pass,"[""pectorals""]","[""shoulders"", ""triceps""]","[""chest""]","[""medicine ball""]",https://static.exercisedb.dev/media/aDoFKrE.gif,56.22,matched,"medicine ball chest pass [""pectorals""] [""shoulders"", ""triceps""]"
shoulders,Dumbbell Push Press,data/Dumbbell-Push-Press.gif,1qrWgZ2,dumbbell decline hammer press,"[""pectorals""]","[""triceps"", ""shoulders""]","[""chest""]","[""dumbbell""]",https://static.exercisedb.dev/media/1qrWgZ2.gif,67.88,matched,"dumbbell decline hammer press [""pectorals""] [""triceps"", ""shoulders""]"
shoulders,Standing Dumbbell Shoulder Press,data/Standing-Dumbbell-Shoulder-Press.gif,84RyJf8,dumbbell one arm shoulder press,"[""delts""]","[""triceps"", ""upper back""]","[""shoulders""]","[""dumbbell""]",https://static.exercisedb.dev/media/84RyJf8.gif,68.15,matched,"dumbbell one arm shoulder press [""delts""] [""triceps"", ""upper back""]"
shoulders,Arm Scissors,data/Arm-Scissors.gif,4Leypho,barbell skier,"[""delts""]","[""triceps"", ""core""]","[""shoulders""]","[""barbell""]",https://static.exercisedb.dev/media/4Leypho.gif,38.4,matched,"barbell skier [""delts""] [""triceps"", ""core""]"
shoulders,Side Arm Raises,data/Side-Arm-Raises.gif,2DxtqHL,barbell one arm side deadlift,"[""glutes""]","[""hamstrings"", ""quadriceps"", ""lower back""]","[""upper legs""]","[""barbell""]",https://static.exercisedb.dev/media/2DxtqHL.gif,55.65,matched,"barbell one arm side deadlift [""glutes""] [""hamstrings"", ""quadriceps"", ""lower back""]"
shoulders,Arm Circles,data/Arm-Circles.gif,2zNKRUB,wrist circles,"[""forearms""]","[""hands"", ""wrists""]","[""lower arms""]","[""body weight""]",https://static.exercisedb.dev/media/2zNKRUB.gif,62.22,matched,"wrist circles [""forearms""] [""hands"", ""wrists""]"
shoulders,Dumbbell Lateral Raise,data/Dumbbell-Lateral-Raise.gif,53Ttlck,dumbbell lying rear lateral raise,"[""delts""]","[""traps"", ""rhomboids""]","[""shoulders""]","[""dumbbell""]",https://static.exercisedb.dev/media/53Ttlck.gif,80.0,matched,"dumbbell lying rear lateral raise [""delts""] [""traps"", ""rhomboids""]"
shoulders,Dumbbell Shoulder Press,data/Dumbbell-Shoulder-Press.gif,1TkiAFK,dumbbell one arm shoulder press v. 2,"[""delts""]","[""triceps"", ""upper back""]","[""shoulders""]","[""dumbbell""]",https://static.exercisedb.dev/media/1TkiAFK.gif,80.0,matched,"dumbbell one arm shoulder press v. 2 [""delts""] [""triceps"", ""upper back""]"
shoulders,Smith Machine Behind Neck Press,data/Smith-Machine-Behind-Neck-Press.gif,7zdxRTl,smith leg press,"[""glutes""]","[""quadriceps"", ""hamstrings"", ""calves""]","[""upper legs""]","[""smith machine""]",https://static.exercisedb.dev/media/7zdxRTl.gif,67.69,matched,"smith leg press [""glutes""] [""quadriceps"", ""hamstrings"", ""calves""]"
shoulders,Smith Machine Shoulder Press,data/Smith-Machine-Shoulder-Press.gif,903mzG8,smith shoulder press,"[""delts""]","[""triceps"", ""upper back""]","[""shoulders""]","[""smith machine""]",https://static.exercisedb.dev/media/903mzG8.gif,80.0,matched,"smith shoulder press [""delts""] [""triceps"", ""upper back""]"
shoulders,Cable Lateral Raise,data/Cable-Lateral-Raise.gif,4c9BhzB,cable lateral pulldown with v-bar,"[""lats""]","[""biceps"", ""forearms""]","[""back""]","[""cable""]",https://static.exercisedb.dev/media/4c9BhzB.gif,65.0,matched,"cable lateral pulldown with v-bar [""lats""] [""biceps"", ""forearms""]"
shoulders,45 Degree Incline Row,data/45-Degree-Incline-Row.gif,7vG5o25,dumbbell incline row,"[""upper back""]","[""biceps"", ""shoulders""]","[""back""]","[""dumbbell""]",https://static.exercisedb.dev/media/7vG5o25.gif,56.77,matched,"dumbbell incline row [""upper back""] [""biceps"", ""shoulders""]"
shoulders,Lever Shoulder Press,data/Lever-Shoulder-Press.gif,2KGnL6M,lever one arm shoulder press,"[""delts""]","[""triceps"", ""upper back""]","[""shoulders""]","[""leverage machine""]",https://static.exercisedb.dev/media/2KGnL6M.gif,80.0,matched,"lever one arm shoulder press [""delts""] [""triceps"", ""upper back""]"
shoulders,Standing Close Grip Military Press,data/Standing-Close-Grip-Military-Press.gif,7jGOBF3,dumbbell close grip press,"[""triceps""]","[""chest"", ""shoulders""]","[""upper arms""]","[""dumbbell""]",https://static.exercisedb.dev/media/7jGOBF3.gif,62.44,matched,"dumbbell close grip press [""triceps""] [""chest"", ""shoulders""]"
shoulders,Barbell Military Press (Overhead press),data/Barbell-Military-Press-(Overhead-press).gif,25GPyDY,barbell curl,"[""biceps""]","[""forearms""]","[""upper arms""]","[""barbell""]",https://static.exercisedb.dev/media/25GPyDY.gif,58.95,matched,"barbell curl [""biceps""] [""forearms""]"
shoulders,Dumbbell Chest Supported Lateral Raises,data/Dumbbell-Chest-Supported-Lateral-Raises.gif,7Hg55JG,dumbbell clean,"[""glutes""]","[""hamstrings"", ""quadriceps"", ""calves""]","[""upper legs""]","[""dumbbell""]",https://static.exercisedb.dev/media/7Hg55JG.gif,58.18,matched,"dumbbell clean [""glutes""] [""hamstrings"", ""quadriceps"", ""calves""]"
shoulders,Dumbbell 6 Way Raise,data/Dumbbell-6-Way-Raise.gif,1kB3Wmk,dumbbell single leg calf raise,"[""calves""]","[""ankles""]","[""lower legs""]","[""dumbbell""]",https://static.exercisedb.dev/media/1kB3Wmk.gif,65.88,matched,"dumbbell single leg calf raise [""calves""] [""ankles""]"
shoulders,Dumbbell 4 Way Lateral Raise,data/Dumbbell-4-Way-Lateral-Raise.gif,53Ttlck,dumbbell lying rear lateral raise,"[""delts""]","[""traps"", ""rhomboids""]","[""shoulders""]","[""dumbbell""]",https://static.exercisedb.dev/media/53Ttlck.gif,70.4,matched,"dumbbell lying rear lateral raise [""delts""] [""traps"", ""rhomboids""]"
shoulders,Alternating Dumbbell Front Raise,data/Alternating-Dumbbell-Front-Raise.gif,3eGE2JC,dumbbell front raise,"[""delts""]","[""biceps"", ""trapezius""]","[""shoulders""]","[""dumbbell""]",https://static.exercisedb.dev/media/3eGE2JC.gif,80.0,matched,"dumbbell front raise [""delts""] [""biceps"", ""trapezius""]"
shoulders,Two Arm Cable Front Raise,data/Two-Arm-Cable-Front-Raise.gif,3eGE2JC,dumbbell front raise,"[""delts""]","[""biceps"", ""trapezius""]","[""shoulders""]","[""dumbbell""]",https://static.exercisedb.dev/media/3eGE2JC.gif,56.77,matched,"dumbbell front raise [""delts""] [""biceps"", ""trapezius""]"
shoulders,Two Arm Dumbbell Front Raise,data/Two-Arm-Dumbbell-Front-Raise.gif,3eGE2JC,dumbbell front raise,"[""delts""]","[""biceps"", ""trapezius""]","[""shoulders""]","[""dumbbell""]",https://static.exercisedb.dev/media/3eGE2JC.gif,80.0,matched,"dumbbell front raise [""delts""] [""biceps"", ""trapezius""]"
shoulders,Dumbbell Front Raise,data/Dumbbell-Front-Raise.gif,3eGE2JC,dumbbell front raise,"[""delts""]","[""biceps"", ""trapezius""]","[""shoulders""]","[""dumbbell""]",https://static.exercisedb.dev/media/3eGE2JC.gif,80.0,matched,"dumbbell front raise [""delts""] [""biceps"", ""trapezius""]"
shoulders,Cable Front Raise,data/Cable-Front-Raise.gif,33AzZeV,barbell front raise and pullover,"[""pectorals""]","[""deltoids"", ""triceps""]","[""chest""]","[""barbell""]",https://static.exercisedb.dev/media/33AzZeV.gif,62.86,matched,"barbell front raise and pullover [""pectorals""] [""deltoids"", ""triceps""]"
shoulders,Leaning Single Arm Dumbbell Lateral Raise,data/Leaning-Single-Arm-Dumbbell-Lateral-Raise.gif,1kB3Wmk,dumbbell single leg calf raise,"[""calves""]","[""ankles""]","[""lower legs""]","[""dumbbell""]",https://static.exercisedb.dev/media/1kB3Wmk.gif,65.88,matched,"dumbbell single leg calf raise [""calves""] [""ankles""]"
shoulders,Seated Behind Neck Press,data/Seated-Behind-Neck-Press.gif,4CBIBOM,barbell seated close grip behind neck triceps extension,"[""triceps""]","[""shoulders""]","[""upper arms""]","[""barbell""]",https://static.exercisedb.dev/media/4CBIBOM.gif,68.57,matched,"barbell seated close grip behind neck triceps extension [""triceps""] [""shoulders""]"
shoulders,Rear Delt Fly Machine,data/Rear-Delt-Fly-Machine.gif,8DiFDVA,dumbbell rear fly,"[""delts""]","[""trapezius"", ""rhomboids""]","[""shoulders""]","[""dumbbell""]",https://static.exercisedb.dev/media/8DiFDVA.gif,51.2,matched,"dumbbell rear fly [""delts""] [""trapezius"", ""rhomboids""]"
shoulders,Seated Rear Lateral Dumbbell Raise,data/Seated-Rear-Lateral-Dumbbell-Raise.gif,53Ttlck,dumbbell lying rear lateral raise,"[""delts""]","[""traps"", ""rhomboids""]","[""shoulders""]","[""dumbbell""]",https://static.exercisedb.dev/media/53Ttlck.gif,72.0,matched,"dumbbell lying rear lateral raise [""delts""] [""traps"", ""rhomboids""]"
shoulders,Half Arnold Press,data/Half-Arnold-Press.gif,9pa4H5m,band horizontal pallof press,"[""abs""]","[""obliques"", ""glutes""]","[""waist""]","[""band""]",https://static.exercisedb.dev/media/9pa4H5m.gif,49.78,matched,"band horizontal pallof press [""abs""] [""obliques"", ""glutes""]"
shoulders,Arnold Press,data/Arnold-Press.gif,67n3r98,lever shoulder press,"[""delts""]","[""triceps"", ""chest""]","[""shoulders""]","[""leverage machine""]",https://static.exercisedb.dev/media/67n3r98.gif,50.0,matched,"lever shoulder press [""delts""] [""triceps"", ""chest""]"
shoulders,Seated Dumbbell Lateral Raise,data/Seated-Dumbbell-Lateral-Raise.gif,53Ttlck,dumbbell lying rear lateral raise,"[""delts""]","[""traps"", ""rhomboids""]","[""shoulders""]","[""dumbbell""]",https://static.exercisedb.dev/media/53Ttlck.gif,69.02,matched,"dumbbell lying rear lateral raise [""delts""] [""traps"", ""rhomboids""]"
shoulders,Cable Rear Delt Fly,data/Cable-Rear-Delt-Fly.gif,7saC5zz,cable decline fly,"[""pectorals""]","[""shoulders"", ""triceps""]","[""chest""]","[""cable""]",https://static.exercisedb.dev/media/7saC5zz.gif,62.22,matched,"cable decline fly [""pectorals""] [""shoulders"", ""triceps""]"
shoulders,Bent Over Lateral Raise,data/Bent-Over-Lateral-Raise.gif,53Ttlck,dumbbell lying rear lateral raise,"[""delts""]","[""traps"", ""rhomboids""]","[""shoulders""]","[""dumbbell""]",https://static.exercisedb.dev/media/53Ttlck.gif,57.78,matched,"dumbbell lying rear lateral raise [""delts""] [""traps"", ""rhomboids""]"
shoulders,Bent Arm Lateral Raise,data/Bent-Arm-Lateral-Raise.gif,53Ttlck,dumbbell lying rear lateral raise,"[""delts""]","[""traps"", ""rhomboids""]","[""shoulders""]","[""dumbbell""]",https://static.exercisedb.dev/media/53Ttlck.gif,59.43,matched,"dumbbell lying rear lateral raise [""delts""] [""traps"", ""rhomboids""]"
shoulders,Cable Upright Row,data/Cable-Upright-Row.gif,1DN3iz4,smith upright row,"[""delts""]","[""traps"", ""biceps""]","[""shoulders""]","[""smith machine""]",https://static.exercisedb.dev/media/1DN3iz4.gif,62.86,matched,"smith upright row [""delts""] [""traps"", ""biceps""]"
shoulders,Face Pull,data/Face-Pull.gif,72BC5Za,archer pull up,"[""lats""]","[""biceps"", ""forearms""]","[""back""]","[""body weight""]",https://static.exercisedb.dev/media/72BC5Za.gif,55.65,matched,"archer pull up [""lats""] [""biceps"", ""forearms""]"
shoulders,Half Kneeling High Cable Row Rope,data/Half-Kneeling-High-Cable-Row-Rope.gif,9fCHfSc,pointed cable palm rotational row,"[""upper back""]","[""biceps"", ""forearms""]","[""back""]","[""cable""]",https://static.exercisedb.dev/media/9fCHfSc.gif,46.06,matched,"pointed cable palm rotational row [""upper back""] [""biceps"", ""forearms""]"
shoulders,Leaning Cable Lateral Raise,data/Leaning-Cable-Lateral-Raise.gif,53Ttlck,dumbbell lying rear lateral raise,"[""delts""]","[""traps"", ""rhomboids""]","[""shoulders""]","[""dumbbell""]",https://static.exercisedb.dev/media/53Ttlck.gif,56.0,matched,"dumbbell lying rear lateral raise [""delts""] [""traps"", ""rhomboids""]"
shoulders,Dumbbell Raise,data/Dumbbell-Raise.gif,1kB3Wmk,dumbbell single leg calf raise,"[""calves""]","[""ankles""]","[""lower legs""]","[""dumbbell""]",https://static.exercisedb.dev/media/1kB3Wmk.gif,80.0,matched,"dumbbell single leg calf raise [""calves""] [""ankles""]"
shoulders,Dumbbell Upright Row,data/Dumbbell-Upright-Row.gif,6cKQC5E,dumbbell one arm upright row,"[""delts""]","[""traps"", ""biceps""]","[""shoulders""]","[""dumbbell""]",https://static.exercisedb.dev/media/6cKQC5E.gif,80.0,matched,"dumbbell one arm upright row [""delts""] [""traps"", ""biceps""]"
shoulders,Bodyweight Military Press,data/Bodyweight-Military-Press.gif,5VXmnV5,bodyweight incline side plank,"[""abs""]","[""obliques"", ""shoulders""]","[""waist""]","[""body weight""]",https://static.exercisedb.dev/media/5VXmnV5.gif,50.37,matched,"bodyweight incline side plank [""abs""] [""obliques"", ""shoulders""]"
shoulders,Push Press,data/Push-Press.gif,0dCyly0,barbell seated bradford rocky press,"[""delts""]","[""triceps"", ""upper back""]","[""shoulders""]","[""barbell""]",https://static.exercisedb.dev/media/0dCyly0.gif,53.33,matched,"barbell seated bradford rocky press [""delts""] [""triceps"", ""upper back""]"
shoulders,Ez Bar Upright Row,data/Ez-Bar-Upright-Row.gif,1DN3iz4,smith upright row,"[""delts""]","[""traps"", ""biceps""]","[""shoulders""]","[""smith machine""]",https://static.exercisedb.dev/media/1DN3iz4.gif,62.86,matched,"smith upright row [""delts""] [""traps"", ""biceps""]"
shoulders,Dumbbell Lying One-Arm Rear Lateral Raise,data/Dumbbell-Lying-One-Arm-Rear-Lateral-Raise.gif,53Ttlck,dumbbell lying rear lateral raise,"[""delts""]","[""traps"", ""rhomboids""]","[""shoulders""]","[""dumbbell""]",https://static.exercisedb.dev/media/53Ttlck.gif,80.0,matched,"dumbbell lying rear lateral raise [""delts""] [""traps"", ""rhomboids""]"
shoulders,Lateral Raise Machine,data/Lateral-Raise-Machine.gif,53Ttlck,dumbbell lying rear lateral raise,"[""delts""]","[""traps"", ""rhomboids""]","[""shoulders""]","[""dumbbell""]",https://static.exercisedb.dev/media/53Ttlck.gif,61.18,matched,"dumbbell lying rear lateral raise [""delts""] [""traps"", ""rhomboids""]"
shoulders,Scott Press,data/Scott-Press.gif,5vfAI0I,dumbbell scott press,"[""delts""]","[""triceps"", ""chest""]","[""shoulders""]","[""dumbbell""]",https://static.exercisedb.dev/media/5vfAI0I.gif,80.0,matched,"dumbbell scott press [""delts""] [""triceps"", ""chest""]"
shoulders,Band Pull-Apart,data/Band-Pull-Apart.gif,3omWx6P,band alternating biceps curl,"[""biceps""]","[""forearms""]","[""upper arms""]","[""band""]",https://static.exercisedb.dev/media/3omWx6P.gif,44.65,matched,"band alternating biceps curl [""biceps""] [""forearms""]"
shoulders,Bent Over Reverse Cable Fly,data/Bent-Over-Reverse-Cable-Fly.gif,aaxA3cm,smith reverse grip bent over row,"[""upper back""]","[""biceps"", ""forearms""]","[""back""]","[""smith machine""]",https://static.exercisedb.dev/media/aaxA3cm.gif,61.82,matched,"smith reverse grip bent over row [""upper back""] [""biceps"", ""forearms""]"
shoulders,Bent-Over Barbell Reverse Raise,data/Bent-Over-Barbell-Reverse-Raise.gif,25GPyDY,barbell curl,"[""biceps""]","[""forearms""]","[""upper arms""]","[""barbell""]",https://static.exercisedb.dev/media/25GPyDY.gif,58.95,matched,"barbell curl [""biceps""] [""forearms""]"
shoulders,Weighted Round Arm,data/Weighted-Round-Arm.gif,0lQnxMZ,weighted sissy squat,"[""quads""]","[""glutes"", ""hamstrings"", ""calves""]","[""upper legs""]","[""weighted""]",https://static.exercisedb.dev/media/0lQnxMZ.gif,49.23,matched,"weighted sissy squat [""quads""] [""glutes"", ""hamstrings"", ""calves""]"
shoulders,Weight Plate Front Raise,data/Weight-Plate-Front-Raise.gif,3eGE2JC,dumbbell front raise,"[""delts""]","[""biceps"", ""trapezius""]","[""shoulders""]","[""dumbbell""]",https://static.exercisedb.dev/media/3eGE2JC.gif,56.77,matched,"dumbbell front raise [""delts""] [""biceps"", ""trapezius""]"
shoulders,Two Arm Cable Lateral Raise,data/Two-Arm-Cable-Lateral-Raise.gif,4c9BhzB,cable lateral pulldown with v-bar,"[""lats""]","[""biceps"", ""forearms""]","[""back""]","[""cable""]",https://static.exercisedb.dev/media/4c9BhzB.gif,52.0,matched,"cable lateral pulldown with v-bar [""lats""] [""biceps"", ""forearms""]"
shoulders,Landmine Squat to Press,data/Landmine-Squat-to-Press.gif,75Bgtjy,potty squat,"[""abs""]","[""quadriceps"", ""glutes""]","[""waist""]","[""body weight""]",https://static.exercisedb.dev/media/75Bgtjy.gif,50.0,matched,"potty squat [""abs""] [""quadriceps"", ""glutes""]"
shoulders,Cable Shoulder Press,data/Cable-Shoulder-Press.gif,67n3r98,lever shoulder press,"[""delts""]","[""triceps"", ""chest""]","[""shoulders""]","[""leverage machine""]",https://static.exercisedb.dev/media/67n3r98.gif,68.0,matched,"lever shoulder press [""delts""] [""triceps"", ""chest""]"
shoulders,Barbell Rear Delt Raise,data/Barbell-Rear-Delt-Raise.gif,25GPyDY,barbell curl,"[""biceps""]","[""forearms""]","[""upper arms""]","[""barbell""]",https://static.exercisedb.dev/media/25GPyDY.gif,58.95,matched,"barbell curl [""biceps""] [""forearms""]"
shoulders,Double Cable Front Raise,data/Double-Cable-Front-Raise.gif,3eGE2JC,dumbbell front raise,"[""delts""]","[""biceps"", ""trapezius""]","[""shoulders""]","[""dumbbell""]",https://static.exercisedb.dev/media/3eGE2JC.gif,58.18,matched,"dumbbell front raise [""delts""] [""biceps"", ""trapezius""]"
shoulders,Standing Smith Machine Shoulder Press,data/Standing-Smith-Machine-Shoulder-Press.gif,903mzG8,smith shoulder press,"[""delts""]","[""triceps"", ""upper back""]","[""shoulders""]","[""smith machine""]",https://static.exercisedb.dev/media/903mzG8.gif,80.0,matched,"smith shoulder press [""delts""] [""triceps"", ""upper back""]"
shoulders,Dumbbell W Press,data/Dumbbell-W-Press.gif,1qrWgZ2,dumbbell decline hammer press,"[""pectorals""]","[""triceps"", ""shoulders""]","[""chest""]","[""dumbbell""]",https://static.exercisedb.dev/media/1qrWgZ2.gif,74.67,matched,"dumbbell decline hammer press [""pectorals""] [""triceps"", ""shoulders""]"
shoulders,Dumbbell One Arm Shoulder Press,data/Dumbbell-One-Arm-Shoulder-Press.gif,1TkiAFK,dumbbell one arm shoulder press v. 2,"[""delts""]","[""triceps"", ""upper back""]","[""shoulders""]","[""dumbbell""]",https://static.exercisedb.dev/media/1TkiAFK.gif,80.0,matched,"dumbbell one arm shoulder press v. 2 [""delts""] [""triceps"", ""upper back""]"
shoulders,Dumbbell Scaption,data/Dumbbell-Scaption.gif,7Hg55JG,dumbbell clean,"[""glutes""]","[""hamstrings"", ""quadriceps"", ""calves""]","[""upper legs""]","[""dumbbell""]",https://static.exercisedb.dev/media/7Hg55JG.gif,61.94,matched,"dumbbell clean [""glutes""] [""hamstrings"", ""quadriceps"", ""calves""]"
shoulders,Barbell Clean and Press,data/Barbell-Clean-and-Press.gif,3TZduzM,barbell incline bench press,"[""pectorals""]","[""shoulders"", ""triceps""]","[""chest""]","[""barbell""]",https://static.exercisedb.dev/media/3TZduzM.gif,60.8,matched,"barbell incline bench press [""pectorals""] [""shoulders"", ""triceps""]"
shoulders,Dumbbell Cuban Press,data/Dumbbell-Cuban-Press.gif,1qrWgZ2,dumbbell decline hammer press,"[""pectorals""]","[""triceps"", ""shoulders""]","[""chest""]","[""dumbbell""]",https://static.exercisedb.dev/media/1qrWgZ2.gif,65.88,matched,"dumbbell decline hammer press [""pectorals""] [""triceps"", ""shoulders""]"
shoulders,Dumbbell Cuban External Rotation,data/Dumbbell-Cuban-External-Rotation.gif,7Hg55JG,dumbbell clean,"[""glutes""]","[""hamstrings"", ""quadriceps"", ""calves""]","[""upper legs""]","[""dumbbell""]",https://static.exercisedb.dev/media/7Hg55JG.gif,58.18,matched,"dumbbell clean [""glutes""] [""hamstrings"", ""quadriceps"", ""calves""]"
shoulders,Standing Alternating Dumbbell Shoulder Press,data/Standing-Alternating-Dumbbell-Shoulder-Press.gif,84RyJf8,dumbbell one arm shoulder press,"[""delts""]","[""triceps"", ""upper back""]","[""shoulders""]","[""dumbbell""]",https://static.exercisedb.dev/media/84RyJf8.gif,68.15,matched,"dumbbell one arm shoulder press [""delts""] [""triceps"", ""upper back""]"
shoulders,Cable External Shoulder Rotation,data/Cable-External-Shoulder-Rotation.gif,9gbyYKk,band seated hip internal rotation,"[""glutes""]","[""hamstrings"", ""quadriceps""]","[""upper legs""]","[""band""]",https://static.exercisedb.dev/media/9gbyYKk.gif,49.23,matched,"band seated hip internal rotation [""glutes""] [""hamstrings"", ""quadriceps""]"
shoulders,Cable Internal Shoulder Rotation,data/Cable-Internal-Shoulder-Rotation.gif,9gbyYKk,band seated hip internal rotation,"[""glutes""]","[""hamstrings"", ""quadriceps""]","[""upper legs""]","[""band""]",https://static.exercisedb.dev/media/9gbyYKk.gif,55.51,matched,"band seated hip internal rotation [""glutes""] [""hamstrings"", ""quadriceps""]"
shoulders,Across Chest Shoulder Stretch,data/Across-Chest-Shoulder-Stretch.gif,9WTm7dq,chest dip,"[""pectorals""]","[""triceps"", ""shoulders""]","[""chest""]","[""body weight""]",https://static.exercisedb.dev/media/9WTm7dq.gif,57.14,matched,"chest dip [""pectorals""] [""triceps"", ""shoulders""]"
shoulders,Standing Reach Up Back rotation Stretch,data/Standing-Reach-Up-Back-rotation-Stretch.gif,1jXLYEw,standing lateral stretch,"[""lats""]","[""shoulders"", ""obliques""]","[""back""]","[""body weight""]",https://static.exercisedb.dev/media/1jXLYEw.gif,64.0,matched,"standing lateral stretch [""lats""] [""shoulders"", ""obliques""]"
shoulders,Shoulder Stretch Behind Back,data/Shoulder-Stretch-Behind-Back.gif,0mB6wHO,runners stretch,"[""hamstrings""]","[""calves"", ""quadriceps""]","[""upper legs""]","[""body weight""]",https://static.exercisedb.dev/media/0mB6wHO.gif,50.91,matched,"runners stretch [""hamstrings""] [""calves"", ""quadriceps""]"
shoulders,Incline Dumbbell Side Lateral Raise,data/Incline-Dumbbell-Side-Lateral-Raise.gif,7vG5o25,dumbbell incline row,"[""upper back""]","[""biceps"", ""shoulders""]","[""back""]","[""dumbbell""]",https://static.exercisedb.dev/media/7vG5o25.gif,71.11,matched,"dumbbell incline row [""upper back""] [""biceps"", ""shoulders""]"
shoulders,Dumbbell Side Lying Rear Delt Raise,data/Dumbbell-Side-Lying-Rear-Delt-Raise.gif,8DiFDVA,dumbbell rear fly,"[""delts""]","[""trapezius"", ""rhomboids""]","[""shoulders""]","[""dumbbell""]",https://static.exercisedb.dev/media/8DiFDVA.gif,69.33,matched,"dumbbell rear fly [""delts""] [""trapezius"", ""rhomboids""]"
shoulders,Lying Cable Reverse Fly,data/Lying-Cable-Reverse-Fly.gif,A3P4O0R,cable seated row with reverse,"[""upper back""]","[""biceps"", ""forearms""]","[""back""]","[""cable""]",https://static.exercisedb.dev/media/A3P4O0R.gif,57.78,matched,"cable seated row with reverse [""upper back""] [""biceps"", ""forearms""]"
shoulders,Single Arm Circles,data/Single-Arm-Circles.gif,13TpY4H,raise single arm push-up,"[""pectorals""]","[""triceps"", ""shoulders"", ""core""]","[""chest""]","[""body weight""]",https://static.exercisedb.dev/media/13TpY4H.gif,57.14,matched,"raise single arm push-up [""pectorals""] [""triceps"", ""shoulders"", ""core""]"
shoulders,Dumbbell Lateral to Front Raise,data/Dumbbell-Lateral-to-Front-Raise.gif,3eGE2JC,dumbbell front raise,"[""delts""]","[""biceps"", ""trapezius""]","[""shoulders""]","[""dumbbell""]",https://static.exercisedb.dev/media/3eGE2JC.gif,80.0,matched,"dumbbell front raise [""delts""] [""biceps"", ""trapezius""]"
shoulders,One-Arm Bent Over Cable Lateral Raise,data/One-Arm-Bent-Over-Cable-Lateral-Raise.gif,4c9BhzB,cable lateral pulldown with v-bar,"[""lats""]","[""biceps"", ""forearms""]","[""back""]","[""cable""]",https://static.exercisedb.dev/media/4c9BhzB.gif,52.57,matched,"cable lateral pulldown with v-bar [""lats""] [""biceps"", ""forearms""]"
shoulders,Handstand Push-Up,data/Handstand-Push-Up.gif,4GqRrAk,superman push-up,"[""pectorals""]","[""core"", ""shoulders""]","[""chest""]","[""body weight""]",https://static.exercisedb.dev/media/4GqRrAk.gif,53.33,matched,"superman push-up [""pectorals""] [""core"", ""shoulders""]"
shoulders,EZ Bar Underhand Press,data/EZ-Bar-Underhand-Press.gif,1cTf2Ux,ez bar standing french press,"[""triceps""]","[""shoulders""]","[""upper arms""]","[""ez barbell""]",https://static.exercisedb.dev/media/1cTf2Ux.gif,57.6,matched,"ez bar standing french press [""triceps""] [""shoulders""]"
shoulders,Dumbbell Lying External Shoulder Rotation,data/Dumbbell-Lying-External-Shoulder-Rotation.gif,6MfS53i,dumbbell lying single extension,"[""triceps""]","[""shoulders""]","[""upper arms""]","[""dumbbell""]",https://static.exercisedb.dev/media/6MfS53i.gif,60.0,matched,"dumbbell lying single extension [""triceps""] [""shoulders""]"
shoulders,Incline Dumbbell Reverse Fly,data/Incline-Dumbbell-Reverse-Fly.gif,9pQSkH8,dumbbell reverse grip incline bench two arm row,"[""upper back""]","[""biceps"", ""forearms""]","[""back""]","[""dumbbell""]",https://static.exercisedb.dev/media/9pQSkH8.gif,73.85,matched,"dumbbell reverse grip incline bench two arm row [""upper back""] [""biceps"", ""forearms""]"
shoulders,Incline Dumbbell Y-Raise,data/Incline-Dumbbell-Y-Raise.gif,6e2DcYX,dumbbell incline shoulder raise,"[""serratus anterior""]","[""deltoids"", ""trapezius""]","[""chest""]","[""dumbbell""]",https://static.exercisedb.dev/media/6e2DcYX.gif,76.52,matched,"dumbbell incline shoulder raise [""serratus anterior""] [""deltoids"", ""trapezius""]"
shoulders,Dumbbell Incline T-Raise,data/Dumbbell-Incline-T-Raise.gif,6e2DcYX,dumbbell incline shoulder raise,"[""serratus anterior""]","[""deltoids"", ""trapezius""]","[""chest""]","[""dumbbell""]",https://static.exercisedb.dev/media/6e2DcYX.gif,76.52,matched,"dumbbell incline shoulder raise [""serratus anterior""] [""deltoids"", ""trapezius""]"
shoulders,Bench Supported Dumbbell External Rotation,data/Bench-Supported-Dumbbell-External-Rotation.gif,7Hg55JG,dumbbell clean,"[""glutes""]","[""hamstrings"", ""quadriceps"", ""calves""]","[""upper legs""]","[""dumbbell""]",https://static.exercisedb.dev/media/7Hg55JG.gif,58.18,matched,"dumbbell clean [""glutes""] [""hamstrings"", ""quadriceps"", ""calves""]"
shoulders,Dumbbell Seated Bent Over Rear Delt Row,data/Dumbbell-Seated-Bent-Over-Rear-Delt-Row.gif,8DiFDVA,dumbbell rear fly,"[""delts""]","[""trapezius"", ""rhomboids""]","[""shoulders""]","[""dumbbell""]",https://static.exercisedb.dev/media/8DiFDVA.gif,69.33,matched,"dumbbell rear fly [""delts""] [""trapezius"", ""rhomboids""]"
shoulders,Dumbbell Standing Palms In Press,data/Dumbbell-Standing-Palms-In-Press.gif,8eqjhOl,dumbbell palms in incline bench press,"[""triceps""]","[""chest"", ""shoulders""]","[""upper arms""]","[""dumbbell""]",https://static.exercisedb.dev/media/8eqjhOl.gif,66.91,matched,"dumbbell palms in incline bench press [""triceps""] [""chest"", ""shoulders""]"
shoulders,Lying Shoulder Press,data/Lying-Shoulder-Press.gif,1TkiAFK,dumbbell one arm shoulder press v. 2,"[""delts""]","[""triceps"", ""upper back""]","[""shoulders""]","[""dumbbell""]",https://static.exercisedb.dev/media/1TkiAFK.gif,65.88,matched,"dumbbell one arm shoulder press v. 2 [""delts""] [""triceps"", ""upper back""]"
shoulders,Dumbbell Rear Delt Row,data/Dumbbell-Rear-Delt-Row.gif,8DiFDVA,dumbbell rear fly,"[""delts""]","[""trapezius"", ""rhomboids""]","[""shoulders""]","[""dumbbell""]",https://static.exercisedb.dev/media/8DiFDVA.gif,69.33,matched,"dumbbell rear fly [""delts""] [""trapezius"", ""rhomboids""]"
shoulders,Lever Lateral Raise,data/Lever-Lateral-Raise.gif,53Ttlck,dumbbell lying rear lateral raise,"[""delts""]","[""traps"", ""rhomboids""]","[""shoulders""]","[""dumbbell""]",https://static.exercisedb.dev/media/53Ttlck.gif,65.0,matched,"dumbbell lying rear lateral raise [""delts""] [""traps"", ""rhomboids""]"
shoulders,Kettlebell One-Arm Military Press,data/Kettlebell-One-Arm-Military-Press.gif,7Ba7bQ2,kettlebell two arm clean,"[""delts""]","[""traps"", ""forearms""]","[""shoulders""]","[""kettlebell""]",https://static.exercisedb.dev/media/7Ba7bQ2.gif,58.95,matched,"kettlebell two arm clean [""delts""] [""traps"", ""forearms""]"
shoulders,Kettlebell Split Snatch,data/Kettlebell-Split-Snatch.gif,5bpPTHv,kettlebell pistol squat,"[""glutes""]","[""quadriceps"", ""hamstrings"", ""calves""]","[""upper legs""]","[""kettlebell""]",https://static.exercisedb.dev/media/5bpPTHv.gif,55.65,matched,"kettlebell pistol squat [""glutes""] [""quadriceps"", ""hamstrings"", ""calves""]"
shoulders,Kettlebell Windmill,data/Kettlebell-Windmill.gif,9Tkqa9O,kettlebell windmill,"[""abs""]","[""obliques"", ""shoulders""]","[""waist""]","[""kettlebell""]",https://static.exercisedb.dev/media/9Tkqa9O.gif,80.0,matched,"kettlebell windmill [""abs""] [""obliques"", ""shoulders""]"
shoulders,Kettlebell Swings,data/Kettlebell-Swings.gif,9Tkqa9O,kettlebell windmill,"[""abs""]","[""obliques"", ""shoulders""]","[""waist""]","[""kettlebell""]",https://static.exercisedb.dev/media/9Tkqa9O.gif,62.22,matched,"kettlebell windmill [""abs""] [""obliques"", ""shoulders""]"
shoulders,Kettlebell Arnold Press,data/Kettlebell-Arnold-Press.gif,5KLbZWx,kettlebell alternating press,"[""delts""]","[""triceps"", ""core""]","[""shoulders""]","[""kettlebell""]",https://static.exercisedb.dev/media/5KLbZWx.gif,65.64,matched,"kettlebell alternating press [""delts""] [""triceps"", ""core""]"
shoulders,Bent Over Rear Delt Fly | Gymstick,data/Bent-Over-Rear-Delt-Fly-|-Gymstick.gif,8DiFDVA,dumbbell rear fly,"[""delts""]","[""trapezius"", ""rhomboids""]","[""shoulders""]","[""dumbbell""]",https://static.exercisedb.dev/media/8DiFDVA.gif,51.2,matched,"dumbbell rear fly [""delts""] [""trapezius"", ""rhomboids""]"
shoulders,Cable Seated Shoulder Internal Rotation,data/Cable-Seated-Shoulder-Internal-Rotation.gif,9gbyYKk,band seated hip internal rotation,"[""glutes""]","[""hamstrings"", ""quadriceps""]","[""upper legs""]","[""band""]",https://static.exercisedb.dev/media/9gbyYKk.gif,67.37,matched,"band seated hip internal rotation [""glutes""] [""hamstrings"", ""quadriceps""]"
shoulders,Half Kneeling Cable External Rotation,data/Half-Kneeling-Cable-External-Rotation.gif,225x2Vd,band kneeling twisting crunch,"[""abs""]","[""obliques""]","[""waist""]","[""band""]",https://static.exercisedb.dev/media/225x2Vd.gif,46.06,matched,"band kneeling twisting crunch [""abs""] [""obliques""]"
shoulders,Landmine Lateral Raise,data/Landmine-Lateral-Raise.gif,53Ttlck,dumbbell lying rear lateral raise,"[""delts""]","[""traps"", ""rhomboids""]","[""shoulders""]","[""dumbbell""]",https://static.exercisedb.dev/media/53Ttlck.gif,59.43,matched,"dumbbell lying rear lateral raise [""delts""] [""traps"", ""rhomboids""]"
shoulders,Seated Dumbbell Front Raise,data/Seated-Dumbbell-Front-Raise.gif,3eGE2JC,dumbbell front raise,"[""delts""]","[""biceps"", ""trapezius""]","[""shoulders""]","[""dumbbell""]",https://static.exercisedb.dev/media/3eGE2JC.gif,80.0,matched,"dumbbell front raise [""delts""] [""biceps"", ""trapezius""]"
shoulders,Scapular Protraction and Retraction,data/Scapular-Protraction-and-Retraction.gif,9gbyYKk,band seated hip internal rotation,"[""glutes""]","[""hamstrings"", ""quadriceps""]","[""upper legs""]","[""band""]",https://static.exercisedb.dev/media/9gbyYKk.gif,44.71,matched,"band seated hip internal rotation [""glutes""] [""hamstrings"", ""quadriceps""]"
shoulders,One Arm Kettlebell Snatch,data/One-Arm-Kettlebell-Snatch.gif,6pTkI99,dumbbell one arm snatch,"[""glutes""]","[""hamstrings"", ""quadriceps"", ""core""]","[""upper legs""]","[""dumbbell""]",https://static.exercisedb.dev/media/6pTkI99.gif,63.33,matched,"dumbbell one arm snatch [""glutes""] [""hamstrings"", ""quadriceps"", ""core""]"
shoulders,Cross Cable Face Pull,data/Cross-Cable-Face-Pull.gif,0CXGHya,cable cross-over variation,"[""pectorals""]","[""deltoids"", ""triceps""]","[""chest""]","[""cable""]",https://static.exercisedb.dev/media/0CXGHya.gif,55.0,matched,"cable cross-over variation [""pectorals""] [""deltoids"", ""triceps""]"
shoulders,One Arm Landmine Row,data/One-Arm-Landmine-Row.gif,6cKQC5E,dumbbell one arm upright row,"[""delts""]","[""traps"", ""biceps""]","[""shoulders""]","[""dumbbell""]",https://static.exercisedb.dev/media/6cKQC5E.gif,56.77,matched,"dumbbell one arm upright row [""delts""] [""traps"", ""biceps""]"
shoulders,Resistance Band Seated Shoulder Press,data/Resistance-Band-Seated-Shoulder-Press.gif,4x5Okof,resistance band seated chest press,"[""pectorals""]","[""shoulders"", ""triceps""]","[""chest""]","[""resistance band""]",https://static.exercisedb.dev/media/4x5Okof.gif,72.26,matched,"resistance band seated chest press [""pectorals""] [""shoulders"", ""triceps""]"
shoulders,Bench Pike Push-up,data/Bench-Pike-Push-up.gif,A9qxk2F,archer push up,"[""pectorals""]","[""triceps"", ""shoulders"", ""core""]","[""chest""]","[""body weight""]",https://static.exercisedb.dev/media/A9qxk2F.gif,55.0,matched,"archer push up [""pectorals""] [""triceps"", ""shoulders"", ""core""]"
shoulders,Pike Push-up,data/Pike-Push-up.gif,0br45wL,push-up inside leg kick,"[""glutes""]","[""quadriceps"", ""hamstrings"", ""calves"", ""core""]","[""upper legs""]","[""body weight""]",https://static.exercisedb.dev/media/0br45wL.gif,58.95,matched,"push-up inside leg kick [""glutes""] [""quadriceps"", ""hamstrings"", ""calves"", ""core""]"
shoulders,Tall Kneeling One Arm Kettlebell Press,data/Tall-Kneeling-One-Arm-Kettlebell-Press.gif,7Ba7bQ2,kettlebell two arm clean,"[""delts""]","[""traps"", ""forearms""]","[""shoulders""]","[""kettlebell""]",https://static.exercisedb.dev/media/7Ba7bQ2.gif,58.95,matched,"kettlebell two arm clean [""delts""] [""traps"", ""forearms""]"
shoulders,Kettlebell Clean and Jerk,data/Kettlebell-Clean-and-Jerk.gif,7Ba7bQ2,kettlebell two arm clean,"[""delts""]","[""traps"", ""forearms""]","[""shoulders""]","[""kettlebell""]",https://static.exercisedb.dev/media/7Ba7bQ2.gif,64.0,matched,"kettlebell two arm clean [""delts""] [""traps"", ""forearms""]"
shoulders,Full Range Of Motion Lat Pulldown,data/Full-Range-Of-Motion-Lat-Pulldown.gif,7F1DVzn,lever front pulldown,"[""lats""]","[""biceps"", ""rhomboids"", ""rear deltoids""]","[""back""]","[""leverage machine""]",https://static.exercisedb.dev/media/7F1DVzn.gif,45.71,matched,"lever front pulldown [""lats""] [""biceps"", ""rhomboids"", ""rear deltoids""]"
shoulders,Lever Shoulder Press (Hammer Grip),data/Lever-Shoulder-Press-(Hammer-Grip).gif,67n3r98,lever shoulder press,"[""delts""]","[""triceps"", ""chest""]","[""shoulders""]","[""leverage machine""]",https://static.exercisedb.dev/media/67n3r98.gif,80.0,matched,"lever shoulder press [""delts""] [""triceps"", ""chest""]"
shoulders,Dumbbell Lying Rear Lateral Raise,data/Dumbbell-Lying-Rear-Lateral-Raise.gif,53Ttlck,dumbbell lying rear lateral raise,"[""delts""]","[""traps"", ""rhomboids""]","[""shoulders""]","[""dumbbell""]",https://static.exercisedb.dev/media/53Ttlck.gif,80.0,matched,"dumbbell lying rear lateral raise [""delts""] [""traps"", ""rhomboids""]"
shoulders,Lever Reverse Shoulder Press,data/Lever-Reverse-Shoulder-Press.gif,67n3r98,lever shoulder press,"[""delts""]","[""triceps"", ""chest""]","[""shoulders""]","[""leverage machine""]",https://static.exercisedb.dev/media/67n3r98.gif,80.0,matched,"lever shoulder press [""delts""] [""triceps"", ""chest""]"
shoulders,Side Lying Rear Delt Dumbbell Raise,data/Side-Lying-Rear-Delt-Dumbbell-Raise.gif,8DiFDVA,dumbbell rear fly,"[""delts""]","[""trapezius"", ""rhomboids""]","[""shoulders""]","[""dumbbell""]",https://static.exercisedb.dev/media/8DiFDVA.gif,69.33,matched,"dumbbell rear fly [""delts""] [""trapezius"", ""rhomboids""]"
shoulders,Scapula Dips,data/Scapula-Dips.gif,7xeukSt,scapula dips,"[""traps""]","[""rhomboids"", ""deltoids""]","[""back""]","[""body weight""]",https://static.exercisedb.dev/media/7xeukSt.gif,80.0,matched,"scapula dips [""traps""] [""rhomboids"", ""deltoids""]"
shoulders,Ez-Bar Incline Front Raise,data/Ez-Bar-Incline-Front-Raise.gif,3eGE2JC,dumbbell front raise,"[""delts""]","[""biceps"", ""trapezius""]","[""shoulders""]","[""dumbbell""]",https://static.exercisedb.dev/media/3eGE2JC.gif,56.77,matched,"dumbbell front raise [""delts""] [""biceps"", ""trapezius""]"
shoulders,Back Lever,data/Back-Lever.gif,17lJ1kr,lever lying leg curl,"[""hamstrings""]","[""calves""]","[""upper legs""]","[""leverage machine""]",https://static.exercisedb.dev/media/17lJ1kr.gif,53.33,matched,"lever lying leg curl [""hamstrings""] [""calves""]"
shoulders,Barbell Front Raise Twist,data/Barbell-Front-Raise-Twist.gif,33AzZeV,barbell front raise and pullover,"[""pectorals""]","[""deltoids"", ""triceps""]","[""chest""]","[""barbell""]",https://static.exercisedb.dev/media/33AzZeV.gif,69.09,matched,"barbell front raise and pullover [""pectorals""] [""deltoids"", ""triceps""]"
shoulders,Kettlebell Shoulder Press,data/Kettlebell-Shoulder-Press.gif,67n3r98,lever shoulder press,"[""delts""]","[""triceps"", ""chest""]","[""shoulders""]","[""leverage machine""]",https://static.exercisedb.dev/media/67n3r98.gif,65.88,matched,"lever shoulder press [""delts""] [""triceps"", ""chest""]"
shoulders,Wall-Supported Handstand Push-Ups,data/Wall-Supported-Handstand-Push-Ups.gif,4GqRrAk,superman push-up,"[""pectorals""]","[""core"", ""shoulders""]","[""chest""]","[""body weight""]",https://static.exercisedb.dev/media/4GqRrAk.gif,39.18,matched,"superman push-up [""pectorals""] [""core"", ""shoulders""]"
shoulders,Towel Shoulder Stretch,data/Towel-Shoulder-Stretch.gif,0mB6wHO,runners stretch,"[""hamstrings""]","[""calves"", ""quadriceps""]","[""upper legs""]","[""body weight""]",https://static.exercisedb.dev/media/0mB6wHO.gif,50.91,matched,"runners stretch [""hamstrings""] [""calves"", ""quadriceps""]"
shoulders,Kettlebell Thruster,data/Kettlebell-Thruster.gif,4KJEpzb,kettlebell bottoms up clean from the hang position,"[""biceps""]","[""forearms"", ""shoulders""]","[""upper arms""]","[""kettlebell""]",https://static.exercisedb.dev/media/4KJEpzb.gif,55.17,matched,"kettlebell bottoms up clean from the hang position [""biceps""] [""forearms"", ""shoulders""]"
shoulders,One Arm Dumbbell Snatch,data/One-Arm-Dumbbell-Snatch.gif,6pTkI99,dumbbell one arm snatch,"[""glutes""]","[""hamstrings"", ""quadriceps"", ""core""]","[""upper legs""]","[""dumbbell""]",https://static.exercisedb.dev/media/6pTkI99.gif,80.0,matched,"dumbbell one arm snatch [""glutes""] [""hamstrings"", ""quadriceps"", ""core""]"
shoulders,Band Front Lateral Raise,data/Band-Front-Lateral-Raise.gif,3eGE2JC,dumbbell front raise,"[""delts""]","[""biceps"", ""trapezius""]","[""shoulders""]","[""dumbbell""]",https://static.exercisedb.dev/media/3eGE2JC.gif,56.77,matched,"dumbbell front raise [""delts""] [""biceps"", ""trapezius""]"
shoulders,Shoulder Pendulum,data/Shoulder-Pendulum.gif,903mzG8,smith shoulder press,"[""delts""]","[""triceps"", ""upper back""]","[""shoulders""]","[""smith machine""]",https://static.exercisedb.dev/media/903mzG8.gif,51.89,matched,"smith shoulder press [""delts""] [""triceps"", ""upper back""]"
shoulders,90-Degree Cable External Rotation,data/90-Degree-Cable-External-Rotation.gif,0CXGHya,cable cross-over variation,"[""pectorals""]","[""deltoids"", ""triceps""]","[""chest""]","[""cable""]",https://static.exercisedb.dev/media/0CXGHya.gif,46.1,matched,"cable cross-over variation [""pectorals""] [""deltoids"", ""triceps""]"
shoulders,90-degree Cable Internal Rotation,data/90-degree-Cable-Internal-Rotation.gif,9gbyYKk,band seated hip internal rotation,"[""glutes""]","[""hamstrings"", ""quadriceps""]","[""upper legs""]","[""band""]",https://static.exercisedb.dev/media/9gbyYKk.gif,54.4,matched,"band seated hip internal rotation [""glutes""] [""hamstrings"", ""quadriceps""]"
shoulders,Seated Ballerina Exercise,data/Seated-Ballerina-Exercise.gif,7ePTw4B,exercise ball seated triceps stretch,"[""triceps""]","[""shoulders""]","[""upper arms""]","[""stability ball""]",https://static.exercisedb.dev/media/7ePTw4B.gif,60.33,matched,"exercise ball seated triceps stretch [""triceps""] [""shoulders""]"
shoulders,Seated Scapular Retraction Exercise,data/Seated-Scapular-Retraction-Exercise.gif,7ePTw4B,exercise ball seated triceps stretch,"[""triceps""]","[""shoulders""]","[""upper arms""]","[""stability ball""]",https://static.exercisedb.dev/media/7ePTw4B.gif,54.08,matched,"exercise ball seated triceps stretch [""triceps""] [""shoulders""]"
shoulders,Foam Roller Posterior Shoulder,data/Foam-Roller-Posterior-Shoulder.gif,8coXSYU,roller seated shoulder flexor depresor retractor,"[""pectorals""]","[""deltoids"", ""triceps""]","[""chest""]","[""roller""]",https://static.exercisedb.dev/media/8coXSYU.gif,53.33,matched,"roller seated shoulder flexor depresor retractor [""pectorals""] [""deltoids"", ""triceps""]"
shoulders,Foam Roller Front Shoulder and Chest,data/Foam-Roller-Front-Shoulder-and-Chest.gif,9WTm7dq,chest dip,"[""pectorals""]","[""triceps"", ""shoulders""]","[""chest""]","[""body weight""]",https://static.exercisedb.dev/media/9WTm7dq.gif,57.14,matched,"chest dip [""pectorals""] [""triceps"", ""shoulders""]"
shoulders,Rotator Cuff Stretch,data/Rotator-Cuff-Stretch.gif,1LVFcEn,calf stretch with rope,"[""calves""]","[""hamstrings""]","[""lower legs""]","[""rope""]",https://static.exercisedb.dev/media/1LVFcEn.gif,53.33,matched,"calf stretch with rope [""calves""] [""hamstrings""]"
shoulders,Assisted Reverse Stretch (Chest And Shoulder),data/Assisted-Reverse-Stretch-(Chest-And-Shoulder).gif,0mB6wHO,runners stretch,"[""hamstrings""]","[""calves"", ""quadriceps""]","[""upper legs""]","[""body weight""]",https://static.exercisedb.dev/media/0mB6wHO.gif,50.91,matched,"runners stretch [""hamstrings""] [""calves"", ""quadriceps""]"
shoulders,Lying Upper Body Rotation,data/Lying-Upper-Body-Rotation.gif,7RWNjiB,dumbbell lying pronation on floor,"[""forearms""]","[""biceps"", ""triceps""]","[""lower arms""]","[""dumbbell""]",https://static.exercisedb.dev/media/7RWNjiB.gif,44.14,matched,"dumbbell lying pronation on floor [""forearms""] [""biceps"", ""triceps""]"
shoulders,Kneeling Back Rotation,data/Kneeling-Back-Rotation.gif,225x2Vd,band kneeling twisting crunch,"[""abs""]","[""obliques""]","[""waist""]","[""band""]",https://static.exercisedb.dev/media/225x2Vd.gif,53.33,matched,"band kneeling twisting crunch [""abs""] [""obliques""]"
shoulders,Serratus Wall Slide With Foam Roller,data/Serratus-Wall-Slide-With-Foam-Roller.gif,A3P4O0R,cable seated row with reverse,"[""upper back""]","[""biceps"", ""forearms""]","[""back""]","[""cable""]",https://static.exercisedb.dev/media/A3P4O0R.gif,41.85,matched,"cable seated row with reverse [""upper back""] [""biceps"", ""forearms""]"
shoulders,Wall Supported Arm Raises,data/Wall-Supported-Arm-Raises.gif,13TpY4H,raise single arm push-up,"[""pectorals""]","[""triceps"", ""shoulders"", ""core""]","[""chest""]","[""body weight""]",https://static.exercisedb.dev/media/13TpY4H.gif,42.45,matched,"raise single arm push-up [""pectorals""] [""triceps"", ""shoulders"", ""core""]"
shoulders,Backhand Raise,data/Backhand-Raise.gif,2ORFMoR,hack calf raise,"[""calves""]","[""hamstrings"", ""glutes""]","[""lower legs""]","[""sled machine""]",https://static.exercisedb.dev/media/2ORFMoR.gif,49.66,matched,"hack calf raise [""calves""] [""hamstrings"", ""glutes""]"
shoulders,Dumbbell Seated Cuban Press,data/Dumbbell-Seated-Cuban-Press.gif,3d7wHyd,dumbbell bench seated press,"[""delts""]","[""triceps"", ""chest""]","[""shoulders""]","[""dumbbell""]",https://static.exercisedb.dev/media/3d7wHyd.gif,71.11,matched,"dumbbell bench seated press [""delts""] [""triceps"", ""chest""]"
shoulders,Kneeling Cable Shoulder Press,data/Kneeling-Cable-Shoulder-Press.gif,67n3r98,lever shoulder press,"[""delts""]","[""triceps"", ""chest""]","[""shoulders""]","[""leverage machine""]",https://static.exercisedb.dev/media/67n3r98.gif,65.88,matched,"lever shoulder press [""delts""] [""triceps"", ""chest""]"
shoulders,Wall Slides,data/Wall-Slides.gif,2jl9K55,spine twist,"[""abs""]","[""obliques"", ""lower back""]","[""waist""]","[""body weight""]",https://static.exercisedb.dev/media/2jl9K55.gif,36.36,matched,"spine twist [""abs""] [""obliques"", ""lower back""]"
shoulders,Kneeling T-spine Rotation,data/Kneeling-T-spine-Rotation.gif,2jl9K55,spine twist,"[""abs""]","[""obliques"", ""lower back""]","[""waist""]","[""body weight""]",https://static.exercisedb.dev/media/2jl9K55.gif,50.0,matched,"spine twist [""abs""] [""obliques"", ""lower back""]"
shoulders,Plate Loaded Shoulder Press,data/Plate-Loaded-Shoulder-Press.gif,67n3r98,lever shoulder press,"[""delts""]","[""triceps"", ""chest""]","[""shoulders""]","[""leverage machine""]",https://static.exercisedb.dev/media/67n3r98.gif,65.88,matched,"lever shoulder press [""delts""] [""triceps"", ""chest""]"
shoulders,Chest Supported Dumbbell Front Raises,data/Chest-Supported-Dumbbell-Front-Raises.gif,3eGE2JC,dumbbell front raise,"[""delts""]","[""biceps"", ""trapezius""]","[""shoulders""]","[""dumbbell""]",https://static.exercisedb.dev/media/3eGE2JC.gif,65.88,matched,"dumbbell front raise [""delts""] [""biceps"", ""trapezius""]"
shoulders,One-Arm Dumbbell Upright Row,data/One-Arm-Dumbbell-Upright-Row.gif,6cKQC5E,dumbbell one arm upright row,"[""delts""]","[""traps"", ""biceps""]","[""shoulders""]","[""dumbbell""]",https://static.exercisedb.dev/media/6cKQC5E.gif,80.0,matched,"dumbbell one arm upright row [""delts""] [""traps"", ""biceps""]"
shoulders,Single Arm Arnold Press,data/Single-Arm-Arnold-Press.gif,1cTf2Ux,ez bar standing french press,"[""triceps""]","[""shoulders""]","[""upper arms""]","[""ez barbell""]",https://static.exercisedb.dev/media/1cTf2Ux.gif,50.2,matched,"ez bar standing french press [""triceps""] [""shoulders""]"
shoulders,Kneeling Landmine Press,data/Kneeling-Landmine-Press.gif,1cTf2Ux,ez bar standing french press,"[""triceps""]","[""shoulders""]","[""upper arms""]","[""ez barbell""]",https://static.exercisedb.dev/media/1cTf2Ux.gif,47.06,matched,"ez bar standing french press [""triceps""] [""shoulders""]"
shoulders,Pike Push-Up Between Chairs,data/Pike-Push-Up-Between-Chairs.gif,A9qxk2F,archer push up,"[""pectorals""]","[""triceps"", ""shoulders"", ""core""]","[""chest""]","[""body weight""]",https://static.exercisedb.dev/media/A9qxk2F.gif,53.33,matched,"archer push up [""pectorals""] [""triceps"", ""shoulders"", ""core""]"
shoulders,Kettlebell Clean and Press,data/Kettlebell-Clean-and-Press.gif,5KLbZWx,kettlebell alternating press,"[""delts""]","[""triceps"", ""core""]","[""shoulders""]","[""kettlebell""]",https://static.exercisedb.dev/media/5KLbZWx.gif,65.19,matched,"kettlebell alternating press [""delts""] [""triceps"", ""core""]"
shoulders,Dumbbell Z Press,data/Dumbbell-Z-Press.gif,1qrWgZ2,dumbbell decline hammer press,"[""pectorals""]","[""triceps"", ""shoulders""]","[""chest""]","[""dumbbell""]",https://static.exercisedb.dev/media/1qrWgZ2.gif,74.67,matched,"dumbbell decline hammer press [""pectorals""] [""triceps"", ""shoulders""]"
shoulders,Cable Y Raise,data/Cable-Y-Raise.gif,2ORFMoR,hack calf raise,"[""calves""]","[""hamstrings"", ""glutes""]","[""lower legs""]","[""sled machine""]",https://static.exercisedb.dev/media/2ORFMoR.gif,57.14,matched,"hack calf raise [""calves""] [""hamstrings"", ""glutes""]"
shoulders,Alternate Dumbbell Lateral Raise,data/Alternate-Dumbbell-Lateral-Raise.gif,3eGE2JC,dumbbell front raise,"[""delts""]","[""biceps"", ""trapezius""]","[""shoulders""]","[""dumbbell""]",https://static.exercisedb.dev/media/3eGE2JC.gif,65.88,matched,"dumbbell front raise [""delts""] [""biceps"", ""trapezius""]"
shoulders,Back Slaps Wrap Around Stretch,data/Back-Slaps-Wrap-Around-Stretch.gif,0mB6wHO,runners stretch,"[""hamstrings""]","[""calves"", ""quadriceps""]","[""upper legs""]","[""body weight""]",https://static.exercisedb.dev/media/0mB6wHO.gif,50.91,matched,"runners stretch [""hamstrings""] [""calves"", ""quadriceps""]"
shoulders,Reaction Ball Throw,data/Reaction-Ball-Throw.gif,7vG5o25,dumbbell incline row,"[""upper back""]","[""biceps"", ""shoulders""]","[""back""]","[""dumbbell""]",https://static.exercisedb.dev/media/7vG5o25.gif,45.13,matched,"dumbbell incline row [""upper back""] [""biceps"", ""shoulders""]"
shoulders,Front Rack PVC Stretch,data/Front-Rack-PVC-Stretch.gif,2Dk4xQV,rocking frog stretch,"[""glutes""]","[""hamstrings"", ""quadriceps""]","[""upper legs""]","[""body weight""]",https://static.exercisedb.dev/media/2Dk4xQV.gif,57.14,matched,"rocking frog stretch [""glutes""] [""hamstrings"", ""quadriceps""]"
shoulders,Lever High Row,data/Lever-High-Row.gif,1u36hhy,stability lever narrow grip seated row,"[""upper back""]","[""biceps"", ""forearms""]","[""back""]","[""leverage machine""]",https://static.exercisedb.dev/media/1u36hhy.gif,62.61,matched,"stability lever narrow grip seated row [""upper back""] [""biceps"", ""forearms""]"
shoulders,Cable Half Kneeling Pallof Press,data/Cable-Half-Kneeling-Pallof-Press.gif,7xI5MXA,cable bench press,"[""pectorals""]","[""triceps"", ""shoulders""]","[""chest""]","[""cable""]",https://static.exercisedb.dev/media/7xI5MXA.gif,62.86,matched,"cable bench press [""pectorals""] [""triceps"", ""shoulders""]"
shoulders,Chest and Front of Shoulder Stretch,data/Chest-and-Front-of-Shoulder-Stretch.gif,9WTm7dq,chest dip,"[""pectorals""]","[""triceps"", ""shoulders""]","[""chest""]","[""body weight""]",https://static.exercisedb.dev/media/9WTm7dq.gif,57.14,matched,"chest dip [""pectorals""] [""triceps"", ""shoulders""]"
shoulders,Shoulder External Rotation,data/Shoulder-External-Rotation.gif,9gbyYKk,band seated hip internal rotation,"[""glutes""]","[""hamstrings"", ""quadriceps""]","[""upper legs""]","[""band""]",https://static.exercisedb.dev/media/9gbyYKk.gif,48.81,matched,"band seated hip internal rotation [""glutes""] [""hamstrings"", ""quadriceps""]"
shoulders,Shoulder Internal Rotation,data/Shoulder-Internal-Rotation.gif,9gbyYKk,band seated hip internal rotation,"[""glutes""]","[""hamstrings"", ""quadriceps""]","[""upper legs""]","[""band""]",https://static.exercisedb.dev/media/9gbyYKk.gif,63.26,matched,"band seated hip internal rotation [""glutes""] [""hamstrings"", ""quadriceps""]"
shoulders,Lateral Raise with Towel on Wall,data/Lateral-Raise-with-Towel-on-Wall.gif,4c9BhzB,cable lateral pulldown with v-bar,"[""lats""]","[""biceps"", ""forearms""]","[""back""]","[""cable""]",https://static.exercisedb.dev/media/4c9BhzB.gif,49.23,matched,"cable lateral pulldown with v-bar [""lats""] [""biceps"", ""forearms""]"
shoulders,Alternating Shoulder Flexion,data/Alternating-Shoulder-Flexion.gif,3omWx6P,band alternating biceps curl,"[""biceps""]","[""forearms""]","[""upper arms""]","[""band""]",https://static.exercisedb.dev/media/3omWx6P.gif,48.57,matched,"band alternating biceps curl [""biceps""] [""forearms""]"
shoulders,Banded Shoulder External Rotation,data/Banded-Shoulder-External-Rotation.gif,9gbyYKk,band seated hip internal rotation,"[""glutes""]","[""hamstrings"", ""quadriceps""]","[""upper legs""]","[""band""]",https://static.exercisedb.dev/media/9gbyYKk.gif,55.76,matched,"band seated hip internal rotation [""glutes""] [""hamstrings"", ""quadriceps""]"
shoulders,Banded Shoulder Flexion,data/Banded-Shoulder-Flexion.gif,2KGnL6M,lever one arm shoulder press,"[""delts""]","[""triceps"", ""upper back""]","[""shoulders""]","[""leverage machine""]",https://static.exercisedb.dev/media/2KGnL6M.gif,47.06,matched,"lever one arm shoulder press [""delts""] [""triceps"", ""upper back""]"
shoulders,Banded Shoulder Extension,data/Banded-Shoulder-Extension.gif,1TVoin7,barbell lying triceps extension double,"[""triceps""]","[""shoulders""]","[""upper arms""]","[""barbell""]",https://static.exercisedb.dev/media/1TVoin7.gif,48.25,matched,"barbell lying triceps extension double [""triceps""] [""shoulders""]"
shoulders,Band Single Arm Shoulder Press,data/Band-Single-Arm-Shoulder-Press.gif,67n3r98,lever shoulder press,"[""delts""]","[""triceps"", ""chest""]","[""shoulders""]","[""leverage machine""]",https://static.exercisedb.dev/media/67n3r98.gif,65.88,matched,"lever shoulder press [""delts""] [""triceps"", ""chest""]"
shoulders,Handstand Push-ups Between Benches,data/Handstand-Push-ups-Between-Benches.gif,7E06s6d,chest tap push-up (male),"[""pectorals""]","[""triceps"", ""shoulders""]","[""chest""]","[""body weight""]",https://static.exercisedb.dev/media/7E06s6d.gif,46.9,matched,"chest tap push-up (male) [""pectorals""] [""triceps"", ""shoulders""]"
shoulders,Kipping Handstand Push-up,data/Kipping-Handstand-Push-up.gif,A9qxk2F,archer push up,"[""pectorals""]","[""triceps"", ""shoulders"", ""core""]","[""chest""]","[""body weight""]",https://static.exercisedb.dev/media/A9qxk2F.gif,53.33,matched,"archer push up [""pectorals""] [""triceps"", ""shoulders"", ""core""]"
shoulders,Bent-Over Dumbbell Rear Delt Raise With Head On Bench,data/Bent-Over-Dumbbell-Rear-Delt-Raise-With-Head-On-Bench.gif,8DiFDVA,dumbbell rear fly,"[""delts""]","[""trapezius"", ""rhomboids""]","[""shoulders""]","[""dumbbell""]",https://static.exercisedb.dev/media/8DiFDVA.gif,69.33,matched,"dumbbell rear fly [""delts""] [""trapezius"", ""rhomboids""]"
shoulders,Hindu Push-ups,data/Hindu-Push-ups.gif,A9qxk2F,archer push up,"[""pectorals""]","[""triceps"", ""shoulders"", ""core""]","[""chest""]","[""body weight""]",https://static.exercisedb.dev/media/A9qxk2F.gif,51.43,matched,"archer push up [""pectorals""] [""triceps"", ""shoulders"", ""core""]"
shoulders,Barbell Upright Row,data/Barbell-Upright-Row.gif,1oE78pm,core barbell upright row v. 2,"[""delts""]","[""traps"", ""biceps""]","[""shoulders""]","[""barbell""]",https://static.exercisedb.dev/media/1oE78pm.gif,80.0,matched,"core barbell upright row v. 2 [""delts""] [""traps"", ""biceps""]"
shoulders,Barbell Front Raise,data/Barbell-Front-Raise.gif,33AzZeV,barbell front raise and pullover,"[""pectorals""]","[""deltoids"", ""triceps""]","[""chest""]","[""barbell""]",https://static.exercisedb.dev/media/33AzZeV.gif,80.0,matched,"barbell front raise and pullover [""pectorals""] [""deltoids"", ""triceps""]"
shoulders,Corner Wall Stretch,data/Corner-Wall-Stretch.gif,0mB6wHO,runners stretch,"[""hamstrings""]","[""calves"", ""quadriceps""]","[""upper legs""]","[""body weight""]",https://static.exercisedb.dev/media/0mB6wHO.gif,56.47,matched,"runners stretch [""hamstrings""] [""calves"", ""quadriceps""]"
shoulders,Barbell Thruster,data/Barbell-Thruster.gif,4Leypho,barbell skier,"[""delts""]","[""triceps"", ""core""]","[""shoulders""]","[""barbell""]",https://static.exercisedb.dev/media/4Leypho.gif,60.69,matched,"barbell skier [""delts""] [""triceps"", ""core""]"
shoulders,One Arm Kettlebell Swing,data/One-Arm-Kettlebell-Swing.gif,7Ba7bQ2,kettlebell two arm clean,"[""delts""]","[""traps"", ""forearms""]","[""shoulders""]","[""kettlebell""]",https://static.exercisedb.dev/media/7Ba7bQ2.gif,60.0,matched,"kettlebell two arm clean [""delts""] [""traps"", ""forearms""]"
shoulders,Standing Reverse Shoulder Stretch,data/Standing-Reverse-Shoulder-Stretch.gif,1jXLYEw,standing lateral stretch,"[""lats""]","[""shoulders"", ""obliques""]","[""back""]","[""body weight""]",https://static.exercisedb.dev/media/1jXLYEw.gif,64.0,matched,"standing lateral stretch [""lats""] [""shoulders"", ""obliques""]"
shoulders,Resistance Band Bent Over Rear Delt Fly,data/Resistance-Band-Bent-Over-Rear-Delt-Fly.gif,8DiFDVA,dumbbell rear fly,"[""delts""]","[""trapezius"", ""rhomboids""]","[""shoulders""]","[""dumbbell""]",https://static.exercisedb.dev/media/8DiFDVA.gif,51.2,matched,"dumbbell rear fly [""delts""] [""trapezius"", ""rhomboids""]"
shoulders,Medicine ball Overhead Slam,data/Medicine-ball-Overhead-Slam.gif,aDoFKrE,medicine ball chest pass,"[""pectorals""]","[""shoulders"", ""triceps""]","[""chest""]","[""medicine ball""]",https://static.exercisedb.dev/media/aDoFKrE.gif,56.47,matched,"medicine ball chest pass [""pectorals""] [""shoulders"", ""triceps""]"
shoulders,Doorway Pec and Shoulder Stretch,data/Doorway-Pec-and-Shoulder-Stretch.gif,0mB6wHO,runners stretch,"[""hamstrings""]","[""calves"", ""quadriceps""]","[""upper legs""]","[""body weight""]",https://static.exercisedb.dev/media/0mB6wHO.gif,50.91,matched,"runners stretch [""hamstrings""] [""calves"", ""quadriceps""]"
shoulders,Wall Ball,data/Wall-Ball.gif,1IG6gVF,prone twist on stability ball,"[""abs""]","[""obliques"", ""lower back""]","[""waist""]","[""stability ball""]",https://static.exercisedb.dev/media/1IG6gVF.gif,49.23,matched,"prone twist on stability ball [""abs""] [""obliques"", ""lower back""]"
shoulders,Resistance Band Pull Apart,data/Resistance-Band-Pull-Apart.gif,0xDpB4L,resistance band seated hip abduction,"[""abductors""]","[""glutes"", ""hamstrings""]","[""upper legs""]","[""resistance band""]",https://static.exercisedb.dev/media/0xDpB4L.gif,58.54,matched,"resistance band seated hip abduction [""abductors""] [""glutes"", ""hamstrings""]"
shoulders,Kettlebell Lateral Raise,data/Kettlebell-Lateral-Raise.gif,5KLbZWx,kettlebell alternating press,"[""delts""]","[""triceps"", ""core""]","[""shoulders""]","[""kettlebell""]",https://static.exercisedb.dev/media/5KLbZWx.gif,58.46,matched,"kettlebell alternating press [""delts""] [""triceps"", ""core""]"
shoulders,Dumbbell Windmill,data/Dumbbell-Windmill.gif,7Hg55JG,dumbbell clean,"[""glutes""]","[""hamstrings"", ""quadriceps"", ""calves""]","[""upper legs""]","[""dumbbell""]",https://static.exercisedb.dev/media/7Hg55JG.gif,58.18,matched,"dumbbell clean [""glutes""] [""hamstrings"", ""quadriceps"", ""calves""]"
shoulders,Dumbbell Iron Cross,data/Dumbbell-Iron-Cross.gif,1RIkUHT,dumbbell iron cross - improved variation,"[""delts""]","[""triceps"", ""chest""]","[""shoulders""]","[""dumbbell""]",https://static.exercisedb.dev/media/1RIkUHT.gif,80.0,matched,"dumbbell iron cross - improved variation [""delts""] [""triceps"", ""chest""]"
shoulders,Incline Landmine Press,data/Incline-Landmine-Press.gif,3TZduzM,barbell incline bench press,"[""pectorals""]","[""shoulders"", ""triceps""]","[""chest""]","[""barbell""]",https://static.exercisedb.dev/media/3TZduzM.gif,59.43,matched,"barbell incline bench press [""pectorals""] [""shoulders"", ""triceps""]"
shoulders,Dumbbell Single Arm Lateral Raise,data/Dumbbell-Single-Arm-Lateral-Raise.gif,1kB3Wmk,dumbbell single leg calf raise,"[""calves""]","[""ankles""]","[""lower legs""]","[""dumbbell""]",https://static.exercisedb.dev/media/1kB3Wmk.gif,66.03,matched,"dumbbell single leg calf raise [""calves""] [""ankles""]"
shoulders,Dumbbell Seated Alternate Front Raise,data/Dumbbell-Seated-Alternate-Front-Raise.gif,3eGE2JC,dumbbell front raise,"[""delts""]","[""biceps"", ""trapezius""]","[""shoulders""]","[""dumbbell""]",https://static.exercisedb.dev/media/3eGE2JC.gif,80.0,matched,"dumbbell front raise [""delts""] [""biceps"", ""trapezius""]"
shoulders,Swing | Gymstick,data/Swing-|-Gymstick.gif,5WiFcYk,weighted lunge with swing,"[""glutes""]","[""quadriceps"", ""hamstrings"", ""calves""]","[""upper legs""]","[""weighted""]",https://static.exercisedb.dev/media/5WiFcYk.gif,38.1,matched,"weighted lunge with swing [""glutes""] [""quadriceps"", ""hamstrings"", ""calves""]"
shoulders,Side Bend Press | Gymstick,data/Side-Bend-Press-|-Gymstick.gif,5v7KYld,smith incline bench press,"[""pectorals""]","[""shoulders"", ""triceps""]","[""chest""]","[""smith machine""]",https://static.exercisedb.dev/media/5v7KYld.gif,47.06,matched,"smith incline bench press [""pectorals""] [""shoulders"", ""triceps""]"
shoulders,Single Arm Upright Row | Gymstick,data/Single-Arm-Upright-Row-|-Gymstick.gif,1DN3iz4,smith upright row,"[""delts""]","[""traps"", ""biceps""]","[""shoulders""]","[""smith machine""]",https://static.exercisedb.dev/media/1DN3iz4.gif,62.86,matched,"smith upright row [""delts""] [""traps"", ""biceps""]"
shoulders,Behind the Head Military Press | Gymstick,data/Behind-the-Head-Military-Press-|-Gymstick.gif,5v7KYld,smith incline bench press,"[""pectorals""]","[""shoulders"", ""triceps""]","[""chest""]","[""smith machine""]",https://static.exercisedb.dev/media/5v7KYld.gif,43.64,matched,"smith incline bench press [""pectorals""] [""shoulders"", ""triceps""]"
shoulders,Skier | Gymstick,data/Skier-|-Gymstick.gif,4Leypho,barbell skier,"[""delts""]","[""triceps"", ""core""]","[""shoulders""]","[""barbell""]",https://static.exercisedb.dev/media/4Leypho.gif,44.44,matched,"barbell skier [""delts""] [""triceps"", ""core""]"
shoulders,Face Pull With Resistance Band,data/Face-Pull-With-Resistance-Band.gif,4x5Okof,resistance band seated chest press,"[""pectorals""]","[""shoulders"", ""triceps""]","[""chest""]","[""resistance band""]",https://static.exercisedb.dev/media/4x5Okof.gif,55.0,matched,"resistance band seated chest press [""pectorals""] [""shoulders"", ""triceps""]"
shoulders,Bent Over Row | Gymstick,data/Bent-Over-Row-|-Gymstick.gif,5lE7XRz,smith bent over row with declined,"[""upper back""]","[""biceps"", ""forearms""]","[""back""]","[""smith machine""]",https://static.exercisedb.dev/media/5lE7XRz.gif,56.22,matched,"smith bent over row with declined [""upper back""] [""biceps"", ""forearms""]"
shoulders,Battle Rope,data/Battle-Rope.gif,aaXr7ld,lever t bar row,"[""upper back""]","[""biceps"", ""forearms""]","[""back""]","[""leverage machine""]",https://static.exercisedb.dev/media/aaXr7ld.gif,43.08,matched,"lever t bar row [""upper back""] [""biceps"", ""forearms""]"
chest,One Arm Medicine Ball Slam,data/One-Arm-Medicine-Ball-Slam.gif,aDoFKrE,medicine ball chest pass,"[""pectorals""]","[""shoulders"", ""triceps""]","[""chest""]","[""medicine ball""]",https://static.exercisedb.dev/media/aDoFKrE.gif,56.22,matched,"medicine ball chest pass [""pectorals""] [""shoulders"", ""triceps""]"
chest,Medicine Ball Overhead Throw,data/Medicine-Ball-Overhead-Throw.gif,aDoFKrE,medicine ball chest pass,"[""pectorals""]","[""shoulders"", ""triceps""]","[""chest""]","[""medicine ball""]",https://static.exercisedb.dev/media/aDoFKrE.gif,56.22,matched,"medicine ball chest pass [""pectorals""] [""shoulders"", ""triceps""]"
chest,Standing Medicine Ball Chest Pass,data/Standing-Medicine-Ball-Chest-Pass.gif,aDoFKrE,medicine ball chest pass,"[""pectorals""]","[""shoulders"", ""triceps""]","[""chest""]","[""medicine ball""]",https://static.exercisedb.dev/media/aDoFKrE.gif,80.0,matched,"medicine ball chest pass [""pectorals""] [""shoulders"", ""triceps""]"
chest,Arm Scissors,data/Arm-Scissors.gif,4Leypho,barbell skier,"[""delts""]","[""triceps"", ""core""]","[""shoulders""]","[""barbell""]",https://static.exercisedb.dev/media/4Leypho.gif,38.4,matched,"barbell skier [""delts""] [""triceps"", ""core""]"
chest,Incline Chest Fly Machine,data/Incline-Chest-Fly-Machine.gif,7WcQgkm,smith machine incline tricep extension - straight variation,"[""triceps""]","[""shoulders""]","[""upper arms""]","[""smith machine""]",https://static.exercisedb.dev/media/7WcQgkm.gif,60.0,matched,"smith machine incline tricep extension - straight variation [""triceps""] [""shoulders""]"
chest,Bench Press,data/Bench-Press.gif,3d7wHyd,dumbbell bench seated press,"[""delts""]","[""triceps"", ""chest""]","[""shoulders""]","[""dumbbell""]",https://static.exercisedb.dev/media/3d7wHyd.gif,80.0,matched,"dumbbell bench seated press [""delts""] [""triceps"", ""chest""]"
chest,Pec Deck Fly,data/Pec-Deck-Fly.gif,7saC5zz,cable decline fly,"[""pectorals""]","[""shoulders"", ""triceps""]","[""chest""]","[""cable""]",https://static.exercisedb.dev/media/7saC5zz.gif,44.14,matched,"cable decline fly [""pectorals""] [""shoulders"", ""triceps""]"
chest,Dumbbell Pullover,data/Dumbbell-Pullover.gif,9XjtHvS,dumbbell pullover,"[""pectorals""]","[""latissimus dorsi"", ""triceps""]","[""chest""]","[""dumbbell""]",https://static.exercisedb.dev/media/9XjtHvS.gif,80.0,matched,"dumbbell pullover [""pectorals""] [""latissimus dorsi"", ""triceps""]"
chest,Low Cable Crossover,data/Low-Cable-Crossover.gif,0CXGHya,cable cross-over variation,"[""pectorals""]","[""deltoids"", ""triceps""]","[""chest""]","[""cable""]",https://static.exercisedb.dev/media/0CXGHya.gif,60.44,matched,"cable cross-over variation [""pectorals""] [""deltoids"", ""triceps""]"
chest,High Cable Crossover,data/High-Cable-Crossover.gif,0CXGHya,cable cross-over variation,"[""pectorals""]","[""deltoids"", ""triceps""]","[""chest""]","[""cable""]",https://static.exercisedb.dev/media/0CXGHya.gif,59.13,matched,"cable cross-over variation [""pectorals""] [""deltoids"", ""triceps""]"
chest,Cable Upper Chest Crossovers,data/Cable-Upper-Chest-Crossovers.gif,9WTm7dq,chest dip,"[""pectorals""]","[""triceps"", ""shoulders""]","[""chest""]","[""body weight""]",https://static.exercisedb.dev/media/9WTm7dq.gif,57.14,matched,"chest dip [""pectorals""] [""triceps"", ""shoulders""]"
chest,Incline Barbell Bench Press,data/Incline-Barbell-Bench-Press.gif,3TZduzM,barbell incline bench press,"[""pectorals""]","[""shoulders"", ""triceps""]","[""chest""]","[""barbell""]",https://static.exercisedb.dev/media/3TZduzM.gif,80.0,matched,"barbell incline bench press [""pectorals""] [""shoulders"", ""triceps""]"
chest,Dumbbell Fly,data/Dumbbell-Fly.gif,8DiFDVA,dumbbell rear fly,"[""delts""]","[""trapezius"", ""rhomboids""]","[""shoulders""]","[""dumbbell""]",https://static.exercisedb.dev/media/8DiFDVA.gif,80.0,matched,"dumbbell rear fly [""delts""] [""trapezius"", ""rhomboids""]"
chest,Dumbbell Bench Press,data/Dumbbell-Bench-Press.gif,3d7wHyd,dumbbell bench seated press,"[""delts""]","[""triceps"", ""chest""]","[""shoulders""]","[""dumbbell""]",https://static.exercisedb.dev/media/3d7wHyd.gif,80.0,matched,"dumbbell bench seated press [""delts""] [""triceps"", ""chest""]"
chest,Cable Crossover,data/Cable-Crossover.gif,0CXGHya,cable cross-over variation,"[""pectorals""]","[""deltoids"", ""triceps""]","[""chest""]","[""cable""]",https://static.exercisedb.dev/media/0CXGHya.gif,58.54,matched,"cable cross-over variation [""pectorals""] [""deltoids"", ""triceps""]"
chest,One-Arm Cable Chest Press,data/One-Arm-Cable-Chest-Press.gif,6t00BsF,cable one arm incline press on exercise ball,"[""pectorals""]","[""shoulders"", ""triceps""]","[""chest""]","[""cable""]",https://static.exercisedb.dev/media/6t00BsF.gif,69.09,matched,"cable one arm incline press on exercise ball [""pectorals""] [""shoulders"", ""triceps""]"
chest,Single-Arm Cable Crossover,data/Single-Arm-Cable-Crossover.gif,0CXGHya,cable cross-over variation,"[""pectorals""]","[""deltoids"", ""triceps""]","[""chest""]","[""cable""]",https://static.exercisedb.dev/media/0CXGHya.gif,55.38,matched,"cable cross-over variation [""pectorals""] [""deltoids"", ""triceps""]"
chest,Incline Dumbbell Fly,data/Incline-Dumbbell-Fly.gif,1PLE8e9,dumbbell incline twisted flyes,"[""pectorals""]","[""shoulders"", ""triceps""]","[""chest""]","[""dumbbell""]",https://static.exercisedb.dev/media/1PLE8e9.gif,71.11,matched,"dumbbell incline twisted flyes [""pectorals""] [""shoulders"", ""triceps""]"
chest,Incline Dumbbell Press,data/Incline-Dumbbell-Press.gif,8eqjhOl,dumbbell palms in incline bench press,"[""triceps""]","[""chest"", ""shoulders""]","[""upper arms""]","[""dumbbell""]",https://static.exercisedb.dev/media/8eqjhOl.gif,80.0,matched,"dumbbell palms in incline bench press [""triceps""] [""chest"", ""shoulders""]"
chest,Reverse Grip Incline Dumbbell Press,data/Reverse-Grip-Incline-Dumbbell-Press.gif,641mIfk,barbell incline reverse-grip press,"[""triceps""]","[""chest"", ""shoulders""]","[""upper arms""]","[""barbell""]",https://static.exercisedb.dev/media/641mIfk.gif,74.2,matched,"barbell incline reverse-grip press [""triceps""] [""chest"", ""shoulders""]"
chest,Machine Fly,data/Machine-Fly.gif,7WcQgkm,smith machine incline tricep extension - straight variation,"[""triceps""]","[""shoulders""]","[""upper arms""]","[""smith machine""]",https://static.exercisedb.dev/media/7WcQgkm.gif,62.22,matched,"smith machine incline tricep extension - straight variation [""triceps""] [""shoulders""]"
chest,Decline Dumbbell Press,data/Decline-Dumbbell-Press.gif,1qrWgZ2,dumbbell decline hammer press,"[""pectorals""]","[""triceps"", ""shoulders""]","[""chest""]","[""dumbbell""]",https://static.exercisedb.dev/media/1qrWgZ2.gif,80.0,matched,"dumbbell decline hammer press [""pectorals""] [""triceps"", ""shoulders""]"
chest,Lever Incline Chest Press,data/Lever-Incline-Chest-Press.gif,7B4F5nZ,lever calf press,"[""calves""]","[""hamstrings""]","[""lower legs""]","[""leverage machine""]",https://static.exercisedb.dev/media/7B4F5nZ.gif,65.19,matched,"lever calf press [""calves""] [""hamstrings""]"
chest,Chest Dips,data/Chest-Dips.gif,9WTm7dq,chest dip,"[""pectorals""]","[""triceps"", ""shoulders""]","[""chest""]","[""body weight""]",https://static.exercisedb.dev/media/9WTm7dq.gif,75.79,matched,"chest dip [""pectorals""] [""triceps"", ""shoulders""]"
chest,Assisted Chest Dip,data/Assisted-Chest-Dip.gif,9WTm7dq,chest dip,"[""pectorals""]","[""triceps"", ""shoulders""]","[""chest""]","[""body weight""]",https://static.exercisedb.dev/media/9WTm7dq.gif,80.0,matched,"chest dip [""pectorals""] [""triceps"", ""shoulders""]"
chest,Lying Cable Fly,data/Lying-Cable-Fly.gif,61GrD55,cable lying close-grip curl,"[""biceps""]","[""forearms""]","[""upper arms""]","[""cable""]",https://static.exercisedb.dev/media/61GrD55.gif,67.69,matched,"cable lying close-grip curl [""biceps""] [""forearms""]"
chest,Drop Push-Up,data/Drop-Push-Up.gif,0br45wL,push-up inside leg kick,"[""glutes""]","[""quadriceps"", ""hamstrings"", ""calves"", ""core""]","[""upper legs""]","[""body weight""]",https://static.exercisedb.dev/media/0br45wL.gif,58.95,matched,"push-up inside leg kick [""glutes""] [""quadriceps"", ""hamstrings"", ""calves"", ""core""]"
chest,Inner Chest Press Machine,data/Inner-Chest-Press-Machine.gif,9WTm7dq,chest dip,"[""pectorals""]","[""triceps"", ""shoulders""]","[""chest""]","[""body weight""]",https://static.exercisedb.dev/media/9WTm7dq.gif,57.14,matched,"chest dip [""pectorals""] [""triceps"", ""shoulders""]"
chest,Decline Dumbbell Fly,data/Decline-Dumbbell-Fly.gif,1qrWgZ2,dumbbell decline hammer press,"[""pectorals""]","[""triceps"", ""shoulders""]","[""chest""]","[""dumbbell""]",https://static.exercisedb.dev/media/1qrWgZ2.gif,71.11,matched,"dumbbell decline hammer press [""pectorals""] [""triceps"", ""shoulders""]"
chest,Incline Dumbbell Hammer Press,data/Incline-Dumbbell-Hammer-Press.gif,1qrWgZ2,dumbbell decline hammer press,"[""pectorals""]","[""triceps"", ""shoulders""]","[""chest""]","[""dumbbell""]",https://static.exercisedb.dev/media/1qrWgZ2.gif,74.48,matched,"dumbbell decline hammer press [""pectorals""] [""triceps"", ""shoulders""]"
chest,Dumbbell Upward Fly,data/Dumbbell-Upward-Fly.gif,8DiFDVA,dumbbell rear fly,"[""delts""]","[""trapezius"", ""rhomboids""]","[""shoulders""]","[""dumbbell""]",https://static.exercisedb.dev/media/8DiFDVA.gif,66.67,matched,"dumbbell rear fly [""delts""] [""trapezius"", ""rhomboids""]"
chest,Narrow Grip Wall Push-Up,data/Narrow-Grip-Wall-Push-Up.gif,4cWjYEN,narrow push-up on exercise ball,"[""triceps""]","[""chest"", ""shoulders""]","[""upper arms""]","[""stability ball""]",https://static.exercisedb.dev/media/4cWjYEN.gif,58.95,matched,"narrow push-up on exercise ball [""triceps""] [""chest"", ""shoulders""]"
chest,Shoulder Stretch Behind Back,data/Shoulder-Stretch-Behind-Back.gif,0mB6wHO,runners stretch,"[""hamstrings""]","[""calves"", ""quadriceps""]","[""upper legs""]","[""body weight""]",https://static.exercisedb.dev/media/0mB6wHO.gif,50.91,matched,"runners stretch [""hamstrings""] [""calves"", ""quadriceps""]"
chest,Decline Chest Press Machine,data/Decline-Chest-Press-Machine.gif,2Pya1cP,cable decline press,"[""pectorals""]","[""triceps"", ""shoulders""]","[""chest""]","[""cable""]",https://static.exercisedb.dev/media/2Pya1cP.gif,65.0,matched,"cable decline press [""pectorals""] [""triceps"", ""shoulders""]"
chest,Lying Chest Press Machine,data/Lying-Chest-Press-Machine.gif,9WTm7dq,chest dip,"[""pectorals""]","[""triceps"", ""shoulders""]","[""chest""]","[""body weight""]",https://static.exercisedb.dev/media/9WTm7dq.gif,57.14,matched,"chest dip [""pectorals""] [""triceps"", ""shoulders""]"
chest,Wall Push-up,data/Wall-Push-up.gif,0br45wL,push-up inside leg kick,"[""glutes""]","[""quadriceps"", ""hamstrings"", ""calves"", ""core""]","[""upper legs""]","[""body weight""]",https://static.exercisedb.dev/media/0br45wL.gif,58.95,matched,"push-up inside leg kick [""glutes""] [""quadriceps"", ""hamstrings"", ""calves"", ""core""]"
chest,Smith Machine Hex Press,data/Smith-Machine-Hex-Press.gif,7zdxRTl,smith leg press,"[""glutes""]","[""quadriceps"", ""hamstrings"", ""calves""]","[""upper legs""]","[""smith machine""]",https://static.exercisedb.dev/media/7zdxRTl.gif,67.69,matched,"smith leg press [""glutes""] [""quadriceps"", ""hamstrings"", ""calves""]"
chest,Close-grip Incline Dumbbell Press,data/Close-grip-Incline-Dumbbell-Press.gif,7jGOBF3,dumbbell close grip press,"[""triceps""]","[""chest"", ""shoulders""]","[""upper arms""]","[""dumbbell""]",https://static.exercisedb.dev/media/7jGOBF3.gif,80.0,matched,"dumbbell close grip press [""triceps""] [""chest"", ""shoulders""]"
chest,Kneeling Push-up,data/Kneeling-Push-up.gif,225x2Vd,band kneeling twisting crunch,"[""abs""]","[""obliques""]","[""waist""]","[""band""]",https://static.exercisedb.dev/media/225x2Vd.gif,53.33,matched,"band kneeling twisting crunch [""abs""] [""obliques""]"
chest,Decline Cable Fly,data/Decline-Cable-Fly.gif,7saC5zz,cable decline fly,"[""pectorals""]","[""shoulders"", ""triceps""]","[""chest""]","[""cable""]",https://static.exercisedb.dev/media/7saC5zz.gif,80.0,matched,"cable decline fly [""pectorals""] [""shoulders"", ""triceps""]"
chest,Smith Machine Bench Press,data/Smith-Machine-Bench-Press.gif,5v7KYld,smith incline bench press,"[""pectorals""]","[""shoulders"", ""triceps""]","[""chest""]","[""smith machine""]",https://static.exercisedb.dev/media/5v7KYld.gif,70.4,matched,"smith incline bench press [""pectorals""] [""shoulders"", ""triceps""]"
chest,Smith Machine Incline Bench Press,data/Smith-Machine-Incline-Bench-Press.gif,5v7KYld,smith incline bench press,"[""pectorals""]","[""shoulders"", ""triceps""]","[""chest""]","[""smith machine""]",https://static.exercisedb.dev/media/5v7KYld.gif,80.0,matched,"smith incline bench press [""pectorals""] [""shoulders"", ""triceps""]"
chest,Parallel Bar Dips,data/Parallel-Bar-Dips.gif,7xeukSt,scapula dips,"[""traps""]","[""rhomboids"", ""deltoids""]","[""back""]","[""body weight""]",https://static.exercisedb.dev/media/7xeukSt.gif,44.14,matched,"scapula dips [""traps""] [""rhomboids"", ""deltoids""]"
chest,Back Pec Stretch,data/Back-Pec-Stretch.gif,0mB6wHO,runners stretch,"[""hamstrings""]","[""calves"", ""quadriceps""]","[""upper legs""]","[""body weight""]",https://static.exercisedb.dev/media/0mB6wHO.gif,50.91,matched,"runners stretch [""hamstrings""] [""calves"", ""quadriceps""]"
chest,Lever Incline Hammer Chest Press,data/Lever-Incline-Hammer-Chest-Press.gif,7B4F5nZ,lever calf press,"[""calves""]","[""hamstrings""]","[""lower legs""]","[""leverage machine""]",https://static.exercisedb.dev/media/7B4F5nZ.gif,65.19,matched,"lever calf press [""calves""] [""hamstrings""]"
chest,Lever Crossovers,data/Lever-Crossovers.gif,4U7iLb5,lever pullover,"[""lats""]","[""triceps"", ""shoulders""]","[""back""]","[""leverage machine""]",https://static.exercisedb.dev/media/4U7iLb5.gif,53.33,matched,"lever pullover [""lats""] [""triceps"", ""shoulders""]"
chest,Reverse Grip Dumbbell Bench Press,data/Reverse-Grip-Dumbbell-Bench-Press.gif,9pQSkH8,dumbbell reverse grip incline bench two arm row,"[""upper back""]","[""biceps"", ""forearms""]","[""back""]","[""dumbbell""]",https://static.exercisedb.dev/media/9pQSkH8.gif,72.0,matched,"dumbbell reverse grip incline bench two arm row [""upper back""] [""biceps"", ""forearms""]"
chest,Lever Chest Press,data/Lever-Chest-Press.gif,7B4F5nZ,lever calf press,"[""calves""]","[""hamstrings""]","[""lower legs""]","[""leverage machine""]",https://static.exercisedb.dev/media/7B4F5nZ.gif,65.19,matched,"lever calf press [""calves""] [""hamstrings""]"
chest,Incline Push-up,data/Incline-Push-up.gif,1YB40kg,incline close-grip push-up,"[""triceps""]","[""chest"", ""shoulders""]","[""upper arms""]","[""body weight""]",https://static.exercisedb.dev/media/1YB40kg.gif,80.0,matched,"incline close-grip push-up [""triceps""] [""chest"", ""shoulders""]"
chest,Svend Press,data/Svend-Press.gif,0dCyly0,barbell seated bradford rocky press,"[""delts""]","[""triceps"", ""upper back""]","[""shoulders""]","[""barbell""]",https://static.exercisedb.dev/media/0dCyly0.gif,50.0,matched,"barbell seated bradford rocky press [""delts""] [""triceps"", ""upper back""]"
chest,Reverse Push-up,data/Reverse-Push-up.gif,A9qxk2F,archer push up,"[""pectorals""]","[""triceps"", ""shoulders"", ""core""]","[""chest""]","[""body weight""]",https://static.exercisedb.dev/media/A9qxk2F.gif,60.69,matched,"archer push up [""pectorals""] [""triceps"", ""shoulders"", ""core""]"
chest,Alternate Dumbbell Bench Press,data/Alternate-Dumbbell-Bench-Press.gif,3d7wHyd,dumbbell bench seated press,"[""delts""]","[""triceps"", ""chest""]","[""shoulders""]","[""dumbbell""]",https://static.exercisedb.dev/media/3d7wHyd.gif,70.18,matched,"dumbbell bench seated press [""delts""] [""triceps"", ""chest""]"
chest,Close-Grip Dumbbell Press,data/Close-Grip-Dumbbell-Press.gif,7jGOBF3,dumbbell close grip press,"[""triceps""]","[""chest"", ""shoulders""]","[""upper arms""]","[""dumbbell""]",https://static.exercisedb.dev/media/7jGOBF3.gif,80.0,matched,"dumbbell close grip press [""triceps""] [""chest"", ""shoulders""]"
chest,Clap Push-Up,data/Clap-Push-Up.gif,0br45wL,push-up inside leg kick,"[""glutes""]","[""quadriceps"", ""hamstrings"", ""calves"", ""core""]","[""upper legs""]","[""body weight""]",https://static.exercisedb.dev/media/0br45wL.gif,58.95,matched,"push-up inside leg kick [""glutes""] [""quadriceps"", ""hamstrings"", ""calves"", ""core""]"
chest,Above Head Chest Stretch,data/Above-Head-Chest-Stretch.gif,9WTm7dq,chest dip,"[""pectorals""]","[""triceps"", ""shoulders""]","[""chest""]","[""body weight""]",https://static.exercisedb.dev/media/9WTm7dq.gif,57.14,matched,"chest dip [""pectorals""] [""triceps"", ""shoulders""]"
chest,Dynamic Chest Stretch,data/Dynamic-Chest-Stretch.gif,3uj0Ozg,dynamic chest stretch (male),"[""pectorals""]","[""shoulders"", ""triceps""]","[""chest""]","[""body weight""]",https://static.exercisedb.dev/media/3uj0Ozg.gif,80.0,matched,"dynamic chest stretch (male) [""pectorals""] [""shoulders"", ""triceps""]"
chest,Single Dumbbell Close-grip Press,data/Single-Dumbbell-Close-grip-Press.gif,7jGOBF3,dumbbell close grip press,"[""triceps""]","[""chest"", ""shoulders""]","[""upper arms""]","[""dumbbell""]",https://static.exercisedb.dev/media/7jGOBF3.gif,80.0,matched,"dumbbell close grip press [""triceps""] [""chest"", ""shoulders""]"
chest,Kneeling Diamond Push-Up,data/Kneeling-Diamond-Push-Up.gif,A9qxk2F,archer push up,"[""pectorals""]","[""triceps"", ""shoulders"", ""core""]","[""chest""]","[""body weight""]",https://static.exercisedb.dev/media/A9qxk2F.gif,53.33,matched,"archer push up [""pectorals""] [""triceps"", ""shoulders"", ""core""]"
chest,Dips Between Chairs,data/Dips-Between-Chairs.gif,7xeukSt,scapula dips,"[""traps""]","[""rhomboids"", ""deltoids""]","[""back""]","[""body weight""]",https://static.exercisedb.dev/media/7xeukSt.gif,40.0,matched,"scapula dips [""traps""] [""rhomboids"", ""deltoids""]"
chest,Push-up With Push-up Bars,data/Push-up-With-Push-up-Bars.gif,A9qxk2F,archer push up,"[""pectorals""]","[""triceps"", ""shoulders"", ""core""]","[""chest""]","[""body weight""]",https://static.exercisedb.dev/media/A9qxk2F.gif,56.77,matched,"archer push up [""pectorals""] [""triceps"", ""shoulders"", ""core""]"
chest,Inverted Row,data/Inverted-Row.gif,1YUWDNZ,extended style inverted row,"[""upper back""]","[""biceps"", ""forearms""]","[""back""]","[""body weight""]",https://static.exercisedb.dev/media/1YUWDNZ.gif,80.0,matched,"extended style inverted row [""upper back""] [""biceps"", ""forearms""]"
chest,Smith Machine Decline Bench Press,data/Smith-Machine-Decline-Bench-Press.gif,7zdxRTl,smith leg press,"[""glutes""]","[""quadriceps"", ""hamstrings"", ""calves""]","[""upper legs""]","[""smith machine""]",https://static.exercisedb.dev/media/7zdxRTl.gif,67.69,matched,"smith leg press [""glutes""] [""quadriceps"", ""hamstrings"", ""calves""]"
chest,One Arm Decline Cable Fly,data/One-Arm-Decline-Cable-Fly.gif,7saC5zz,cable decline fly,"[""pectorals""]","[""shoulders"", ""triceps""]","[""chest""]","[""cable""]",https://static.exercisedb.dev/media/7saC5zz.gif,80.0,matched,"cable decline fly [""pectorals""] [""shoulders"", ""triceps""]"
chest,Korean Dips,data/Korean-Dips.gif,7aVz15j,triceps dips floor,"[""triceps""]","[""chest"", ""shoulders""]","[""upper arms""]","[""body weight""]",https://static.exercisedb.dev/media/7aVz15j.gif,44.14,matched,"triceps dips floor [""triceps""] [""chest"", ""shoulders""]"
chest,Straight Bar Dip,data/Straight-Bar-Dip.gif,4Ml7QFO,hanging straight leg raise,"[""abs""]","[""hip flexors""]","[""waist""]","[""body weight""]",https://static.exercisedb.dev/media/4Ml7QFO.gif,53.33,matched,"hanging straight leg raise [""abs""] [""hip flexors""]"
chest,Dumbbell One Arm Reverse Grip Press,data/Dumbbell-One-Arm-Reverse-Grip-Press.gif,5fKX7wi,dumbbell seated reverse grip one arm overhead tricep extension,"[""triceps""]","[""shoulders""]","[""upper arms""]","[""dumbbell""]",https://static.exercisedb.dev/media/5fKX7wi.gif,72.5,matched,"dumbbell seated reverse grip one arm overhead tricep extension [""triceps""] [""shoulders""]"
chest,Lever One Arm Chest Press,data/Lever-One-Arm-Chest-Press.gif,2KGnL6M,lever one arm shoulder press,"[""delts""]","[""triceps"", ""upper back""]","[""shoulders""]","[""leverage machine""]",https://static.exercisedb.dev/media/2KGnL6M.gif,69.09,matched,"lever one arm shoulder press [""delts""] [""triceps"", ""upper back""]"
chest,Standing One Arm Chest Stretch,data/Standing-One-Arm-Chest-Stretch.gif,1jXLYEw,standing lateral stretch,"[""lats""]","[""shoulders"", ""obliques""]","[""back""]","[""body weight""]",https://static.exercisedb.dev/media/1jXLYEw.gif,64.0,matched,"standing lateral stretch [""lats""] [""shoulders"", ""obliques""]"
chest,Single Arm Medicine Ball Push-Up,data/Single-Arm-Medicine-Ball-Push-Up.gif,13TpY4H,raise single arm push-up,"[""pectorals""]","[""triceps"", ""shoulders"", ""core""]","[""chest""]","[""body weight""]",https://static.exercisedb.dev/media/13TpY4H.gif,68.57,matched,"raise single arm push-up [""pectorals""] [""triceps"", ""shoulders"", ""core""]"
chest,Stability Ball Decline Push-Up,data/Stability-Ball-Decline-Push-Up.gif,9Ap7miY,decline crunch,"[""abs""]","[""hip flexors""]","[""waist""]","[""body weight""]",https://static.exercisedb.dev/media/9Ap7miY.gif,53.33,matched,"decline crunch [""abs""] [""hip flexors""]"
chest,Dumbbell Pullover On Stability Ball,data/Dumbbell-Pullover-On-Stability-Ball.gif,9XjtHvS,dumbbell pullover,"[""pectorals""]","[""latissimus dorsi"", ""triceps""]","[""chest""]","[""dumbbell""]",https://static.exercisedb.dev/media/9XjtHvS.gif,80.0,matched,"dumbbell pullover [""pectorals""] [""latissimus dorsi"", ""triceps""]"
chest,Stability Ball Push-Up,data/Stability-Ball-Push-Up.gif,1IG6gVF,prone twist on stability ball,"[""abs""]","[""obliques"", ""lower back""]","[""waist""]","[""stability ball""]",https://static.exercisedb.dev/media/1IG6gVF.gif,62.22,matched,"prone twist on stability ball [""abs""] [""obliques"", ""lower back""]"
chest,Dumbbell Decline One-Arm Hammer Press,data/Dumbbell-Decline-One-Arm-Hammer-Press.gif,1qrWgZ2,dumbbell decline hammer press,"[""pectorals""]","[""triceps"", ""shoulders""]","[""chest""]","[""dumbbell""]",https://static.exercisedb.dev/media/1qrWgZ2.gif,80.0,matched,"dumbbell decline hammer press [""pectorals""] [""triceps"", ""shoulders""]"
chest,Pike Push-up,data/Pike-Push-up.gif,0br45wL,push-up inside leg kick,"[""glutes""]","[""quadriceps"", ""hamstrings"", ""calves"", ""core""]","[""upper legs""]","[""body weight""]",https://static.exercisedb.dev/media/0br45wL.gif,58.95,matched,"push-up inside leg kick [""glutes""] [""quadriceps"", ""hamstrings"", ""calves"", ""core""]"
chest,Weighted Push-up,data/Weighted-Push-up.gif,0lQnxMZ,weighted sissy squat,"[""quads""]","[""glutes"", ""hamstrings"", ""calves""]","[""upper legs""]","[""weighted""]",https://static.exercisedb.dev/media/0lQnxMZ.gif,53.33,matched,"weighted sissy squat [""quads""] [""glutes"", ""hamstrings"", ""calves""]"
chest,Push-Up Plus,data/Push-Up-Plus.gif,0br45wL,push-up inside leg kick,"[""glutes""]","[""quadriceps"", ""hamstrings"", ""calves"", ""core""]","[""upper legs""]","[""body weight""]",https://static.exercisedb.dev/media/0br45wL.gif,58.95,matched,"push-up inside leg kick [""glutes""] [""quadriceps"", ""hamstrings"", ""calves"", ""core""]"
chest,Single Arm Push-up,data/Single-Arm-Push-up.gif,13TpY4H,raise single arm push-up,"[""pectorals""]","[""triceps"", ""shoulders"", ""core""]","[""chest""]","[""body weight""]",https://static.exercisedb.dev/media/13TpY4H.gif,80.0,matched,"raise single arm push-up [""pectorals""] [""triceps"", ""shoulders"", ""core""]"
chest,One-Arm Kettlebell Chest Press,data/One-Arm-Kettlebell-Chest-Press.gif,7Ba7bQ2,kettlebell two arm clean,"[""delts""]","[""traps"", ""forearms""]","[""shoulders""]","[""kettlebell""]",https://static.exercisedb.dev/media/7Ba7bQ2.gif,58.95,matched,"kettlebell two arm clean [""delts""] [""traps"", ""forearms""]"
chest,Kettlebell Chest Press on the Floor,data/Kettlebell-Chest-Press-on-the-Floor.gif,7w6i0vE,kettlebell alternating press on floor,"[""pectorals""]","[""shoulders"", ""triceps""]","[""chest""]","[""kettlebell""]",https://static.exercisedb.dev/media/7w6i0vE.gif,66.67,matched,"kettlebell alternating press on floor [""pectorals""] [""shoulders"", ""triceps""]"
chest,Wide Grip Bench Press,data/Wide-Grip-Bench-Press.gif,3QgteDK,barbell wide reverse grip bench press horizontal,"[""pectorals""]","[""triceps"", ""shoulders""]","[""chest""]","[""barbell""]",https://static.exercisedb.dev/media/3QgteDK.gif,80.0,matched,"barbell wide reverse grip bench press horizontal [""pectorals""] [""triceps"", ""shoulders""]"
chest,Decline Barbell Bench Press,data/Decline-Barbell-Bench-Press.gif,3TZduzM,barbell incline bench press,"[""pectorals""]","[""shoulders"", ""triceps""]","[""chest""]","[""barbell""]",https://static.exercisedb.dev/media/3TZduzM.gif,74.07,matched,"barbell incline bench press [""pectorals""] [""shoulders"", ""triceps""]"
chest,One Arm Push Ups With Support,data/One-Arm-Push-Ups-With-Support.gif,4Jt8QsQ,push-up on lower arms,"[""triceps""]","[""chest"", ""shoulders""]","[""upper arms""]","[""body weight""]",https://static.exercisedb.dev/media/4Jt8QsQ.gif,51.2,matched,"push-up on lower arms [""triceps""] [""chest"", ""shoulders""]"
chest,Band Standing Chest Press,data/Band-Standing-Chest-Press.gif,4x5Okof,resistance band seated chest press,"[""pectorals""]","[""shoulders"", ""triceps""]","[""chest""]","[""resistance band""]",https://static.exercisedb.dev/media/4x5Okof.gif,62.44,matched,"resistance band seated chest press [""pectorals""] [""shoulders"", ""triceps""]"
chest,Seated Chest Stretch,data/Seated-Chest-Stretch.gif,17bqEXD,seated calf stretch (male),"[""calves""]","[""hamstrings""]","[""lower legs""]","[""body weight""]",https://static.exercisedb.dev/media/17bqEXD.gif,65.88,matched,"seated calf stretch (male) [""calves""] [""hamstrings""]"
chest,Foam Roller Chest Stretch,data/Foam-Roller-Chest-Stretch.gif,0L2KwtI,roller hip lat stretch,"[""glutes""]","[""hamstrings"", ""quadriceps""]","[""upper legs""]","[""roller""]",https://static.exercisedb.dev/media/0L2KwtI.gif,62.22,matched,"roller hip lat stretch [""glutes""] [""hamstrings"", ""quadriceps""]"
chest,Foam Roller Front Shoulder and Chest,data/Foam-Roller-Front-Shoulder-and-Chest.gif,9WTm7dq,chest dip,"[""pectorals""]","[""triceps"", ""shoulders""]","[""chest""]","[""body weight""]",https://static.exercisedb.dev/media/9WTm7dq.gif,57.14,matched,"chest dip [""pectorals""] [""triceps"", ""shoulders""]"
chest,Assisted Reverse Stretch (Chest And Shoulder),data/Assisted-Reverse-Stretch-(Chest-And-Shoulder).gif,0mB6wHO,runners stretch,"[""hamstrings""]","[""calves"", ""quadriceps""]","[""upper legs""]","[""body weight""]",https://static.exercisedb.dev/media/0mB6wHO.gif,50.91,matched,"runners stretch [""hamstrings""] [""calves"", ""quadriceps""]"
chest,Lying Upper Body Rotation,data/Lying-Upper-Body-Rotation.gif,7RWNjiB,dumbbell lying pronation on floor,"[""forearms""]","[""biceps"", ""triceps""]","[""lower arms""]","[""dumbbell""]",https://static.exercisedb.dev/media/7RWNjiB.gif,44.14,matched,"dumbbell lying pronation on floor [""forearms""] [""biceps"", ""triceps""]"
chest,Lever Decline Chest Press,data/Lever-Decline-Chest-Press.gif,7B4F5nZ,lever calf press,"[""calves""]","[""hamstrings""]","[""lower legs""]","[""leverage machine""]",https://static.exercisedb.dev/media/7B4F5nZ.gif,65.19,matched,"lever calf press [""calves""] [""hamstrings""]"
chest,Fish Pose,data/Fish-Pose.gif,05Cf2v8,impossible dips,"[""triceps""]","[""chest"", ""shoulders""]","[""upper arms""]","[""body weight""]",https://static.exercisedb.dev/media/05Cf2v8.gif,46.67,matched,"impossible dips [""triceps""] [""chest"", ""shoulders""]"
chest,Incline Chest Press Machine,data/Incline-Chest-Press-Machine.gif,5v7KYld,smith incline bench press,"[""pectorals""]","[""shoulders"", ""triceps""]","[""chest""]","[""smith machine""]",https://static.exercisedb.dev/media/5v7KYld.gif,58.46,matched,"smith incline bench press [""pectorals""] [""shoulders"", ""triceps""]"
chest,İncline Cable Fly,data/İncline-Cable-Fly.gif,7saC5zz,cable decline fly,"[""pectorals""]","[""shoulders"", ""triceps""]","[""chest""]","[""cable""]",https://static.exercisedb.dev/media/7saC5zz.gif,68.57,matched,"cable decline fly [""pectorals""] [""shoulders"", ""triceps""]"
chest,Reverse Chest Stretch,data/Reverse-Chest-Stretch.gif,3uj0Ozg,dynamic chest stretch (male),"[""pectorals""]","[""shoulders"", ""triceps""]","[""chest""]","[""body weight""]",https://static.exercisedb.dev/media/3uj0Ozg.gif,61.18,matched,"dynamic chest stretch (male) [""pectorals""] [""shoulders"", ""triceps""]"
chest,Kneeling Landmine Press,data/Kneeling-Landmine-Press.gif,1cTf2Ux,ez bar standing french press,"[""triceps""]","[""shoulders""]","[""upper arms""]","[""ez barbell""]",https://static.exercisedb.dev/media/1cTf2Ux.gif,47.06,matched,"ez bar standing french press [""triceps""] [""shoulders""]"
chest,Pike Push-Up Between Chairs,data/Pike-Push-Up-Between-Chairs.gif,A9qxk2F,archer push up,"[""pectorals""]","[""triceps"", ""shoulders"", ""core""]","[""chest""]","[""body weight""]",https://static.exercisedb.dev/media/A9qxk2F.gif,53.33,matched,"archer push up [""pectorals""] [""triceps"", ""shoulders"", ""core""]"
chest,Back Slaps Wrap Around Stretch,data/Back-Slaps-Wrap-Around-Stretch.gif,0mB6wHO,runners stretch,"[""hamstrings""]","[""calves"", ""quadriceps""]","[""upper legs""]","[""body weight""]",https://static.exercisedb.dev/media/0mB6wHO.gif,50.91,matched,"runners stretch [""hamstrings""] [""calves"", ""quadriceps""]"
chest,Reaction Ball Throw,data/Reaction-Ball-Throw.gif,7vG5o25,dumbbell incline row,"[""upper back""]","[""biceps"", ""shoulders""]","[""back""]","[""dumbbell""]",https://static.exercisedb.dev/media/7vG5o25.gif,45.13,matched,"dumbbell incline row [""upper back""] [""biceps"", ""shoulders""]"
chest,Seated Cable Chest Press,data/Seated-Cable-Chest-Press.gif,4x5Okof,resistance band seated chest press,"[""pectorals""]","[""shoulders"", ""triceps""]","[""chest""]","[""resistance band""]",https://static.exercisedb.dev/media/4x5Okof.gif,68.57,matched,"resistance band seated chest press [""pectorals""] [""shoulders"", ""triceps""]"
chest,Seated Cable Close Grip Chest Press,data/Seated-Cable-Close-Grip-Chest-Press.gif,8oYqOt9,cable seated curl,"[""biceps""]","[""forearms""]","[""upper arms""]","[""cable""]",https://static.exercisedb.dev/media/8oYqOt9.gif,66.21,matched,"cable seated curl [""biceps""] [""forearms""]"
chest,Cable Half Kneeling Pallof Press,data/Cable-Half-Kneeling-Pallof-Press.gif,7xI5MXA,cable bench press,"[""pectorals""]","[""triceps"", ""shoulders""]","[""chest""]","[""cable""]",https://static.exercisedb.dev/media/7xI5MXA.gif,62.86,matched,"cable bench press [""pectorals""] [""triceps"", ""shoulders""]"
chest,Chest and Front of Shoulder Stretch,data/Chest-and-Front-of-Shoulder-Stretch.gif,9WTm7dq,chest dip,"[""pectorals""]","[""triceps"", ""shoulders""]","[""chest""]","[""body weight""]",https://static.exercisedb.dev/media/9WTm7dq.gif,57.14,matched,"chest dip [""pectorals""] [""triceps"", ""shoulders""]"
chest,Forearm Push-up,data/Forearm-Push-up.gif,A9qxk2F,archer push up,"[""pectorals""]","[""triceps"", ""shoulders"", ""core""]","[""chest""]","[""body weight""]",https://static.exercisedb.dev/media/A9qxk2F.gif,60.69,matched,"archer push up [""pectorals""] [""triceps"", ""shoulders"", ""core""]"
chest,Banded Shoulder Adduction,data/Banded-Shoulder-Adduction.gif,6e2DcYX,dumbbell incline shoulder raise,"[""serratus anterior""]","[""deltoids"", ""trapezius""]","[""chest""]","[""dumbbell""]",https://static.exercisedb.dev/media/6e2DcYX.gif,48.57,matched,"dumbbell incline shoulder raise [""serratus anterior""] [""deltoids"", ""trapezius""]"
chest,Band Alternate Incline Chest Press,data/Band-Alternate-Incline-Chest-Press.gif,3TZduzM,barbell incline bench press,"[""pectorals""]","[""shoulders"", ""triceps""]","[""chest""]","[""barbell""]",https://static.exercisedb.dev/media/3TZduzM.gif,57.7,matched,"barbell incline bench press [""pectorals""] [""shoulders"", ""triceps""]"
chest,Incline Close-Grip Bench Press,data/Incline-Close-Grip-Bench-Press.gif,5v7KYld,smith incline bench press,"[""pectorals""]","[""shoulders"", ""triceps""]","[""chest""]","[""smith machine""]",https://static.exercisedb.dev/media/5v7KYld.gif,69.09,matched,"smith incline bench press [""pectorals""] [""shoulders"", ""triceps""]"
chest,Close Grip Bench Press,data/Close-Grip-Bench-Press.gif,3QgteDK,barbell wide reverse grip bench press horizontal,"[""pectorals""]","[""triceps"", ""shoulders""]","[""chest""]","[""barbell""]",https://static.exercisedb.dev/media/3QgteDK.gif,67.37,matched,"barbell wide reverse grip bench press horizontal [""pectorals""] [""triceps"", ""shoulders""]"
chest,Diamond Push-up,data/Diamond-Push-up.gif,4Jt8QsQ,push-up on lower arms,"[""triceps""]","[""chest"", ""shoulders""]","[""upper arms""]","[""body weight""]",https://static.exercisedb.dev/media/4Jt8QsQ.gif,53.33,matched,"push-up on lower arms [""triceps""] [""chest"", ""shoulders""]"
chest,Push-Up,data/Push-Up.gif,0br45wL,push-up inside leg kick,"[""glutes""]","[""quadriceps"", ""hamstrings"", ""calves"", ""core""]","[""upper legs""]","[""body weight""]",https://static.exercisedb.dev/media/0br45wL.gif,80.0,matched,"push-up inside leg kick [""glutes""] [""quadriceps"", ""hamstrings"", ""calves"", ""core""]"
chest,Hammer Press,data/Hammer-Press.gif,1qrWgZ2,dumbbell decline hammer press,"[""pectorals""]","[""triceps"", ""shoulders""]","[""chest""]","[""dumbbell""]",https://static.exercisedb.dev/media/1qrWgZ2.gif,80.0,matched,"dumbbell decline hammer press [""pectorals""] [""triceps"", ""shoulders""]"
chest,Chest Press Machine,data/Chest-Press-Machine.gif,4x5Okof,resistance band seated chest press,"[""pectorals""]","[""shoulders"", ""triceps""]","[""chest""]","[""resistance band""]",https://static.exercisedb.dev/media/4x5Okof.gif,58.67,matched,"resistance band seated chest press [""pectorals""] [""shoulders"", ""triceps""]"
chest,Corner Wall Stretch,data/Corner-Wall-Stretch.gif,0mB6wHO,runners stretch,"[""hamstrings""]","[""calves"", ""quadriceps""]","[""upper legs""]","[""body weight""]",https://static.exercisedb.dev/media/0mB6wHO.gif,56.47,matched,"runners stretch [""hamstrings""] [""calves"", ""quadriceps""]"
chest,Barbell Floor Press,data/Barbell-Floor-Press.gif,0dCyly0,barbell seated bradford rocky press,"[""delts""]","[""triceps"", ""upper back""]","[""shoulders""]","[""barbell""]",https://static.exercisedb.dev/media/0dCyly0.gif,65.0,matched,"barbell seated bradford rocky press [""delts""] [""triceps"", ""upper back""]"
chest,Landmine Floor Chest Fly,data/Landmine-Floor-Chest-Fly.gif,9WTm7dq,chest dip,"[""pectorals""]","[""triceps"", ""shoulders""]","[""chest""]","[""body weight""]",https://static.exercisedb.dev/media/9WTm7dq.gif,57.14,matched,"chest dip [""pectorals""] [""triceps"", ""shoulders""]"
chest,Decline Hammer Press,data/Decline-Hammer-Press.gif,1qrWgZ2,dumbbell decline hammer press,"[""pectorals""]","[""triceps"", ""shoulders""]","[""chest""]","[""dumbbell""]",https://static.exercisedb.dev/media/1qrWgZ2.gif,80.0,matched,"dumbbell decline hammer press [""pectorals""] [""triceps"", ""shoulders""]"
chest,Close-Grip Reverse Bench Press,data/Close-Grip-Reverse-Bench-Press.gif,3QgteDK,barbell wide reverse grip bench press horizontal,"[""pectorals""]","[""triceps"", ""shoulders""]","[""chest""]","[""barbell""]",https://static.exercisedb.dev/media/3QgteDK.gif,71.11,matched,"barbell wide reverse grip bench press horizontal [""pectorals""] [""triceps"", ""shoulders""]"
chest,Wide-Grip Reverse Bench Press,data/Wide-Grip-Reverse-Bench-Press.gif,3QgteDK,barbell wide reverse grip bench press horizontal,"[""pectorals""]","[""triceps"", ""shoulders""]","[""chest""]","[""barbell""]",https://static.exercisedb.dev/media/3QgteDK.gif,80.0,matched,"barbell wide reverse grip bench press horizontal [""pectorals""] [""triceps"", ""shoulders""]"
chest,Straddle Planche,,9WTm7dq,chest dip,"[""pectorals""]","[""triceps"", ""shoulders""]","[""chest""]","[""body weight""]",https://static.exercisedb.dev/media/9WTm7dq.gif,38.4,matched,"chest dip [""pectorals""] [""triceps"", ""shoulders""]"
chest,Close Grip Knee Push-up,data/Close-Grip-Knee-Push-up.gif,1YB40kg,incline close-grip push-up,"[""triceps""]","[""chest"", ""shoulders""]","[""upper arms""]","[""body weight""]",https://static.exercisedb.dev/media/1YB40kg.gif,70.24,matched,"incline close-grip push-up [""triceps""] [""chest"", ""shoulders""]"
chest,Push-up With Rotation,data/Push-up-With-Rotation.gif,A9qxk2F,archer push up,"[""pectorals""]","[""triceps"", ""shoulders"", ""core""]","[""chest""]","[""body weight""]",https://static.exercisedb.dev/media/A9qxk2F.gif,53.33,matched,"archer push up [""pectorals""] [""triceps"", ""shoulders"", ""core""]"
chest,Supine Medicine Ball Chest Throw,data/Supine-Medicine-Ball-Chest-Throw.gif,aDoFKrE,medicine ball chest pass,"[""pectorals""]","[""shoulders"", ""triceps""]","[""chest""]","[""medicine ball""]",https://static.exercisedb.dev/media/aDoFKrE.gif,70.7,matched,"medicine ball chest pass [""pectorals""] [""shoulders"", ""triceps""]"
chest,Reverse Dips,data/Reverse-Dips.gif,0IgNjSM,dumbbell standing reverse curl,"[""biceps""]","[""forearms""]","[""upper arms""]","[""dumbbell""]",https://static.exercisedb.dev/media/0IgNjSM.gif,58.95,matched,"dumbbell standing reverse curl [""biceps""] [""forearms""]"
chest,Trx Chest Press,data/Trx-Chest-Press.gif,4x5Okof,resistance band seated chest press,"[""pectorals""]","[""shoulders"", ""triceps""]","[""chest""]","[""resistance band""]",https://static.exercisedb.dev/media/4x5Okof.gif,67.69,matched,"resistance band seated chest press [""pectorals""] [""shoulders"", ""triceps""]"
chest,Dumbbell Straight Arm Pullover (knees at 90 degrees),data/Dumbbell-Straight-Arm-Pullover-(knees-at-90-degrees).gif,9XjtHvS,dumbbell pullover,"[""pectorals""]","[""latissimus dorsi"", ""triceps""]","[""chest""]","[""dumbbell""]",https://static.exercisedb.dev/media/9XjtHvS.gif,80.0,matched,"dumbbell pullover [""pectorals""] [""latissimus dorsi"", ""triceps""]"
chest,Trx Chest Fly,data/Trx-Chest-Fly.gif,9WTm7dq,chest dip,"[""pectorals""]","[""triceps"", ""shoulders""]","[""chest""]","[""body weight""]",https://static.exercisedb.dev/media/9WTm7dq.gif,57.14,matched,"chest dip [""pectorals""] [""triceps"", ""shoulders""]"
chest,Doorway Pec and Shoulder Stretch,data/Doorway-Pec-and-Shoulder-Stretch.gif,0mB6wHO,runners stretch,"[""hamstrings""]","[""calves"", ""quadriceps""]","[""upper legs""]","[""body weight""]",https://static.exercisedb.dev/media/0mB6wHO.gif,50.91,matched,"runners stretch [""hamstrings""] [""calves"", ""quadriceps""]"
chest,Kettlebell Renegade Row,data/Kettlebell-Renegade-Row.gif,9Tkqa9O,kettlebell windmill,"[""abs""]","[""obliques"", ""shoulders""]","[""waist""]","[""kettlebell""]",https://static.exercisedb.dev/media/9Tkqa9O.gif,55.17,matched,"kettlebell windmill [""abs""] [""obliques"", ""shoulders""]"
chest,Push-Up to Renegade Row,data/Push-Up-to-Renegade-Row.gif,A9qxk2F,archer push up,"[""pectorals""]","[""triceps"", ""shoulders"", ""core""]","[""chest""]","[""body weight""]",https://static.exercisedb.dev/media/A9qxk2F.gif,53.33,matched,"archer push up [""pectorals""] [""triceps"", ""shoulders"", ""core""]"
chest,Modified Hindu Push-up,data/Modified-Hindu-Push-up.gif,A9qxk2F,archer push up,"[""pectorals""]","[""triceps"", ""shoulders"", ""core""]","[""chest""]","[""body weight""]",https://static.exercisedb.dev/media/A9qxk2F.gif,53.33,matched,"archer push up [""pectorals""] [""triceps"", ""shoulders"", ""core""]"
chest,Knuckle Push-Up,data/Knuckle-Push-Up.gif,A9qxk2F,archer push up,"[""pectorals""]","[""triceps"", ""shoulders"", ""core""]","[""chest""]","[""body weight""]",https://static.exercisedb.dev/media/A9qxk2F.gif,55.17,matched,"archer push up [""pectorals""] [""triceps"", ""shoulders"", ""core""]"
chest,Planche Push-Up,data/Planche-Push-Up.gif,A9qxk2F,archer push up,"[""pectorals""]","[""triceps"", ""shoulders"", ""core""]","[""chest""]","[""body weight""]",https://static.exercisedb.dev/media/A9qxk2F.gif,66.21,matched,"archer push up [""pectorals""] [""triceps"", ""shoulders"", ""core""]"
chest,Finger Push-up,data/Finger-Push-up.gif,A9qxk2F,archer push up,"[""pectorals""]","[""triceps"", ""shoulders"", ""core""]","[""chest""]","[""body weight""]",https://static.exercisedb.dev/media/A9qxk2F.gif,57.14,matched,"archer push up [""pectorals""] [""triceps"", ""shoulders"", ""core""]"
chest,Chest Tap Push-up,data/Chest-Tap-Push-up.gif,7E06s6d,chest tap push-up (male),"[""pectorals""]","[""triceps"", ""shoulders""]","[""chest""]","[""body weight""]",https://static.exercisedb.dev/media/7E06s6d.gif,80.0,matched,"chest tap push-up (male) [""pectorals""] [""triceps"", ""shoulders""]"
chest,Kettlebell Deep Push-Up,data/Kettlebell-Deep-Push-Up.gif,4KJEpzb,kettlebell bottoms up clean from the hang position,"[""biceps""]","[""forearms"", ""shoulders""]","[""upper arms""]","[""kettlebell""]",https://static.exercisedb.dev/media/4KJEpzb.gif,57.78,matched,"kettlebell bottoms up clean from the hang position [""biceps""] [""forearms"", ""shoulders""]"
chest,Archer Push-Up,data/Archer-Push-Up.gif,A9qxk2F,archer push up,"[""pectorals""]","[""triceps"", ""shoulders"", ""core""]","[""chest""]","[""body weight""]",https://static.exercisedb.dev/media/A9qxk2F.gif,80.0,matched,"archer push up [""pectorals""] [""triceps"", ""shoulders"", ""core""]"
chest,One Leg Push-Up,data/One-Leg-Push-Up.gif,0br45wL,push-up inside leg kick,"[""glutes""]","[""quadriceps"", ""hamstrings"", ""calves"", ""core""]","[""upper legs""]","[""body weight""]",https://static.exercisedb.dev/media/0br45wL.gif,67.69,matched,"push-up inside leg kick [""glutes""] [""quadriceps"", ""hamstrings"", ""calves"", ""core""]"
chest,Bosu Ball Push-Up,data/Bosu-Ball-Push-Up.gif,4cWjYEN,narrow push-up on exercise ball,"[""triceps""]","[""chest"", ""shoulders""]","[""upper arms""]","[""stability ball""]",https://static.exercisedb.dev/media/4cWjYEN.gif,66.21,matched,"narrow push-up on exercise ball [""triceps""] [""chest"", ""shoulders""]"
chest,Resistance Band Alternating Chest Fly,data/Resistance-Band-Alternating-Chest-Fly.gif,4x5Okof,resistance band seated chest press,"[""pectorals""]","[""shoulders"", ""triceps""]","[""chest""]","[""resistance band""]",https://static.exercisedb.dev/media/4x5Okof.gif,61.09,matched,"resistance band seated chest press [""pectorals""] [""shoulders"", ""triceps""]"
chest,Dumbbell Reverse Grip 30 Degrees Incline Bench Press,data/Dumbbell-Reverse-Grip-30-Degrees-Incline-Bench-Press.gif,78VqWQK,smith incline reverse-grip press,"[""pectorals""]","[""triceps"", ""shoulders""]","[""chest""]","[""smith machine""]",https://static.exercisedb.dev/media/78VqWQK.gif,71.72,matched,"smith incline reverse-grip press [""pectorals""] [""triceps"", ""shoulders""]"
chest,Incline Landmine Press,data/Incline-Landmine-Press.gif,3TZduzM,barbell incline bench press,"[""pectorals""]","[""shoulders"", ""triceps""]","[""chest""]","[""barbell""]",https://static.exercisedb.dev/media/3TZduzM.gif,59.43,matched,"barbell incline bench press [""pectorals""] [""shoulders"", ""triceps""]"
chest,Ring Dips,data/Ring-Dips.gif,05Cf2v8,impossible dips,"[""triceps""]","[""chest"", ""shoulders""]","[""upper arms""]","[""body weight""]",https://static.exercisedb.dev/media/05Cf2v8.gif,49.23,matched,"impossible dips [""triceps""] [""chest"", ""shoulders""]"
chest,Cobra Push-up,data/Cobra-Push-up.gif,A9qxk2F,archer push up,"[""pectorals""]","[""triceps"", ""shoulders"", ""core""]","[""chest""]","[""body weight""]",https://static.exercisedb.dev/media/A9qxk2F.gif,59.26,matched,"archer push up [""pectorals""] [""triceps"", ""shoulders"", ""core""]"
chest,Shoulder Tap Push-up,data/Shoulder-Tap-Push-up.gif,4GqRrAk,superman push-up,"[""pectorals""]","[""core"", ""shoulders""]","[""chest""]","[""body weight""]",https://static.exercisedb.dev/media/4GqRrAk.gif,57.78,matched,"superman push-up [""pectorals""] [""core"", ""shoulders""]"
chest,Single Arm Raise Push-up,data/Single-Arm-Raise-Push-up.gif,13TpY4H,raise single arm push-up,"[""pectorals""]","[""triceps"", ""shoulders"", ""core""]","[""chest""]","[""body weight""]",https://static.exercisedb.dev/media/13TpY4H.gif,80.0,matched,"raise single arm push-up [""pectorals""] [""triceps"", ""shoulders"", ""core""]"
chest,Suspended Push-Up,data/Suspended-Push-Up.gif,4OaumBr,suspended row,"[""upper back""]","[""biceps"", ""shoulders""]","[""back""]","[""body weight""]",https://static.exercisedb.dev/media/4OaumBr.gif,65.45,matched,"suspended row [""upper back""] [""biceps"", ""shoulders""]"
chest,Close-grip Dumbbell Push-Up,data/Close-grip-Dumbbell-Push-Up.gif,7jGOBF3,dumbbell close grip press,"[""triceps""]","[""chest"", ""shoulders""]","[""upper arms""]","[""dumbbell""]",https://static.exercisedb.dev/media/7jGOBF3.gif,69.09,matched,"dumbbell close grip press [""triceps""] [""chest"", ""shoulders""]"
chest,Medicine Ball Push-Up,data/Medicine-Ball-Push-Up.gif,8K7m2SS,medicine ball close grip push up,"[""triceps""]","[""chest"", ""shoulders""]","[""upper arms""]","[""medicine ball""]",https://static.exercisedb.dev/media/8K7m2SS.gif,80.0,matched,"medicine ball close grip push up [""triceps""] [""chest"", ""shoulders""]"
chest,Single Arm Push-Up on Medicine Ball,data/Single-Arm-Push-Up-on-Medicine-Ball.gif,13TpY4H,raise single arm push-up,"[""pectorals""]","[""triceps"", ""shoulders"", ""core""]","[""chest""]","[""body weight""]",https://static.exercisedb.dev/media/13TpY4H.gif,68.57,matched,"raise single arm push-up [""pectorals""] [""triceps"", ""shoulders"", ""core""]"
chest,Weighted Vest Push-up,data/Weighted-Vest-Push-up.gif,A9qxk2F,archer push up,"[""pectorals""]","[""triceps"", ""shoulders"", ""core""]","[""chest""]","[""body weight""]",https://static.exercisedb.dev/media/A9qxk2F.gif,53.33,matched,"archer push up [""pectorals""] [""triceps"", ""shoulders"", ""core""]"
chest,Standing incline chest press With Resistance Band,data/Standing-incline-chest-press-With-Resistance-Band.gif,4x5Okof,resistance band seated chest press,"[""pectorals""]","[""shoulders"", ""triceps""]","[""chest""]","[""resistance band""]",https://static.exercisedb.dev/media/4x5Okof.gif,70.82,matched,"resistance band seated chest press [""pectorals""] [""shoulders"", ""triceps""]"
chest,Middle Chest fly With Resistance Band,data/Middle-Chest-fly-With-Resistance-Band.gif,4x5Okof,resistance band seated chest press,"[""pectorals""]","[""shoulders"", ""triceps""]","[""chest""]","[""resistance band""]",https://static.exercisedb.dev/media/4x5Okof.gif,61.09,matched,"resistance band seated chest press [""pectorals""] [""shoulders"", ""triceps""]"
chest,Kneeling Incline Press | Gymstick,data/Kneeling-Incline-Press-|-Gymstick.gif,5v7KYld,smith incline bench press,"[""pectorals""]","[""shoulders"", ""triceps""]","[""chest""]","[""smith machine""]",https://static.exercisedb.dev/media/5v7KYld.gif,54.74,matched,"smith incline bench press [""pectorals""] [""shoulders"", ""triceps""]"
chest,Low Chest Fly With Resistance Band,data/Low-Chest-Fly-With-Resistance-Band.gif,4x5Okof,resistance band seated chest press,"[""pectorals""]","[""shoulders"", ""triceps""]","[""chest""]","[""resistance band""]",https://static.exercisedb.dev/media/4x5Okof.gif,61.09,matched,"resistance band seated chest press [""pectorals""] [""shoulders"", ""triceps""]"
chest,High Chest Fly With Resistance Band,data/High-Chest-Fly-With-Resistance-Band.gif,4x5Okof,resistance band seated chest press,"[""pectorals""]","[""shoulders"", ""triceps""]","[""chest""]","[""resistance band""]",https://static.exercisedb.dev/media/4x5Okof.gif,61.09,matched,"resistance band seated chest press [""pectorals""] [""shoulders"", ""triceps""]"
chest,Decline Push-up,data/Decline-Push-up.gif,9Ap7miY,decline crunch,"[""abs""]","[""hip flexors""]","[""waist""]","[""body weight""]",https://static.exercisedb.dev/media/9Ap7miY.gif,55.17,matched,"decline crunch [""abs""] [""hip flexors""]"
back,Rowing Machine,data/Rowing-Machine.gif,7WcQgkm,smith machine incline tricep extension - straight variation,"[""triceps""]","[""shoulders""]","[""upper arms""]","[""smith machine""]",https://static.exercisedb.dev/media/7WcQgkm.gif,53.33,matched,"smith machine incline tricep extension - straight variation [""triceps""] [""shoulders""]"
back,Lever Front Pulldown,data/Lever-Front-Pulldown.gif,7F1DVzn,lever front pulldown,"[""lats""]","[""biceps"", ""rhomboids"", ""rear deltoids""]","[""back""]","[""leverage machine""]",https://static.exercisedb.dev/media/7F1DVzn.gif,80.0,matched,"lever front pulldown [""lats""] [""biceps"", ""rhomboids"", ""rear deltoids""]"
back,Pull-Up,data/Pull-Up.gif,0rHfvy9,inverse leg curl (on pull-up cable machine),"[""hamstrings""]","[""glutes"", ""calves""]","[""upper legs""]","[""body weight""]",https://static.exercisedb.dev/media/0rHfvy9.gif,80.0,matched,"inverse leg curl (on pull-up cable machine) [""hamstrings""] [""glutes"", ""calves""]"
back,Cable Rear Pulldown,data/Cable-Rear-Pulldown.gif,0MlxeMn,gentle style cable pulldown (pro lat bar),"[""lats""]","[""biceps"", ""forearms""]","[""back""]","[""cable""]",https://static.exercisedb.dev/media/0MlxeMn.gif,67.88,matched,"gentle style cable pulldown (pro lat bar) [""lats""] [""biceps"", ""forearms""]"
back,Lat Pulldown,data/Lat-Pulldown.gif,0MlxeMn,gentle style cable pulldown (pro lat bar),"[""lats""]","[""biceps"", ""forearms""]","[""back""]","[""cable""]",https://static.exercisedb.dev/media/0MlxeMn.gif,80.0,matched,"gentle style cable pulldown (pro lat bar) [""lats""] [""biceps"", ""forearms""]"
back,Seated Cable Row,data/Seated-Cable-Row.gif,A3P4O0R,cable seated row with reverse,"[""upper back""]","[""biceps"", ""forearms""]","[""back""]","[""cable""]",https://static.exercisedb.dev/media/A3P4O0R.gif,80.0,matched,"cable seated row with reverse [""upper back""] [""biceps"", ""forearms""]"
back,Barbell Bent Over Row,data/Barbell-Bent-Over-Row.gif,5lE7XRz,smith bent over row with declined,"[""upper back""]","[""biceps"", ""forearms""]","[""back""]","[""smith machine""]",https://static.exercisedb.dev/media/5lE7XRz.gif,61.18,matched,"smith bent over row with declined [""upper back""] [""biceps"", ""forearms""]"
back,Cable Straight Arm Pulldown,data/Cable-Straight-Arm-Pulldown.gif,4c9BhzB,cable lateral pulldown with v-bar,"[""lats""]","[""biceps"", ""forearms""]","[""back""]","[""cable""]",https://static.exercisedb.dev/media/4c9BhzB.gif,61.33,matched,"cable lateral pulldown with v-bar [""lats""] [""biceps"", ""forearms""]"
back,Legless Rope Climb,data/Legless-Rope-Climb.gif,7B4F5nZ,lever calf press,"[""calves""]","[""hamstrings""]","[""lower legs""]","[""leverage machine""]",https://static.exercisedb.dev/media/7B4F5nZ.gif,42.35,matched,"lever calf press [""calves""] [""hamstrings""]"
back,Lever T-Bar Row,data/Lever-T-Bar-Row.gif,aaXr7ld,lever t bar row,"[""upper back""]","[""biceps"", ""forearms""]","[""back""]","[""leverage machine""]",https://static.exercisedb.dev/media/aaXr7ld.gif,80.0,matched,"lever t bar row [""upper back""] [""biceps"", ""forearms""]"
back,Dumbbell Row,data/Dumbbell-Row.gif,6cKQC5E,dumbbell one arm upright row,"[""delts""]","[""traps"", ""biceps""]","[""shoulders""]","[""dumbbell""]",https://static.exercisedb.dev/media/6cKQC5E.gif,80.0,matched,"dumbbell one arm upright row [""delts""] [""traps"", ""biceps""]"
back,Bent Over Dumbbell Row,data/Bent-Over-Dumbbell-Row.gif,3T12T87,dumbbell standing bent over two arm triceps extension,"[""triceps""]","[""shoulders"", ""back""]","[""upper arms""]","[""dumbbell""]",https://static.exercisedb.dev/media/3T12T87.gif,72.0,matched,"dumbbell standing bent over two arm triceps extension [""triceps""] [""shoulders"", ""back""]"
back,Dumbbell Bent Over Reverse Grip Row,data/Dumbbell-Bent-Over-Reverse-Grip-Row.gif,aaxA3cm,smith reverse grip bent over row,"[""upper back""]","[""biceps"", ""forearms""]","[""back""]","[""smith machine""]",https://static.exercisedb.dev/media/aaxA3cm.gif,71.72,matched,"smith reverse grip bent over row [""upper back""] [""biceps"", ""forearms""]"
back,Reverse Lat-Pulldown,data/Reverse-Lat-Pulldown.gif,0MlxeMn,gentle style cable pulldown (pro lat bar),"[""lats""]","[""biceps"", ""forearms""]","[""back""]","[""cable""]",https://static.exercisedb.dev/media/0MlxeMn.gif,60.0,matched,"gentle style cable pulldown (pro lat bar) [""lats""] [""biceps"", ""forearms""]"
back,Muscle-Up,data/Muscle-Up.gif,Af0EW2I,muscle-up (on vertical bar),"[""lats""]","[""biceps"", ""triceps"", ""forearms""]","[""back""]","[""body weight""]",https://static.exercisedb.dev/media/Af0EW2I.gif,80.0,matched,"muscle-up (on vertical bar) [""lats""] [""biceps"", ""triceps"", ""forearms""]"
back,Seated Row Machine,data/Seated-Row-Machine.gif,7I6LNUG,lever seated row,"[""upper back""]","[""biceps"", ""forearms""]","[""back""]","[""leverage machine""]",https://static.exercisedb.dev/media/7I6LNUG.gif,61.54,matched,"lever seated row [""upper back""] [""biceps"", ""forearms""]"
back,One Arm Cable Row,data/One-Arm-Cable-Row.gif,4hATdoB,cable rope one arm hammer preacher curl,"[""biceps""]","[""forearms""]","[""upper arms""]","[""cable""]",https://static.exercisedb.dev/media/4hATdoB.gif,69.33,matched,"cable rope one arm hammer preacher curl [""biceps""] [""forearms""]"
back,Reverse Grip Barbell Row,data/Reverse-Grip-Barbell-Row.gif,8d8qJQI,barbell reverse grip incline bench row,"[""upper back""]","[""biceps"", ""forearms""]","[""back""]","[""barbell""]",https://static.exercisedb.dev/media/8d8qJQI.gif,80.0,matched,"barbell reverse grip incline bench row [""upper back""] [""biceps"", ""forearms""]"
back,Deadlift,data/Deadlift.gif,2DxtqHL,barbell one arm side deadlift,"[""glutes""]","[""hamstrings"", ""quadriceps"", ""lower back""]","[""upper legs""]","[""barbell""]",https://static.exercisedb.dev/media/2DxtqHL.gif,80.0,matched,"barbell one arm side deadlift [""glutes""] [""hamstrings"", ""quadriceps"", ""lower back""]"
back,Romanian Deadlift,data/Romanian-Deadlift.gif,2DxtqHL,barbell one arm side deadlift,"[""glutes""]","[""hamstrings"", ""quadriceps"", ""lower back""]","[""upper legs""]","[""barbell""]",https://static.exercisedb.dev/media/2DxtqHL.gif,51.2,matched,"barbell one arm side deadlift [""glutes""] [""hamstrings"", ""quadriceps"", ""lower back""]"
back,Upper Back Stretch,data/Upper-Back-Stretch.gif,0mB6wHO,runners stretch,"[""hamstrings""]","[""calves"", ""quadriceps""]","[""upper legs""]","[""body weight""]",https://static.exercisedb.dev/media/0mB6wHO.gif,53.33,matched,"runners stretch [""hamstrings""] [""calves"", ""quadriceps""]"
back,Kneeling High Pulley Row,data/Kneeling-High-Pulley-Row.gif,8ARQ9Hw,kettlebell sumo high pull,"[""traps""]","[""shoulders"", ""glutes"", ""hamstrings""]","[""back""]","[""kettlebell""]",https://static.exercisedb.dev/media/8ARQ9Hw.gif,52.24,matched,"kettlebell sumo high pull [""traps""] [""shoulders"", ""glutes"", ""hamstrings""]"
back,Sumo Deadlift,data/Sumo-Deadlift.gif,2DxtqHL,barbell one arm side deadlift,"[""glutes""]","[""hamstrings"", ""quadriceps"", ""lower back""]","[""upper legs""]","[""barbell""]",https://static.exercisedb.dev/media/2DxtqHL.gif,60.95,matched,"barbell one arm side deadlift [""glutes""] [""hamstrings"", ""quadriceps"", ""lower back""]"
back,Half Kneeling Lat Pulldown,data/Half-Kneeling-Lat-Pulldown.gif,4IKbhHV,alternate lateral pulldown,"[""lats""]","[""biceps"", ""rhomboids""]","[""back""]","[""cable""]",https://static.exercisedb.dev/media/4IKbhHV.gif,52.31,matched,"alternate lateral pulldown [""lats""] [""biceps"", ""rhomboids""]"
back,Dumbbell Straight Leg Deadlift,data/Dumbbell-Straight-Leg-Deadlift.gif,5eLRITT,dumbbell stiff leg deadlift,"[""glutes""]","[""hamstrings"", ""lower back""]","[""upper legs""]","[""dumbbell""]",https://static.exercisedb.dev/media/5eLRITT.gif,70.18,matched,"dumbbell stiff leg deadlift [""glutes""] [""hamstrings"", ""lower back""]"
back,Across Chest Shoulder Stretch,data/Across-Chest-Shoulder-Stretch.gif,9WTm7dq,chest dip,"[""pectorals""]","[""triceps"", ""shoulders""]","[""chest""]","[""body weight""]",https://static.exercisedb.dev/media/9WTm7dq.gif,57.14,matched,"chest dip [""pectorals""] [""triceps"", ""shoulders""]"
back,Standing Reach Up Back rotation Stretch,data/Standing-Reach-Up-Back-rotation-Stretch.gif,1jXLYEw,standing lateral stretch,"[""lats""]","[""shoulders"", ""obliques""]","[""back""]","[""body weight""]",https://static.exercisedb.dev/media/1jXLYEw.gif,64.0,matched,"standing lateral stretch [""lats""] [""shoulders"", ""obliques""]"
back,Shoulder Stretch Behind Back,data/Shoulder-Stretch-Behind-Back.gif,0mB6wHO,runners stretch,"[""hamstrings""]","[""calves"", ""quadriceps""]","[""upper legs""]","[""body weight""]",https://static.exercisedb.dev/media/0mB6wHO.gif,50.91,matched,"runners stretch [""hamstrings""] [""calves"", ""quadriceps""]"
back,Smith Machine Bent Over Row,data/Smith-Machine-Bent-Over-Row.gif,5lE7XRz,smith bent over row with declined,"[""upper back""]","[""biceps"", ""forearms""]","[""back""]","[""smith machine""]",https://static.exercisedb.dev/media/5lE7XRz.gif,66.09,matched,"smith bent over row with declined [""upper back""] [""biceps"", ""forearms""]"
back,Incline Reverse Grip Dumbbell Row,data/Incline-Reverse-Grip-Dumbbell-Row.gif,7vG5o25,dumbbell incline row,"[""upper back""]","[""biceps"", ""shoulders""]","[""back""]","[""dumbbell""]",https://static.exercisedb.dev/media/7vG5o25.gif,80.0,matched,"dumbbell incline row [""upper back""] [""biceps"", ""shoulders""]"
back,Barbell Pullover,data/Barbell-Pullover.gif,33AzZeV,barbell front raise and pullover,"[""pectorals""]","[""deltoids"", ""triceps""]","[""chest""]","[""barbell""]",https://static.exercisedb.dev/media/33AzZeV.gif,80.0,matched,"barbell front raise and pullover [""pectorals""] [""deltoids"", ""triceps""]"
back,Cable Pullover,data/Cable-Pullover.gif,4U7iLb5,lever pullover,"[""lats""]","[""triceps"", ""shoulders""]","[""back""]","[""leverage machine""]",https://static.exercisedb.dev/media/4U7iLb5.gif,62.86,matched,"lever pullover [""lats""] [""triceps"", ""shoulders""]"
back,Weighted Pull-up,data/Weighted-Pull-up.gif,0lQnxMZ,weighted sissy squat,"[""quads""]","[""glutes"", ""hamstrings"", ""calves""]","[""upper legs""]","[""weighted""]",https://static.exercisedb.dev/media/0lQnxMZ.gif,53.33,matched,"weighted sissy squat [""quads""] [""glutes"", ""hamstrings"", ""calves""]"
back,Reverse grip Pull-up,data/Reverse-grip-Pull-up.gif,3QgteDK,barbell wide reverse grip bench press horizontal,"[""pectorals""]","[""triceps"", ""shoulders""]","[""chest""]","[""barbell""]",https://static.exercisedb.dev/media/3QgteDK.gif,60.0,matched,"barbell wide reverse grip bench press horizontal [""pectorals""] [""triceps"", ""shoulders""]"
back,Close Grip Chin Up,data/Close-Grip-Chin-Up.gif,1YB40kg,incline close-grip push-up,"[""triceps""]","[""chest"", ""shoulders""]","[""upper arms""]","[""body weight""]",https://static.exercisedb.dev/media/1YB40kg.gif,67.1,matched,"incline close-grip push-up [""triceps""] [""chest"", ""shoulders""]"
back,Assisted Pull-up,data/Assisted-Pull-up.gif,5ipN0iE,assisted pull-up inclined,"[""lats""]","[""biceps"", ""forearms""]","[""back""]","[""leverage machine""]",https://static.exercisedb.dev/media/5ipN0iE.gif,80.0,matched,"assisted pull-up inclined [""lats""] [""biceps"", ""forearms""]"
back,Table Inverted Row,data/Table-Inverted-Row.gif,1YUWDNZ,extended style inverted row,"[""upper back""]","[""biceps"", ""forearms""]","[""back""]","[""body weight""]",https://static.exercisedb.dev/media/1YUWDNZ.gif,64.0,matched,"extended style inverted row [""upper back""] [""biceps"", ""forearms""]"
back,Cable One Arm Lat Pulldown,data/Cable-One-Arm-Lat-Pulldown.gif,0MlxeMn,gentle style cable pulldown (pro lat bar),"[""lats""]","[""biceps"", ""forearms""]","[""back""]","[""cable""]",https://static.exercisedb.dev/media/0MlxeMn.gif,65.45,matched,"gentle style cable pulldown (pro lat bar) [""lats""] [""biceps"", ""forearms""]"
back,Reverse Grip Machine Row,data/Reverse-Grip-Machine-Row.gif,8d8qJQI,barbell reverse grip incline bench row,"[""upper back""]","[""biceps"", ""forearms""]","[""back""]","[""barbell""]",https://static.exercisedb.dev/media/8d8qJQI.gif,64.0,matched,"barbell reverse grip incline bench row [""upper back""] [""biceps"", ""forearms""]"
back,Close Grip Cable Row,data/Close-Grip-Cable-Row.gif,61GrD55,cable lying close-grip curl,"[""biceps""]","[""forearms""]","[""upper arms""]","[""cable""]",https://static.exercisedb.dev/media/61GrD55.gif,71.11,matched,"cable lying close-grip curl [""biceps""] [""forearms""]"
back,Rope Straight Arm Pulldown,data/Rope-Straight-Arm-Pulldown.gif,6cKQC5E,dumbbell one arm upright row,"[""delts""]","[""traps"", ""biceps""]","[""shoulders""]","[""dumbbell""]",https://static.exercisedb.dev/media/6cKQC5E.gif,53.33,matched,"dumbbell one arm upright row [""delts""] [""traps"", ""biceps""]"
back,V-bar Lat Pulldown,data/V-bar-Lat-Pulldown.gif,4c9BhzB,cable lateral pulldown with v-bar,"[""lats""]","[""biceps"", ""forearms""]","[""back""]","[""cable""]",https://static.exercisedb.dev/media/4c9BhzB.gif,70.0,matched,"cable lateral pulldown with v-bar [""lats""] [""biceps"", ""forearms""]"
back,One-Arm Barbell Row,data/One-Arm-Barbell-Row.gif,2DxtqHL,barbell one arm side deadlift,"[""glutes""]","[""hamstrings"", ""quadriceps"", ""lower back""]","[""upper legs""]","[""barbell""]",https://static.exercisedb.dev/media/2DxtqHL.gif,70.59,matched,"barbell one arm side deadlift [""glutes""] [""hamstrings"", ""quadriceps"", ""lower back""]"
back,T-Bar Row,data/T-Bar-Row.gif,aaXr7ld,lever t bar row,"[""upper back""]","[""biceps"", ""forearms""]","[""back""]","[""leverage machine""]",https://static.exercisedb.dev/media/aaXr7ld.gif,80.0,matched,"lever t bar row [""upper back""] [""biceps"", ""forearms""]"
back,Incline Cable Row,data/Incline-Cable-Row.gif,1PK5Uo3,cable incline pushdown,"[""lats""]","[""triceps"", ""shoulders""]","[""back""]","[""cable""]",https://static.exercisedb.dev/media/1PK5Uo3.gif,69.33,matched,"cable incline pushdown [""lats""] [""triceps"", ""shoulders""]"
back,Cable Bent Over Row,data/Cable-Bent-Over-Row.gif,5lE7XRz,smith bent over row with declined,"[""upper back""]","[""biceps"", ""forearms""]","[""back""]","[""smith machine""]",https://static.exercisedb.dev/media/5lE7XRz.gif,65.0,matched,"smith bent over row with declined [""upper back""] [""biceps"", ""forearms""]"
back,Standing Side Bend Stretch,data/Standing-Side-Bend-Stretch.gif,1jXLYEw,standing lateral stretch,"[""lats""]","[""shoulders"", ""obliques""]","[""back""]","[""body weight""]",https://static.exercisedb.dev/media/1jXLYEw.gif,64.0,matched,"standing lateral stretch [""lats""] [""shoulders"", ""obliques""]"
back,Back Pec Stretch,data/Back-Pec-Stretch.gif,0mB6wHO,runners stretch,"[""hamstrings""]","[""calves"", ""quadriceps""]","[""upper legs""]","[""body weight""]",https://static.exercisedb.dev/media/0mB6wHO.gif,50.91,matched,"runners stretch [""hamstrings""] [""calves"", ""quadriceps""]"
back,Double Cable Neutral Grip Lat Pulldown On Floor,data/Double-Cable-Neutral-Grip-Lat-Pulldown-On-Floor.gif,4c9BhzB,cable lateral pulldown with v-bar,"[""lats""]","[""biceps"", ""forearms""]","[""back""]","[""cable""]",https://static.exercisedb.dev/media/4c9BhzB.gif,52.0,matched,"cable lateral pulldown with v-bar [""lats""] [""biceps"", ""forearms""]"
back,Incline Barbell Row,data/Incline-Barbell-Row.gif,8d8qJQI,barbell reverse grip incline bench row,"[""upper back""]","[""biceps"", ""forearms""]","[""back""]","[""barbell""]",https://static.exercisedb.dev/media/8d8qJQI.gif,80.0,matched,"barbell reverse grip incline bench row [""upper back""] [""biceps"", ""forearms""]"
back,Kneeling Single Arm High Pulley Row,data/Kneeling-Single-Arm-High-Pulley-Row.gif,1xHyxys,cable high pulley overhead tricep extension,"[""triceps""]","[""shoulders""]","[""upper arms""]","[""cable""]",https://static.exercisedb.dev/media/1xHyxys.gif,47.18,matched,"cable high pulley overhead tricep extension [""triceps""] [""shoulders""]"
back,Upside Down Pull-up,data/Upside-Down-Pull-up.gif,72BC5Za,archer pull up,"[""lats""]","[""biceps"", ""forearms""]","[""back""]","[""body weight""]",https://static.exercisedb.dev/media/72BC5Za.gif,53.33,matched,"archer pull up [""lats""] [""biceps"", ""forearms""]"
back,Swimming,data/Swimming.gif,9ZGZuOD,incline twisting sit-up,"[""abs""]","[""obliques""]","[""waist""]","[""body weight""]",https://static.exercisedb.dev/media/9ZGZuOD.gif,30.97,matched,"incline twisting sit-up [""abs""] [""obliques""]"
back,Brachialis Pull-up,data/Brachialis-Pull-up.gif,72BC5Za,archer pull up,"[""lats""]","[""biceps"", ""forearms""]","[""back""]","[""body weight""]",https://static.exercisedb.dev/media/72BC5Za.gif,55.0,matched,"archer pull up [""lats""] [""biceps"", ""forearms""]"
back,Close Grip Lat-Pulldown,data/Close-Grip-Lat-Pulldown.gif,4LoWllp,band fixed back close grip pulldown,"[""lats""]","[""biceps"", ""forearms""]","[""back""]","[""band""]",https://static.exercisedb.dev/media/4LoWllp.gif,72.38,matched,"band fixed back close grip pulldown [""lats""] [""biceps"", ""forearms""]"
back,Seated Cable Rope Row,data/Seated-Cable-Rope-Row.gif,A3P4O0R,cable seated row with reverse,"[""upper back""]","[""biceps"", ""forearms""]","[""back""]","[""cable""]",https://static.exercisedb.dev/media/A3P4O0R.gif,69.19,matched,"cable seated row with reverse [""upper back""] [""biceps"", ""forearms""]"
back,Cable Seated Pullover,data/Cable-Seated-Pullover.gif,8oYqOt9,cable seated curl,"[""biceps""]","[""forearms""]","[""upper arms""]","[""cable""]",https://static.exercisedb.dev/media/8oYqOt9.gif,66.21,matched,"cable seated curl [""biceps""] [""forearms""]"
back,Scapular Protraction and Retraction,data/Scapular-Protraction-and-Retraction.gif,9gbyYKk,band seated hip internal rotation,"[""glutes""]","[""hamstrings"", ""quadriceps""]","[""upper legs""]","[""band""]",https://static.exercisedb.dev/media/9gbyYKk.gif,44.71,matched,"band seated hip internal rotation [""glutes""] [""hamstrings"", ""quadriceps""]"
back,Ring Inverted Row,data/Ring-Inverted-Row.gif,1YUWDNZ,extended style inverted row,"[""upper back""]","[""biceps"", ""forearms""]","[""back""]","[""body weight""]",https://static.exercisedb.dev/media/1YUWDNZ.gif,66.21,matched,"extended style inverted row [""upper back""] [""biceps"", ""forearms""]"
back,Inverted Row,data/Inverted-Row.gif,1YUWDNZ,extended style inverted row,"[""upper back""]","[""biceps"", ""forearms""]","[""back""]","[""body weight""]",https://static.exercisedb.dev/media/1YUWDNZ.gif,80.0,matched,"extended style inverted row [""upper back""] [""biceps"", ""forearms""]"
back,Lever Cable Rear Pulldown,data/Lever-Cable-Rear-Pulldown.gif,7F1DVzn,lever front pulldown,"[""lats""]","[""biceps"", ""rhomboids"", ""rear deltoids""]","[""back""]","[""leverage machine""]",https://static.exercisedb.dev/media/7F1DVzn.gif,65.88,matched,"lever front pulldown [""lats""] [""biceps"", ""rhomboids"", ""rear deltoids""]"
back,Shotgun Row,data/Shotgun-Row.gif,4OaumBr,suspended row,"[""upper back""]","[""biceps"", ""shoulders""]","[""back""]","[""body weight""]",https://static.exercisedb.dev/media/4OaumBr.gif,46.67,matched,"suspended row [""upper back""] [""biceps"", ""shoulders""]"
back,Elbow Reverse Push-Up,data/Elbow-Reverse-Push-Up.gif,A9qxk2F,archer push up,"[""pectorals""]","[""triceps"", ""shoulders"", ""core""]","[""chest""]","[""body weight""]",https://static.exercisedb.dev/media/A9qxk2F.gif,53.33,matched,"archer push up [""pectorals""] [""triceps"", ""shoulders"", ""core""]"
back,Weighted One Arm Pull-up,data/Weighted-One-Arm-Pull-up.gif,6cKQC5E,dumbbell one arm upright row,"[""delts""]","[""traps"", ""biceps""]","[""shoulders""]","[""dumbbell""]",https://static.exercisedb.dev/media/6cKQC5E.gif,55.38,matched,"dumbbell one arm upright row [""delts""] [""traps"", ""biceps""]"
back,Cable Crossover Lat Pulldown,data/Cable-Crossover-Lat-Pulldown.gif,0MlxeMn,gentle style cable pulldown (pro lat bar),"[""lats""]","[""biceps"", ""forearms""]","[""back""]","[""cable""]",https://static.exercisedb.dev/media/0MlxeMn.gif,62.61,matched,"gentle style cable pulldown (pro lat bar) [""lats""] [""biceps"", ""forearms""]"
back,One Arm Landmine Row,data/One-Arm-Landmine-Row.gif,6cKQC5E,dumbbell one arm upright row,"[""delts""]","[""traps"", ""biceps""]","[""shoulders""]","[""dumbbell""]",https://static.exercisedb.dev/media/6cKQC5E.gif,56.77,matched,"dumbbell one arm upright row [""delts""] [""traps"", ""biceps""]"
back,Lever Reverse T-Bar Row,data/Lever-Reverse-T-Bar-Row.gif,aaXr7ld,lever t bar row,"[""upper back""]","[""biceps"", ""forearms""]","[""back""]","[""leverage machine""]",https://static.exercisedb.dev/media/aaXr7ld.gif,80.0,matched,"lever t bar row [""upper back""] [""biceps"", ""forearms""]"
back,Kettlebell Bent Over Row,data/Kettlebell-Bent-Over-Row.gif,5lE7XRz,smith bent over row with declined,"[""upper back""]","[""biceps"", ""forearms""]","[""back""]","[""smith machine""]",https://static.exercisedb.dev/media/5lE7XRz.gif,56.22,matched,"smith bent over row with declined [""upper back""] [""biceps"", ""forearms""]"
back,Full Range Of Motion Lat Pulldown,data/Full-Range-Of-Motion-Lat-Pulldown.gif,7F1DVzn,lever front pulldown,"[""lats""]","[""biceps"", ""rhomboids"", ""rear deltoids""]","[""back""]","[""leverage machine""]",https://static.exercisedb.dev/media/7F1DVzn.gif,45.71,matched,"lever front pulldown [""lats""] [""biceps"", ""rhomboids"", ""rear deltoids""]"
back,Chin-Up,data/Chin-Up.gif,7OeHptV,assisted standing chin-up,"[""lats""]","[""biceps"", ""forearms""]","[""back""]","[""leverage machine""]",https://static.exercisedb.dev/media/7OeHptV.gif,80.0,matched,"assisted standing chin-up [""lats""] [""biceps"", ""forearms""]"
back,Seated Toe Touches,data/Seated-Toe-Touches.gif,8xUv4J7,cable seated crunch,"[""abs""]","[""obliques""]","[""waist""]","[""cable""]",https://static.exercisedb.dev/media/8xUv4J7.gif,51.89,matched,"cable seated crunch [""abs""] [""obliques""]"
back,L-Sit Pull-Up,data/L-Sit-Pull-Up.gif,2gPfomN,3/4 sit-up,"[""abs""]","[""hip flexors"", ""lower back""]","[""waist""]","[""body weight""]",https://static.exercisedb.dev/media/2gPfomN.gif,60.0,matched,"3/4 sit-up [""abs""] [""hip flexors"", ""lower back""]"
back,Back Lever,data/Back-Lever.gif,17lJ1kr,lever lying leg curl,"[""hamstrings""]","[""calves""]","[""upper legs""]","[""leverage machine""]",https://static.exercisedb.dev/media/17lJ1kr.gif,53.33,matched,"lever lying leg curl [""hamstrings""] [""calves""]"
back,Swing 360,data/Swing-360.gif,5WiFcYk,weighted lunge with swing,"[""glutes""]","[""quadriceps"", ""hamstrings"", ""calves""]","[""upper legs""]","[""weighted""]",https://static.exercisedb.dev/media/5WiFcYk.gif,57.14,matched,"weighted lunge with swing [""glutes""] [""quadriceps"", ""hamstrings"", ""calves""]"
back,Front Lever Pull-up,data/Front-Lever-Pull-up.gif,7F1DVzn,lever front pulldown,"[""lats""]","[""biceps"", ""rhomboids"", ""rear deltoids""]","[""back""]","[""leverage machine""]",https://static.exercisedb.dev/media/7F1DVzn.gif,65.64,matched,"lever front pulldown [""lats""] [""biceps"", ""rhomboids"", ""rear deltoids""]"
back,Towel Shoulder Stretch,data/Towel-Shoulder-Stretch.gif,0mB6wHO,runners stretch,"[""hamstrings""]","[""calves"", ""quadriceps""]","[""upper legs""]","[""body weight""]",https://static.exercisedb.dev/media/0mB6wHO.gif,50.91,matched,"runners stretch [""hamstrings""] [""calves"", ""quadriceps""]"
back,Foam Roller Back Stretch,data/Foam-Roller-Back-Stretch.gif,0L2KwtI,roller hip lat stretch,"[""glutes""]","[""hamstrings"", ""quadriceps""]","[""upper legs""]","[""roller""]",https://static.exercisedb.dev/media/0L2KwtI.gif,62.22,matched,"roller hip lat stretch [""glutes""] [""hamstrings"", ""quadriceps""]"
back,Foam Roller Rhomboids,data/Foam-Roller-Rhomboids.gif,7M66AVi,barbell rollerout,"[""abs""]","[""lower back""]","[""waist""]","[""barbell""]",https://static.exercisedb.dev/media/7M66AVi.gif,42.11,matched,"barbell rollerout [""abs""] [""lower back""]"
back,Foam Roller Upper Back,data/Foam-Roller-Upper-Back.gif,7M66AVi,barbell rollerout,"[""abs""]","[""lower back""]","[""waist""]","[""barbell""]",https://static.exercisedb.dev/media/7M66AVi.gif,41.03,matched,"barbell rollerout [""abs""] [""lower back""]"
back,Foam Roller Lat Stretch,data/Foam-Roller-Lat-Stretch.gif,0L2KwtI,roller hip lat stretch,"[""glutes""]","[""hamstrings"", ""quadriceps""]","[""upper legs""]","[""roller""]",https://static.exercisedb.dev/media/0L2KwtI.gif,72.0,matched,"roller hip lat stretch [""glutes""] [""hamstrings"", ""quadriceps""]"
back,Lying Upper Body Rotation,data/Lying-Upper-Body-Rotation.gif,7RWNjiB,dumbbell lying pronation on floor,"[""forearms""]","[""biceps"", ""triceps""]","[""lower arms""]","[""dumbbell""]",https://static.exercisedb.dev/media/7RWNjiB.gif,44.14,matched,"dumbbell lying pronation on floor [""forearms""] [""biceps"", ""triceps""]"
back,Lever Pullover,data/Lever-Pullover.gif,4U7iLb5,lever pullover,"[""lats""]","[""triceps"", ""shoulders""]","[""back""]","[""leverage machine""]",https://static.exercisedb.dev/media/4U7iLb5.gif,80.0,matched,"lever pullover [""lats""] [""triceps"", ""shoulders""]"
back,One Arm Chin-Up,data/One-Arm-Chin-Up.gif,1TkiAFK,dumbbell one arm shoulder press v. 2,"[""delts""]","[""triceps"", ""upper back""]","[""shoulders""]","[""dumbbell""]",https://static.exercisedb.dev/media/1TkiAFK.gif,50.91,matched,"dumbbell one arm shoulder press v. 2 [""delts""] [""triceps"", ""upper back""]"
back,Scapula Pull-up,data/Scapula-Pull-up.gif,7xeukSt,scapula dips,"[""traps""]","[""rhomboids"", ""deltoids""]","[""back""]","[""body weight""]",https://static.exercisedb.dev/media/7xeukSt.gif,58.95,matched,"scapula dips [""traps""] [""rhomboids"", ""deltoids""]"
back,Archer Pull-up,data/Archer-Pull-up.gif,72BC5Za,archer pull up,"[""lats""]","[""biceps"", ""forearms""]","[""back""]","[""body weight""]",https://static.exercisedb.dev/media/72BC5Za.gif,80.0,matched,"archer pull up [""lats""] [""biceps"", ""forearms""]"
back,Jumping Pull-up,data/Jumping-Pull-up.gif,72BC5Za,archer pull up,"[""lats""]","[""biceps"", ""forearms""]","[""back""]","[""body weight""]",https://static.exercisedb.dev/media/72BC5Za.gif,53.33,matched,"archer pull up [""lats""] [""biceps"", ""forearms""]"
back,Commando Pull-up,data/Commando-Pull-up.gif,72BC5Za,archer pull up,"[""lats""]","[""biceps"", ""forearms""]","[""back""]","[""body weight""]",https://static.exercisedb.dev/media/72BC5Za.gif,53.33,matched,"archer pull up [""lats""] [""biceps"", ""forearms""]"
back,Behind The Neck Pull-up,data/Behind-The-Neck-Pull-up.gif,72BC5Za,archer pull up,"[""lats""]","[""biceps"", ""forearms""]","[""back""]","[""body weight""]",https://static.exercisedb.dev/media/72BC5Za.gif,53.33,matched,"archer pull up [""lats""] [""biceps"", ""forearms""]"
back,Cable One-Arm Pulldown,data/Cable-One-Arm-Pulldown.gif,0MlxeMn,gentle style cable pulldown (pro lat bar),"[""lats""]","[""biceps"", ""forearms""]","[""back""]","[""cable""]",https://static.exercisedb.dev/media/0MlxeMn.gif,62.22,matched,"gentle style cable pulldown (pro lat bar) [""lats""] [""biceps"", ""forearms""]"
back,Barbell Decline Bent Arm Pullover,data/Barbell-Decline-Bent-Arm-Pullover.gif,9sgNE2O,barbell decline pullover,"[""pectorals""]","[""triceps"", ""shoulders""]","[""chest""]","[""barbell""]",https://static.exercisedb.dev/media/9sgNE2O.gif,80.0,matched,"barbell decline pullover [""pectorals""] [""triceps"", ""shoulders""]"
back,Dead Hang,data/Dead-Hang.gif,4KJEpzb,kettlebell bottoms up clean from the hang position,"[""biceps""]","[""forearms"", ""shoulders""]","[""upper arms""]","[""kettlebell""]",https://static.exercisedb.dev/media/4KJEpzb.gif,49.23,matched,"kettlebell bottoms up clean from the hang position [""biceps""] [""forearms"", ""shoulders""]"
back,Isometric Pull-Up,data/Isometric-Pull-Up.gif,11wrviz,isometric wipers,"[""pectorals""]","[""shoulders"", ""triceps"", ""core""]","[""chest""]","[""body weight""]",https://static.exercisedb.dev/media/11wrviz.gif,57.6,matched,"isometric wipers [""pectorals""] [""shoulders"", ""triceps"", ""core""]"
back,Wide Grip Barbell Bent Over Row Plus,data/Wide-Grip-Barbell-Bent-Over-Row-Plus.gif,25GPyDY,barbell curl,"[""biceps""]","[""forearms""]","[""upper arms""]","[""barbell""]",https://static.exercisedb.dev/media/25GPyDY.gif,58.95,matched,"barbell curl [""biceps""] [""forearms""]"
back,Wide Grip Alternate Barbell Bent Over Row Plus,data/Wide-Grip-Alternate-Barbell-Bent-Over-Row-Plus.gif,25GPyDY,barbell curl,"[""biceps""]","[""forearms""]","[""upper arms""]","[""barbell""]",https://static.exercisedb.dev/media/25GPyDY.gif,58.95,matched,"barbell curl [""biceps""] [""forearms""]"
back,Wall Slides,data/Wall-Slides.gif,2jl9K55,spine twist,"[""abs""]","[""obliques"", ""lower back""]","[""waist""]","[""body weight""]",https://static.exercisedb.dev/media/2jl9K55.gif,36.36,matched,"spine twist [""abs""] [""obliques"", ""lower back""]"
back,Kneeling T-spine Rotation,data/Kneeling-T-spine-Rotation.gif,2jl9K55,spine twist,"[""abs""]","[""obliques"", ""lower back""]","[""waist""]","[""body weight""]",https://static.exercisedb.dev/media/2jl9K55.gif,50.0,matched,"spine twist [""abs""] [""obliques"", ""lower back""]"
back,Climbing Monkey Bars,data/Climbing-Monkey-Bars.gif,1ZFqTDN,air bike,"[""abs""]","[""hip flexors""]","[""waist""]","[""body weight""]",https://static.exercisedb.dev/media/1ZFqTDN.gif,40.0,matched,"air bike [""abs""] [""hip flexors""]"
back,Supine Spinal Twist,data/Supine-Spinal-Twist.gif,2jl9K55,spine twist,"[""abs""]","[""obliques"", ""lower back""]","[""waist""]","[""body weight""]",https://static.exercisedb.dev/media/2jl9K55.gif,58.67,matched,"spine twist [""abs""] [""obliques"", ""lower back""]"
back,Back Slaps Wrap Around Stretch,data/Back-Slaps-Wrap-Around-Stretch.gif,0mB6wHO,runners stretch,"[""hamstrings""]","[""calves"", ""quadriceps""]","[""upper legs""]","[""body weight""]",https://static.exercisedb.dev/media/0mB6wHO.gif,50.91,matched,"runners stretch [""hamstrings""] [""calves"", ""quadriceps""]"
back,Bodyweight Row in Doorway,data/Bodyweight-Row-in-Doorway.gif,3xK09Sk,bodyweight squatting row,"[""upper back""]","[""biceps"", ""shoulders""]","[""back""]","[""body weight""]",https://static.exercisedb.dev/media/3xK09Sk.gif,58.95,matched,"bodyweight squatting row [""upper back""] [""biceps"", ""shoulders""]"
back,Lever High Row,data/Lever-High-Row.gif,1u36hhy,stability lever narrow grip seated row,"[""upper back""]","[""biceps"", ""forearms""]","[""back""]","[""leverage machine""]",https://static.exercisedb.dev/media/1u36hhy.gif,62.61,matched,"stability lever narrow grip seated row [""upper back""] [""biceps"", ""forearms""]"
back,Incline Dumbbell Hammer Row,data/Incline-Dumbbell-Hammer-Row.gif,7vG5o25,dumbbell incline row,"[""upper back""]","[""biceps"", ""shoulders""]","[""back""]","[""dumbbell""]",https://static.exercisedb.dev/media/7vG5o25.gif,80.0,matched,"dumbbell incline row [""upper back""] [""biceps"", ""shoulders""]"
back,Plate Loaded Seated Row,data/Plate-Loaded-Seated-Row.gif,7I6LNUG,lever seated row,"[""upper back""]","[""biceps"", ""forearms""]","[""back""]","[""leverage machine""]",https://static.exercisedb.dev/media/7I6LNUG.gif,61.54,matched,"lever seated row [""upper back""] [""biceps"", ""forearms""]"
back,Chin Up Around the Bar,data/Chin-Up-Around-the-Bar.gif,1GPHRyK,janda sit-up,"[""abs""]","[""hip flexors"", ""lower back""]","[""waist""]","[""body weight""]",https://static.exercisedb.dev/media/1GPHRyK.gif,47.06,matched,"janda sit-up [""abs""] [""hip flexors"", ""lower back""]"
back,EZ-Bar Bent Arm Pullover,data/EZ-Bar-Bent-Arm-Pullover.gif,4U7iLb5,lever pullover,"[""lats""]","[""triceps"", ""shoulders""]","[""back""]","[""leverage machine""]",https://static.exercisedb.dev/media/4U7iLb5.gif,58.18,matched,"lever pullover [""lats""] [""triceps"", ""shoulders""]"
back,Banded Shoulder Extension,data/Banded-Shoulder-Extension.gif,1TVoin7,barbell lying triceps extension double,"[""triceps""]","[""shoulders""]","[""upper arms""]","[""barbell""]",https://static.exercisedb.dev/media/1TVoin7.gif,48.25,matched,"barbell lying triceps extension double [""triceps""] [""shoulders""]"
back,Banded Shoulder Adduction,data/Banded-Shoulder-Adduction.gif,6e2DcYX,dumbbell incline shoulder raise,"[""serratus anterior""]","[""deltoids"", ""trapezius""]","[""chest""]","[""dumbbell""]",https://static.exercisedb.dev/media/6e2DcYX.gif,48.57,matched,"dumbbell incline shoulder raise [""serratus anterior""] [""deltoids"", ""trapezius""]"
back,Landmine T-Bar Row,data/Landmine-T-Bar-Row.gif,aaXr7ld,lever t bar row,"[""upper back""]","[""biceps"", ""forearms""]","[""back""]","[""leverage machine""]",https://static.exercisedb.dev/media/aaXr7ld.gif,60.0,matched,"lever t bar row [""upper back""] [""biceps"", ""forearms""]"
back,Cable Twisting Standing High Row,data/Cable-Twisting-Standing-High-Row.gif,4f8RXP8,cable standing row (v-bar),"[""upper back""]","[""biceps"", ""shoulders""]","[""back""]","[""cable""]",https://static.exercisedb.dev/media/4f8RXP8.gif,65.45,matched,"cable standing row (v-bar) [""upper back""] [""biceps"", ""shoulders""]"
back,Single Arm Twisting Seated Cable Row,data/Single-Arm-Twisting-Seated-Cable-Row.gif,8oYqOt9,cable seated curl,"[""biceps""]","[""forearms""]","[""upper arms""]","[""cable""]",https://static.exercisedb.dev/media/8oYqOt9.gif,66.21,matched,"cable seated curl [""biceps""] [""forearms""]"
back,Band Alternating Lat Pulldown,data/Band-Alternating-Lat-Pulldown.gif,4IKbhHV,alternate lateral pulldown,"[""lats""]","[""biceps"", ""rhomboids""]","[""back""]","[""cable""]",https://static.exercisedb.dev/media/4IKbhHV.gif,61.09,matched,"alternate lateral pulldown [""lats""] [""biceps"", ""rhomboids""]"
back,Band Alternating Low Row with Twist,data/Band-Alternating-Low-Row-with-Twist.gif,3pqGMQj,band alternating v-up with simple,"[""abs""]","[""hip flexors""]","[""waist""]","[""band""]",https://static.exercisedb.dev/media/3pqGMQj.gif,62.22,matched,"band alternating v-up with simple [""abs""] [""hip flexors""]"
back,Band Seated Row,data/Band-Seated-Row.gif,0xDpB4L,resistance band seated hip abduction,"[""abductors""]","[""glutes"", ""hamstrings""]","[""upper legs""]","[""resistance band""]",https://static.exercisedb.dev/media/0xDpB4L.gif,67.69,matched,"resistance band seated hip abduction [""abductors""] [""glutes"", ""hamstrings""]"
back,Barbell Pendlay Row,data/Barbell-Pendlay-Row.gif,25GPyDY,barbell curl,"[""biceps""]","[""forearms""]","[""upper arms""]","[""barbell""]",https://static.exercisedb.dev/media/25GPyDY.gif,58.95,matched,"barbell curl [""biceps""] [""forearms""]"
back,Standing side bend,data/Standing-side-bend.gif,6bOA1Oi,weighted side bend (on stability ball),"[""abs""]","[""obliques"", ""lower back""]","[""waist""]","[""weighted""]",https://static.exercisedb.dev/media/6bOA1Oi.gif,53.33,matched,"weighted side bend (on stability ball) [""abs""] [""obliques"", ""lower back""]"
back,Neutral Grip Pull-up,data/Neutral-Grip-Pull-up.gif,0V2YQjW,pull up (neutral grip),"[""lats""]","[""biceps"", ""forearms""]","[""back""]","[""body weight""]",https://static.exercisedb.dev/media/0V2YQjW.gif,57.14,matched,"pull up (neutral grip) [""lats""] [""biceps"", ""forearms""]"
back,Medicine ball Overhead Slam,data/Medicine-ball-Overhead-Slam.gif,aDoFKrE,medicine ball chest pass,"[""pectorals""]","[""shoulders"", ""triceps""]","[""chest""]","[""medicine ball""]",https://static.exercisedb.dev/media/aDoFKrE.gif,56.47,matched,"medicine ball chest pass [""pectorals""] [""shoulders"", ""triceps""]"
back,Dumbbell Seal Row,data/Dumbbell-Seal-Row.gif,6cKQC5E,dumbbell one arm upright row,"[""delts""]","[""traps"", ""biceps""]","[""shoulders""]","[""dumbbell""]",https://static.exercisedb.dev/media/6cKQC5E.gif,66.21,matched,"dumbbell one arm upright row [""delts""] [""traps"", ""biceps""]"
back,Kettlebell Renegade Row,data/Kettlebell-Renegade-Row.gif,9Tkqa9O,kettlebell windmill,"[""abs""]","[""obliques"", ""shoulders""]","[""waist""]","[""kettlebell""]",https://static.exercisedb.dev/media/9Tkqa9O.gif,55.17,matched,"kettlebell windmill [""abs""] [""obliques"", ""shoulders""]"
back,Push-Up to Renegade Row,data/Push-Up-to-Renegade-Row.gif,A9qxk2F,archer push up,"[""pectorals""]","[""triceps"", ""shoulders"", ""core""]","[""chest""]","[""body weight""]",https://static.exercisedb.dev/media/A9qxk2F.gif,53.33,matched,"archer push up [""pectorals""] [""triceps"", ""shoulders"", ""core""]"
back,Dumbbell Renegade Row,data/Dumbbell-Renegade-Row.gif,7vG5o25,dumbbell incline row,"[""upper back""]","[""biceps"", ""shoulders""]","[""back""]","[""dumbbell""]",https://static.exercisedb.dev/media/7vG5o25.gif,60.0,matched,"dumbbell incline row [""upper back""] [""biceps"", ""shoulders""]"
back,Band Assisted Pull-up,data/Band-Assisted-Pull-up.gif,5ipN0iE,assisted pull-up inclined,"[""lats""]","[""biceps"", ""forearms""]","[""back""]","[""leverage machine""]",https://static.exercisedb.dev/media/5ipN0iE.gif,69.19,matched,"assisted pull-up inclined [""lats""] [""biceps"", ""forearms""]"
back,Standing Banded Row,data/Standing-Banded-Row.gif,4f8RXP8,cable standing row (v-bar),"[""upper back""]","[""biceps"", ""shoulders""]","[""back""]","[""cable""]",https://static.exercisedb.dev/media/4f8RXP8.gif,61.94,matched,"cable standing row (v-bar) [""upper back""] [""biceps"", ""shoulders""]"
back,Kneeling Pulldown With Resistance Band,data/Kneeling-Pulldown-With-Resistance-Band.gif,0I5fUyn,band underhand pulldown with classic,"[""lats""]","[""biceps"", ""forearms""]","[""back""]","[""band""]",https://static.exercisedb.dev/media/0I5fUyn.gif,54.05,matched,"band underhand pulldown with classic [""lats""] [""biceps"", ""forearms""]"
back,Bent Over Row | Gymstick,data/Bent-Over-Row-|-Gymstick.gif,5lE7XRz,smith bent over row with declined,"[""upper back""]","[""biceps"", ""forearms""]","[""back""]","[""smith machine""]",https://static.exercisedb.dev/media/5lE7XRz.gif,56.22,matched,"smith bent over row with declined [""upper back""] [""biceps"", ""forearms""]"
back,Battle Rope,data/Battle-Rope.gif,aaXr7ld,lever t bar row,"[""upper back""]","[""biceps"", ""forearms""]","[""back""]","[""leverage machine""]",https://static.exercisedb.dev/media/aaXr7ld.gif,43.08,matched,"lever t bar row [""upper back""] [""biceps"", ""forearms""]"
biceps,Seated Zottman Curl,data/Seated-Zottman-Curl.gif,8oYqOt9,cable seated curl,"[""biceps""]","[""forearms""]","[""upper arms""]","[""cable""]",https://static.exercisedb.dev/media/8oYqOt9.gif,82.86,matched,"cable seated curl [""biceps""] [""forearms""]"
biceps,Standing Barbell Concentration Curl,data/Standing-Barbell-Concentration-Curl.gif,25GPyDY,barbell curl,"[""biceps""]","[""forearms""]","[""upper arms""]","[""barbell""]",https://static.exercisedb.dev/media/25GPyDY.gif,100.0,matched,"barbell curl [""biceps""] [""forearms""]"
biceps,Waiter Curl,data/Waiter-Curl.gif,25GPyDY,barbell curl,"[""biceps""]","[""forearms""]","[""upper arms""]","[""barbell""]",https://static.exercisedb.dev/media/25GPyDY.gif,68.7,matched,"barbell curl [""biceps""] [""forearms""]"
biceps,Double Arm Dumbbell Curl,data/Double-Arm-Dumbbell-Curl.gif,2sQGZ5b,dumbbell one arm standing hammer curl,"[""biceps""]","[""forearms""]","[""upper arms""]","[""dumbbell""]",https://static.exercisedb.dev/media/2sQGZ5b.gif,86.34,matched,"dumbbell one arm standing hammer curl [""biceps""] [""forearms""]"
biceps,Dumbbell Curl,data/Dumbbell-Curl.gif,0IgNjSM,dumbbell standing reverse curl,"[""biceps""]","[""forearms""]","[""upper arms""]","[""dumbbell""]",https://static.exercisedb.dev/media/0IgNjSM.gif,100.0,matched,"dumbbell standing reverse curl [""biceps""] [""forearms""]"
biceps,Barbell Curl,data/Barbell-Curl.gif,1V1gj1u,barbell seated close-grip concentration curl,"[""biceps""]","[""forearms""]","[""upper arms""]","[""barbell""]",https://static.exercisedb.dev/media/1V1gj1u.gif,100.0,matched,"barbell seated close-grip concentration curl [""biceps""] [""forearms""]"
biceps,Concentration Curl,data/Concentration-Curl.gif,1V1gj1u,barbell seated close-grip concentration curl,"[""biceps""]","[""forearms""]","[""upper arms""]","[""barbell""]",https://static.exercisedb.dev/media/1V1gj1u.gif,100.0,matched,"barbell seated close-grip concentration curl [""biceps""] [""forearms""]"
biceps,Dumbbell Preacher Curl,data/Dumbbell-Preacher-Curl.gif,4dF3maG,dumbbell one arm hammer preacher curl,"[""biceps""]","[""forearms""]","[""upper arms""]","[""dumbbell""]",https://static.exercisedb.dev/media/4dF3maG.gif,100.0,matched,"dumbbell one arm hammer preacher curl [""biceps""] [""forearms""]"
biceps,EZ Bar Preacher Curl,data/EZ-Bar-Preacher-Curl.gif,4dF3maG,dumbbell one arm hammer preacher curl,"[""biceps""]","[""forearms""]","[""upper arms""]","[""dumbbell""]",https://static.exercisedb.dev/media/4dF3maG.gif,83.03,matched,"dumbbell one arm hammer preacher curl [""biceps""] [""forearms""]"
biceps,Hammer Curl,data/Hammer-Curl.gif,2NpxjC1,dumbbell hammer curl v. 2,"[""biceps""]","[""forearms""]","[""upper arms""]","[""dumbbell""]",https://static.exercisedb.dev/media/2NpxjC1.gif,100.0,matched,"dumbbell hammer curl v. 2 [""biceps""] [""forearms""]"
biceps,Seated Incline Dumbbell Curl,data/Seated-Incline-Dumbbell-Curl.gif,ae9UoXQ,dumbbell incline curl,"[""biceps""]","[""forearms""]","[""upper arms""]","[""dumbbell""]",https://static.exercisedb.dev/media/ae9UoXQ.gif,100.0,matched,"dumbbell incline curl [""biceps""] [""forearms""]"
biceps,Lever Preacher Curl,data/Lever-Preacher-Curl.gif,7y9JIMj,lever reverse grip preacher curl with precision,"[""biceps""]","[""forearms""]","[""upper arms""]","[""leverage machine""]",https://static.exercisedb.dev/media/7y9JIMj.gif,100.0,matched,"lever reverse grip preacher curl with precision [""biceps""] [""forearms""]"
biceps,High Cable Single Arm Bicep Curl,data/High-Cable-Single-Arm-Bicep-Curl.gif,8oYqOt9,cable seated curl,"[""biceps""]","[""forearms""]","[""upper arms""]","[""cable""]",https://static.exercisedb.dev/media/8oYqOt9.gif,79.26,matched,"cable seated curl [""biceps""] [""forearms""]"
biceps,One Arm Cable Curl,data/One-Arm-Cable-Curl.gif,4hATdoB,cable rope one arm hammer preacher curl,"[""biceps""]","[""forearms""]","[""upper arms""]","[""cable""]",https://static.exercisedb.dev/media/4hATdoB.gif,100.0,matched,"cable rope one arm hammer preacher curl [""biceps""] [""forearms""]"
biceps,Lying Cable Curl,data/Lying-Cable-Curl.gif,61GrD55,cable lying close-grip curl,"[""biceps""]","[""forearms""]","[""upper arms""]","[""cable""]",https://static.exercisedb.dev/media/61GrD55.gif,100.0,matched,"cable lying close-grip curl [""biceps""] [""forearms""]"
biceps,Zottman Curl,data/Zottman-Curl.gif,0IgNjSM,dumbbell standing reverse curl,"[""biceps""]","[""forearms""]","[""upper arms""]","[""dumbbell""]",https://static.exercisedb.dev/media/0IgNjSM.gif,60.0,matched,"dumbbell standing reverse curl [""biceps""] [""forearms""]"
biceps,Dumbbell Reverse Curl,data/Dumbbell-Reverse-Curl.gif,0IgNjSM,dumbbell standing reverse curl,"[""biceps""]","[""forearms""]","[""upper arms""]","[""dumbbell""]",https://static.exercisedb.dev/media/0IgNjSM.gif,100.0,matched,"dumbbell standing reverse curl [""biceps""] [""forearms""]"
biceps,Seated Close-Grip Concentration Curl,data/Seated-Close-Grip-Concentration-Curl.gif,1V1gj1u,barbell seated close-grip concentration curl,"[""biceps""]","[""forearms""]","[""upper arms""]","[""barbell""]",https://static.exercisedb.dev/media/1V1gj1u.gif,100.0,matched,"barbell seated close-grip concentration curl [""biceps""] [""forearms""]"
biceps,Biceps Leg Concentration Curl,data/Biceps-Leg-Concentration-Curl.gif,8yBgwBS,cable concentration curl tempo,"[""biceps""]","[""forearms""]","[""upper arms""]","[""cable""]",https://static.exercisedb.dev/media/8yBgwBS.gif,82.37,matched,"cable concentration curl tempo [""biceps""] [""forearms""]"
biceps,Prone Incline Barbell Curl,data/Prone-Incline-Barbell-Curl.gif,25GPyDY,barbell curl,"[""biceps""]","[""forearms""]","[""upper arms""]","[""barbell""]",https://static.exercisedb.dev/media/25GPyDY.gif,100.0,matched,"barbell curl [""biceps""] [""forearms""]"
biceps,Overhead Cable Curl,data/Overhead-Cable-Curl.gif,8oYqOt9,cable seated curl,"[""biceps""]","[""forearms""]","[""upper arms""]","[""cable""]",https://static.exercisedb.dev/media/8oYqOt9.gif,82.22,matched,"cable seated curl [""biceps""] [""forearms""]"
biceps,Seated Hammer Curl,data/Seated-Hammer-Curl.gif,6em2Dxj,dumbbell alternate seated hammer curl,"[""biceps""]","[""forearms""]","[""upper arms""]","[""dumbbell""]",https://static.exercisedb.dev/media/6em2Dxj.gif,100.0,matched,"dumbbell alternate seated hammer curl [""biceps""] [""forearms""]"
biceps,Seated Biceps Curl,data/Seated-Biceps-Curl.gif,8oYqOt9,cable seated curl,"[""biceps""]","[""forearms""]","[""upper arms""]","[""cable""]",https://static.exercisedb.dev/media/8oYqOt9.gif,84.0,matched,"cable seated curl [""biceps""] [""forearms""]"
biceps,Single Arm Cable Preacher Curl,data/Single-Arm-Cable-Preacher-Curl.gif,4hATdoB,cable rope one arm hammer preacher curl,"[""biceps""]","[""forearms""]","[""upper arms""]","[""cable""]",https://static.exercisedb.dev/media/4hATdoB.gif,89.43,matched,"cable rope one arm hammer preacher curl [""biceps""] [""forearms""]"
biceps,Cable Concentration Curl,data/Cable-Concentration-Curl.gif,8yBgwBS,cable concentration curl tempo,"[""biceps""]","[""forearms""]","[""upper arms""]","[""cable""]",https://static.exercisedb.dev/media/8yBgwBS.gif,100.0,matched,"cable concentration curl tempo [""biceps""] [""forearms""]"
biceps,Reverse Grip EZ-Bar Curl,data/Reverse-Grip-EZ-Bar-Curl.gif,7y9JIMj,lever reverse grip preacher curl with precision,"[""biceps""]","[""forearms""]","[""upper arms""]","[""leverage machine""]",https://static.exercisedb.dev/media/7y9JIMj.gif,86.34,matched,"lever reverse grip preacher curl with precision [""biceps""] [""forearms""]"
biceps,Dumbbell Scott Hammer Curl,data/Dumbbell-Scott-Hammer-Curl.gif,2NpxjC1,dumbbell hammer curl v. 2,"[""biceps""]","[""forearms""]","[""upper arms""]","[""dumbbell""]",https://static.exercisedb.dev/media/2NpxjC1.gif,91.11,matched,"dumbbell hammer curl v. 2 [""biceps""] [""forearms""]"
biceps,Lying High Bench Barbell Curl,data/Lying-High-Bench-Barbell-Curl.gif,25GPyDY,barbell curl,"[""biceps""]","[""forearms""]","[""upper arms""]","[""barbell""]",https://static.exercisedb.dev/media/25GPyDY.gif,100.0,matched,"barbell curl [""biceps""] [""forearms""]"
biceps,Cable Rope Hammer Curl,data/Cable-Rope-Hammer-Curl.gif,4hATdoB,cable rope one arm hammer preacher curl,"[""biceps""]","[""forearms""]","[""upper arms""]","[""cable""]",https://static.exercisedb.dev/media/4hATdoB.gif,100.0,matched,"cable rope one arm hammer preacher curl [""biceps""] [""forearms""]"
biceps,Biceps Curl Machine,data/Biceps-Curl-Machine.gif,3omWx6P,band alternating biceps curl,"[""biceps""]","[""forearms""]","[""upper arms""]","[""band""]",https://static.exercisedb.dev/media/3omWx6P.gif,78.67,matched,"band alternating biceps curl [""biceps""] [""forearms""]"
biceps,Dumbbell High Curl,data/Dumbbell-High-Curl.gif,0IgNjSM,dumbbell standing reverse curl,"[""biceps""]","[""forearms""]","[""upper arms""]","[""dumbbell""]",https://static.exercisedb.dev/media/0IgNjSM.gif,87.1,matched,"dumbbell standing reverse curl [""biceps""] [""forearms""]"
biceps,Brachialis Pull-up,data/Brachialis-Pull-up.gif,50BETrz,biceps narrow pull-ups,"[""biceps""]","[""forearms"", ""shoulders""]","[""upper arms""]","[""body weight""]",https://static.exercisedb.dev/media/50BETrz.gif,64.0,matched,"biceps narrow pull-ups [""biceps""] [""forearms"", ""shoulders""]"
biceps,Close Grip Z-Bar Curl,data/Close-Grip-Z-Bar-Curl.gif,1V1gj1u,barbell seated close-grip concentration curl,"[""biceps""]","[""forearms""]","[""upper arms""]","[""barbell""]",https://static.exercisedb.dev/media/1V1gj1u.gif,86.67,matched,"barbell seated close-grip concentration curl [""biceps""] [""forearms""]"
biceps,Dumbbell Scott Curl,data/Dumbbell-Scott-Curl.gif,0IgNjSM,dumbbell standing reverse curl,"[""biceps""]","[""forearms""]","[""upper arms""]","[""dumbbell""]",https://static.exercisedb.dev/media/0IgNjSM.gif,85.0,matched,"dumbbell standing reverse curl [""biceps""] [""forearms""]"
biceps,Barbell Curl On Arm Blaster,data/Barbell-Curl-On-Arm-Blaster.gif,25GPyDY,barbell curl,"[""biceps""]","[""forearms""]","[""upper arms""]","[""barbell""]",https://static.exercisedb.dev/media/25GPyDY.gif,100.0,matched,"barbell curl [""biceps""] [""forearms""]"
biceps,Arm Blaster Hammer Curl,data/Arm-Blaster-Hammer-Curl.gif,2sQGZ5b,dumbbell one arm standing hammer curl,"[""biceps""]","[""forearms""]","[""upper arms""]","[""dumbbell""]",https://static.exercisedb.dev/media/2sQGZ5b.gif,83.16,matched,"dumbbell one arm standing hammer curl [""biceps""] [""forearms""]"
biceps,Dumbbell Curl On Arm Blaster,data/Dumbbell-Curl-On-Arm-Blaster.gif,84sESNy,dumbbell seated one arm bicep curl on exercise ball with leg raised,"[""biceps""]","[""forearms"", ""shoulders""]","[""upper arms""]","[""dumbbell""]",https://static.exercisedb.dev/media/84sESNy.gif,86.67,matched,"dumbbell seated one arm bicep curl on exercise ball with leg raised [""biceps""] [""forearms"", ""shoulders""]"
biceps,Standing One Arm Chest Stretch,data/Standing-One-Arm-Chest-Stretch.gif,2sQGZ5b,dumbbell one arm standing hammer curl,"[""biceps""]","[""forearms""]","[""upper arms""]","[""dumbbell""]",https://static.exercisedb.dev/media/2sQGZ5b.gif,75.65,matched,"dumbbell one arm standing hammer curl [""biceps""] [""forearms""]"
biceps,One Arm Biceps Curl,data/One-Arm-Biceps-Curl.gif,aee2Fcj,barbell biceps curl (with arm blaster),"[""biceps""]","[""forearms""]","[""upper arms""]","[""barbell""]",https://static.exercisedb.dev/media/aee2Fcj.gif,90.59,matched,"barbell biceps curl (with arm blaster) [""biceps""] [""forearms""]"
biceps,Chin-Up,data/Chin-Up.gif,7OeHptV,assisted standing chin-up,"[""lats""]","[""biceps"", ""forearms""]","[""back""]","[""leverage machine""]",https://static.exercisedb.dev/media/7OeHptV.gif,80.0,matched,"assisted standing chin-up [""lats""] [""biceps"", ""forearms""]"
biceps,Lever Biceps Curl,data/Lever-Biceps-Curl.gif,3omWx6P,band alternating biceps curl,"[""biceps""]","[""forearms""]","[""upper arms""]","[""band""]",https://static.exercisedb.dev/media/3omWx6P.gif,82.86,matched,"band alternating biceps curl [""biceps""] [""forearms""]"
biceps,Cable Incline Biceps Curl,data/Cable-Incline-Biceps-Curl.gif,8oYqOt9,cable seated curl,"[""biceps""]","[""forearms""]","[""upper arms""]","[""cable""]",https://static.exercisedb.dev/media/8oYqOt9.gif,79.26,matched,"cable seated curl [""biceps""] [""forearms""]"
biceps,One Arm Chin-Up,data/One-Arm-Chin-Up.gif,2sQGZ5b,dumbbell one arm standing hammer curl,"[""biceps""]","[""forearms""]","[""upper arms""]","[""dumbbell""]",https://static.exercisedb.dev/media/2sQGZ5b.gif,70.91,matched,"dumbbell one arm standing hammer curl [""biceps""] [""forearms""]"
biceps,Dumbbell Preacher Hammer (Scott) Curl,data/Dumbbell-Preacher-Hammer-(Scott)-Curl.gif,2NpxjC1,dumbbell hammer curl v. 2,"[""biceps""]","[""forearms""]","[""upper arms""]","[""dumbbell""]",https://static.exercisedb.dev/media/2NpxjC1.gif,91.11,matched,"dumbbell hammer curl v. 2 [""biceps""] [""forearms""]"
biceps,One Arm Prone Dumbbell Curl,data/One-Arm-Prone-Dumbbell-Curl.gif,2sQGZ5b,dumbbell one arm standing hammer curl,"[""biceps""]","[""forearms""]","[""upper arms""]","[""dumbbell""]",https://static.exercisedb.dev/media/2sQGZ5b.gif,90.0,matched,"dumbbell one arm standing hammer curl [""biceps""] [""forearms""]"
biceps,Dumbbell Alternate Preacher Curl,data/Dumbbell-Alternate-Preacher-Curl.gif,7D5bgLT,dumbbell seated preacher curl,"[""biceps""]","[""forearms""]","[""upper arms""]","[""dumbbell""]",https://static.exercisedb.dev/media/7D5bgLT.gif,90.82,matched,"dumbbell seated preacher curl [""biceps""] [""forearms""]"
biceps,Two Dumbbell Preacher Curl,data/Two-Dumbbell-Preacher-Curl.gif,4dF3maG,dumbbell one arm hammer preacher curl,"[""biceps""]","[""forearms""]","[""upper arms""]","[""dumbbell""]",https://static.exercisedb.dev/media/4dF3maG.gif,93.33,matched,"dumbbell one arm hammer preacher curl [""biceps""] [""forearms""]"
biceps,Flexor Incline Dumbbell Curls,data/Flexor-Incline-Dumbbell-Curls.gif,ae9UoXQ,dumbbell incline curl,"[""biceps""]","[""forearms""]","[""upper arms""]","[""dumbbell""]",https://static.exercisedb.dev/media/ae9UoXQ.gif,89.19,matched,"dumbbell incline curl [""biceps""] [""forearms""]"
biceps,Barbell Alternate Biceps Curl,data/Barbell-Alternate-Biceps-Curl.gif,25GPyDY,barbell curl,"[""biceps""]","[""forearms""]","[""upper arms""]","[""barbell""]",https://static.exercisedb.dev/media/25GPyDY.gif,100.0,matched,"barbell curl [""biceps""] [""forearms""]"
biceps,Cable Kneeling Biceps Curl,data/Cable-Kneeling-Biceps-Curl.gif,8oYqOt9,cable seated curl,"[""biceps""]","[""forearms""]","[""upper arms""]","[""cable""]",https://static.exercisedb.dev/media/8oYqOt9.gif,79.26,matched,"cable seated curl [""biceps""] [""forearms""]"
biceps,Cable Two Arm Curl on Incline Bench,data/Cable-Two-Arm-Curl-on-Incline-Bench.gif,8oYqOt9,cable seated curl,"[""biceps""]","[""forearms""]","[""upper arms""]","[""cable""]",https://static.exercisedb.dev/media/8oYqOt9.gif,79.26,matched,"cable seated curl [""biceps""] [""forearms""]"
biceps,Chin Up Around the Bar,data/Chin-Up-Around-the-Bar.gif,4KJEpzb,kettlebell bottoms up clean from the hang position,"[""biceps""]","[""forearms"", ""shoulders""]","[""upper arms""]","[""kettlebell""]",https://static.exercisedb.dev/media/4KJEpzb.gif,55.56,matched,"kettlebell bottoms up clean from the hang position [""biceps""] [""forearms"", ""shoulders""]"
biceps,Elbow Flexion,data/Elbow-Flexion.gif,6TG6x2w,ez barbell curl,"[""biceps""]","[""forearms""]","[""upper arms""]","[""ez barbell""]",https://static.exercisedb.dev/media/6TG6x2w.gif,48.57,matched,"ez barbell curl [""biceps""] [""forearms""]"
biceps,Cable Pulldown Biceps Curl,data/Cable-Pulldown-Biceps-Curl.gif,8oYqOt9,cable seated curl,"[""biceps""]","[""forearms""]","[""upper arms""]","[""cable""]",https://static.exercisedb.dev/media/8oYqOt9.gif,79.26,matched,"cable seated curl [""biceps""] [""forearms""]"
biceps,Band Biceps Curl,data/Band-Biceps-Curl.gif,3omWx6P,band alternating biceps curl,"[""biceps""]","[""forearms""]","[""upper arms""]","[""band""]",https://static.exercisedb.dev/media/3omWx6P.gif,100.0,matched,"band alternating biceps curl [""biceps""] [""forearms""]"
biceps,Single Dumbbell Spider Hammer Curl,data/Single-Dumbbell-Spider-Hammer-Curl.gif,2NpxjC1,dumbbell hammer curl v. 2,"[""biceps""]","[""forearms""]","[""upper arms""]","[""dumbbell""]",https://static.exercisedb.dev/media/2NpxjC1.gif,91.11,matched,"dumbbell hammer curl v. 2 [""biceps""] [""forearms""]"
biceps,Cable Curl,data/Cable-Curl.gif,3XFdb1Z,cable squatting curl,"[""biceps""]","[""forearms""]","[""upper arms""]","[""cable""]",https://static.exercisedb.dev/media/3XFdb1Z.gif,100.0,matched,"cable squatting curl [""biceps""] [""forearms""]"
biceps,Z-Bar Curl,data/Z-Bar-Curl.gif,6TG6x2w,ez barbell curl,"[""biceps""]","[""forearms""]","[""upper arms""]","[""ez barbell""]",https://static.exercisedb.dev/media/6TG6x2w.gif,84.0,matched,"ez barbell curl [""biceps""] [""forearms""]"
biceps,Hammer Curl with Resistance Band,data/Hammer-Curl-with-Resistance-Band.gif,79AmJsI,dumbbell hammer curl with traditional,"[""biceps""]","[""forearms""]","[""upper arms""]","[""dumbbell""]",https://static.exercisedb.dev/media/79AmJsI.gif,73.33,matched,"dumbbell hammer curl with traditional [""biceps""] [""forearms""]"
biceps,Cable Reverse Grip EZ-bar Biceps Curl,data/Cable-Reverse-Grip-EZ-bar-Biceps-Curl.gif,8oYqOt9,cable seated curl,"[""biceps""]","[""forearms""]","[""upper arms""]","[""cable""]",https://static.exercisedb.dev/media/8oYqOt9.gif,79.26,matched,"cable seated curl [""biceps""] [""forearms""]"
biceps,Standing Reverse Shoulder Stretch,data/Standing-Reverse-Shoulder-Stretch.gif,0IgNjSM,dumbbell standing reverse curl,"[""biceps""]","[""forearms""]","[""upper arms""]","[""dumbbell""]",https://static.exercisedb.dev/media/0IgNjSM.gif,75.65,matched,"dumbbell standing reverse curl [""biceps""] [""forearms""]"
biceps,Barbell Drag Curl,data/Barbell-Drag-Curl.gif,25GPyDY,barbell curl,"[""biceps""]","[""forearms""]","[""upper arms""]","[""barbell""]",https://static.exercisedb.dev/media/25GPyDY.gif,100.0,matched,"barbell curl [""biceps""] [""forearms""]"
biceps,Close Grip Barbell Curl,data/Close-Grip-Barbell-Curl.gif,1V1gj1u,barbell seated close-grip concentration curl,"[""biceps""]","[""forearms""]","[""upper arms""]","[""barbell""]",https://static.exercisedb.dev/media/1V1gj1u.gif,100.0,matched,"barbell seated close-grip concentration curl [""biceps""] [""forearms""]"
biceps,One Arm Cable Bicep Curl,data/One-Arm-Cable-Bicep-Curl.gif,4hATdoB,cable rope one arm hammer preacher curl,"[""biceps""]","[""forearms""]","[""upper arms""]","[""cable""]",https://static.exercisedb.dev/media/4hATdoB.gif,88.57,matched,"cable rope one arm hammer preacher curl [""biceps""] [""forearms""]"
biceps,Single Arm Reverse Grip Cable Bicep Curl,data/Single-Arm-Reverse-Grip-Cable-Bicep-Curl.gif,8oYqOt9,cable seated curl,"[""biceps""]","[""forearms""]","[""upper arms""]","[""cable""]",https://static.exercisedb.dev/media/8oYqOt9.gif,79.26,matched,"cable seated curl [""biceps""] [""forearms""]"
biceps,Water Bottle Hammer Curl,data/Water-Bottle-Hammer-Curl.gif,8oYqOt9,cable seated curl,"[""biceps""]","[""forearms""]","[""upper arms""]","[""cable""]",https://static.exercisedb.dev/media/8oYqOt9.gif,70.73,matched,"cable seated curl [""biceps""] [""forearms""]"
biceps,Seated Alternating Dumbbell Curl,data/Seated-Alternating-Dumbbell-Curl.gif,6em2Dxj,dumbbell alternate seated hammer curl,"[""biceps""]","[""forearms""]","[""upper arms""]","[""dumbbell""]",https://static.exercisedb.dev/media/6em2Dxj.gif,87.25,matched,"dumbbell alternate seated hammer curl [""biceps""] [""forearms""]"
biceps,Seated Bicep Curl With Resistance Band,data/Seated-Bicep-Curl-With-Resistance-Band.gif,8oYqOt9,cable seated curl,"[""biceps""]","[""forearms""]","[""upper arms""]","[""cable""]",https://static.exercisedb.dev/media/8oYqOt9.gif,82.86,matched,"cable seated curl [""biceps""] [""forearms""]"
biceps,One-Arm Biceps Curl With Resistance Band,data/One-Arm-Biceps-Curl-With-Resistance-Band.gif,3omWx6P,band alternating biceps curl,"[""biceps""]","[""forearms""]","[""upper arms""]","[""band""]",https://static.exercisedb.dev/media/3omWx6P.gif,78.18,matched,"band alternating biceps curl [""biceps""] [""forearms""]"
triceps,Medicine Ball Overhead Throw,data/Medicine-Ball-Overhead-Throw.gif,8K7m2SS,medicine ball close grip push up,"[""triceps""]","[""chest"", ""shoulders""]","[""upper arms""]","[""medicine ball""]",https://static.exercisedb.dev/media/8K7m2SS.gif,70.73,matched,"medicine ball close grip push up [""triceps""] [""chest"", ""shoulders""]"
triceps,One Arm Triceps Pushdown,data/One-Arm-Triceps-Pushdown.gif,9tvVVM9,flexible cable triceps pushdown (v-bar),"[""triceps""]","[""forearms""]","[""upper arms""]","[""cable""]",https://static.exercisedb.dev/media/9tvVVM9.gif,84.0,matched,"flexible cable triceps pushdown (v-bar) [""triceps""] [""forearms""]"
triceps,Dumbbell Kickback,data/Dumbbell-Kickback.gif,3T12T87,dumbbell standing bent over two arm triceps extension,"[""triceps""]","[""shoulders"", ""back""]","[""upper arms""]","[""dumbbell""]",https://static.exercisedb.dev/media/3T12T87.gif,71.2,matched,"dumbbell standing bent over two arm triceps extension [""triceps""] [""shoulders"", ""back""]"
triceps,One Arm Reverse Pushdown,data/One-Arm-Reverse-Pushdown.gif,5fKX7wi,dumbbell seated reverse grip one arm overhead tricep extension,"[""triceps""]","[""shoulders""]","[""upper arms""]","[""dumbbell""]",https://static.exercisedb.dev/media/5fKX7wi.gif,81.54,matched,"dumbbell seated reverse grip one arm overhead tricep extension [""triceps""] [""shoulders""]"
triceps,Push-down,data/Push-down.gif,1IFV9h3,push-up on lower arms - resistance variation,"[""triceps""]","[""chest"", ""shoulders""]","[""upper arms""]","[""body weight""]",https://static.exercisedb.dev/media/1IFV9h3.gif,69.23,matched,"push-up on lower arms - resistance variation [""triceps""] [""chest"", ""shoulders""]"
triceps,Bench Dips,data/Bench-Dips.gif,8eqjhOl,dumbbell palms in incline bench press,"[""triceps""]","[""chest"", ""shoulders""]","[""upper arms""]","[""dumbbell""]",https://static.exercisedb.dev/media/8eqjhOl.gif,73.33,matched,"dumbbell palms in incline bench press [""triceps""] [""chest"", ""shoulders""]"
triceps,Triceps Dips,data/Triceps-Dips.gif,7aVz15j,triceps dips floor,"[""triceps""]","[""chest"", ""shoulders""]","[""upper arms""]","[""body weight""]",https://static.exercisedb.dev/media/7aVz15j.gif,100.0,matched,"triceps dips floor [""triceps""] [""chest"", ""shoulders""]"
triceps,One Arm Lying Triceps Extension,data/One-Arm-Lying-Triceps-Extension.gif,1TVoin7,barbell lying triceps extension double,"[""triceps""]","[""shoulders""]","[""upper arms""]","[""barbell""]",https://static.exercisedb.dev/media/1TVoin7.gif,88.15,matched,"barbell lying triceps extension double [""triceps""] [""shoulders""]"
triceps,Cable Rope Overhead Triceps Extension,data/Cable-Rope-Overhead-Triceps-Extension.gif,2IxROQ1,cable overhead triceps extension (rope attachment),"[""triceps""]","[""shoulders""]","[""upper arms""]","[""cable""]",https://static.exercisedb.dev/media/2IxROQ1.gif,94.2,matched,"cable overhead triceps extension (rope attachment) [""triceps""] [""shoulders""]"
triceps,Lever Triceps Dip,data/Lever-Triceps-Dip.gif,7aVz15j,triceps dips floor,"[""triceps""]","[""chest"", ""shoulders""]","[""upper arms""]","[""body weight""]",https://static.exercisedb.dev/media/7aVz15j.gif,84.0,matched,"triceps dips floor [""triceps""] [""chest"", ""shoulders""]"
triceps,Lying Barbell Triceps Extension,data/Lying-Barbell-Triceps-Extension.gif,1TVoin7,barbell lying triceps extension double,"[""triceps""]","[""shoulders""]","[""upper arms""]","[""barbell""]",https://static.exercisedb.dev/media/1TVoin7.gif,100.0,matched,"barbell lying triceps extension double [""triceps""] [""shoulders""]"
triceps,Cable Tricep Kickback,data/Cable-Tricep-Kickback.gif,1xHyxys,cable high pulley overhead tricep extension,"[""triceps""]","[""shoulders""]","[""upper arms""]","[""cable""]",https://static.exercisedb.dev/media/1xHyxys.gif,78.18,matched,"cable high pulley overhead tricep extension [""triceps""] [""shoulders""]"
triceps,Triceps Dips on Floor,data/Triceps-Dips-on-Floor.gif,7aVz15j,triceps dips floor,"[""triceps""]","[""chest"", ""shoulders""]","[""upper arms""]","[""body weight""]",https://static.exercisedb.dev/media/7aVz15j.gif,100.0,matched,"triceps dips floor [""triceps""] [""chest"", ""shoulders""]"
triceps,Dumbbell Seated Front and Back Tate Press,data/Dumbbell-Seated-Front-and-Back-Tate-Press.gif,7jGOBF3,dumbbell close grip press,"[""triceps""]","[""chest"", ""shoulders""]","[""upper arms""]","[""dumbbell""]",https://static.exercisedb.dev/media/7jGOBF3.gif,77.44,matched,"dumbbell close grip press [""triceps""] [""chest"", ""shoulders""]"
triceps,Kneeling Cable Triceps Extension,data/Kneeling-Cable-Triceps-Extension.gif,2IxROQ1,cable overhead triceps extension (rope attachment),"[""triceps""]","[""shoulders""]","[""upper arms""]","[""cable""]",https://static.exercisedb.dev/media/2IxROQ1.gif,86.91,matched,"cable overhead triceps extension (rope attachment) [""triceps""] [""shoulders""]"
triceps,Cable Rear Drive,data/Cable-Rear-Drive.gif,3ZflifB,cable pushdown,"[""triceps""]","[""forearms""]","[""upper arms""]","[""cable""]",https://static.exercisedb.dev/media/3ZflifB.gif,62.11,matched,"cable pushdown [""triceps""] [""forearms""]"
triceps,Narrow Grip Wall Push-Up,data/Narrow-Grip-Wall-Push-Up.gif,4cWjYEN,narrow push-up on exercise ball,"[""triceps""]","[""chest"", ""shoulders""]","[""upper arms""]","[""stability ball""]",https://static.exercisedb.dev/media/4cWjYEN.gif,78.95,matched,"narrow push-up on exercise ball [""triceps""] [""chest"", ""shoulders""]"
triceps,Shoulder Stretch Behind Back,data/Shoulder-Stretch-Behind-Back.gif,7ePTw4B,exercise ball seated triceps stretch,"[""triceps""]","[""shoulders""]","[""upper arms""]","[""stability ball""]",https://static.exercisedb.dev/media/7ePTw4B.gif,62.5,matched,"exercise ball seated triceps stretch [""triceps""] [""shoulders""]"
triceps,Body Ups,data/Body-Ups.gif,3ZflifB,cable pushdown,"[""triceps""]","[""forearms""]","[""upper arms""]","[""cable""]",https://static.exercisedb.dev/media/3ZflifB.gif,49.09,matched,"cable pushdown [""triceps""] [""forearms""]"
triceps,Wall Push-up,data/Wall-Push-up.gif,1IFV9h3,push-up on lower arms - resistance variation,"[""triceps""]","[""chest"", ""shoulders""]","[""upper arms""]","[""body weight""]",https://static.exercisedb.dev/media/1IFV9h3.gif,78.95,matched,"push-up on lower arms - resistance variation [""triceps""] [""chest"", ""shoulders""]"
triceps,Cable Lying Triceps Extensions,data/Cable-Lying-Triceps-Extensions.gif,1TVoin7,barbell lying triceps extension double,"[""triceps""]","[""shoulders""]","[""upper arms""]","[""barbell""]",https://static.exercisedb.dev/media/1TVoin7.gif,85.88,matched,"barbell lying triceps extension double [""triceps""] [""shoulders""]"
triceps,Chair Dips,data/Chair-Dips.gif,05Cf2v8,impossible dips,"[""triceps""]","[""chest"", ""shoulders""]","[""upper arms""]","[""body weight""]",https://static.exercisedb.dev/media/05Cf2v8.gif,65.71,matched,"impossible dips [""triceps""] [""chest"", ""shoulders""]"
triceps,Seated One-Arm Dumbbell Triceps Extension,data/Seated-One-Arm-Dumbbell-Triceps-Extension.gif,4ievMJ9,dumbbell seated bent over triceps extension,"[""triceps""]","[""shoulders"", ""back""]","[""upper arms""]","[""dumbbell""]",https://static.exercisedb.dev/media/4ievMJ9.gif,91.35,matched,"dumbbell seated bent over triceps extension [""triceps""] [""shoulders"", ""back""]"
triceps,Seated Dumbbell Triceps Extension,data/Seated-Dumbbell-Triceps-Extension.gif,4ievMJ9,dumbbell seated bent over triceps extension,"[""triceps""]","[""shoulders"", ""back""]","[""upper arms""]","[""dumbbell""]",https://static.exercisedb.dev/media/4ievMJ9.gif,100.0,matched,"dumbbell seated bent over triceps extension [""triceps""] [""shoulders"", ""back""]"
triceps,Lever Triceps Extension,data/Lever-Triceps-Extension.gif,1TVoin7,barbell lying triceps extension double,"[""triceps""]","[""shoulders""]","[""upper arms""]","[""barbell""]",https://static.exercisedb.dev/media/1TVoin7.gif,88.0,matched,"barbell lying triceps extension double [""triceps""] [""shoulders""]"
triceps,Bench Dips on Floor,data/Bench-Dips-on-Floor.gif,9RT8oQW,bench dip on floor,"[""triceps""]","[""chest"", ""shoulders""]","[""upper arms""]","[""body weight""]",https://static.exercisedb.dev/media/9RT8oQW.gif,97.84,matched,"bench dip on floor [""triceps""] [""chest"", ""shoulders""]"
triceps,Parallel Bar Dips,data/Parallel-Bar-Dips.gif,7aVz15j,triceps dips floor,"[""triceps""]","[""chest"", ""shoulders""]","[""upper arms""]","[""body weight""]",https://static.exercisedb.dev/media/7aVz15j.gif,61.14,matched,"triceps dips floor [""triceps""] [""chest"", ""shoulders""]"
triceps,Dumbbell Skull Crusher,data/Dumbbell-Skull-Crusher.gif,7jGOBF3,dumbbell close grip press,"[""triceps""]","[""chest"", ""shoulders""]","[""upper arms""]","[""dumbbell""]",https://static.exercisedb.dev/media/7jGOBF3.gif,71.06,matched,"dumbbell close grip press [""triceps""] [""chest"", ""shoulders""]"
triceps,Dumbbell Incline Two Arm Extension,data/Dumbbell-Incline-Two-Arm-Extension.gif,3T12T87,dumbbell standing bent over two arm triceps extension,"[""triceps""]","[""shoulders"", ""back""]","[""upper arms""]","[""dumbbell""]",https://static.exercisedb.dev/media/3T12T87.gif,89.33,matched,"dumbbell standing bent over two arm triceps extension [""triceps""] [""shoulders"", ""back""]"
triceps,One Arm Pronated Dumbbell Triceps Extension,data/One-Arm-Pronated-Dumbbell-Triceps-Extension.gif,3T12T87,dumbbell standing bent over two arm triceps extension,"[""triceps""]","[""shoulders"", ""back""]","[""upper arms""]","[""dumbbell""]",https://static.exercisedb.dev/media/3T12T87.gif,85.75,matched,"dumbbell standing bent over two arm triceps extension [""triceps""] [""shoulders"", ""back""]"
triceps,Seated EZ-Bar Overhead Triceps Extension,data/Seated-EZ-Bar-Overhead-Triceps-Extension.gif,5uFK1xr,barbell seated overhead triceps extension,"[""triceps""]","[""shoulders""]","[""upper arms""]","[""barbell""]",https://static.exercisedb.dev/media/5uFK1xr.gif,95.06,matched,"barbell seated overhead triceps extension [""triceps""] [""shoulders""]"
triceps,Cable Incline Triceps Extension,data/Cable-Incline-Triceps-Extension.gif,2IxROQ1,cable overhead triceps extension (rope attachment),"[""triceps""]","[""shoulders""]","[""upper arms""]","[""cable""]",https://static.exercisedb.dev/media/2IxROQ1.gif,88.15,matched,"cable overhead triceps extension (rope attachment) [""triceps""] [""shoulders""]"
triceps,Reverse Push-up,data/Reverse-Push-up.gif,1IFV9h3,push-up on lower arms - resistance variation,"[""triceps""]","[""chest"", ""shoulders""]","[""upper arms""]","[""body weight""]",https://static.exercisedb.dev/media/1IFV9h3.gif,70.91,matched,"push-up on lower arms - resistance variation [""triceps""] [""chest"", ""shoulders""]"
triceps,Cable Side Triceps Extension,data/Cable-Side-Triceps-Extension.gif,2IxROQ1,cable overhead triceps extension (rope attachment),"[""triceps""]","[""shoulders""]","[""upper arms""]","[""cable""]",https://static.exercisedb.dev/media/2IxROQ1.gif,92.16,matched,"cable overhead triceps extension (rope attachment) [""triceps""] [""shoulders""]"
triceps,Incline EZ-Bar Triceps Extension,data/Incline-EZ-Bar-Triceps-Extension.gif,6CKUx7o,ez bar lying close grip triceps extension behind head,"[""triceps""]","[""shoulders""]","[""upper arms""]","[""ez barbell""]",https://static.exercisedb.dev/media/6CKUx7o.gif,88.57,matched,"ez bar lying close grip triceps extension behind head [""triceps""] [""shoulders""]"
triceps,High Pulley Overhead Tricep Extension,data/High-Pulley-Overhead-Tricep-Extension.gif,1xHyxys,cable high pulley overhead tricep extension,"[""triceps""]","[""shoulders""]","[""upper arms""]","[""cable""]",https://static.exercisedb.dev/media/1xHyxys.gif,100.0,matched,"cable high pulley overhead tricep extension [""triceps""] [""shoulders""]"
triceps,Rope Pushdown,data/Rope-Pushdown.gif,3ZflifB,cable pushdown,"[""triceps""]","[""forearms""]","[""upper arms""]","[""cable""]",https://static.exercisedb.dev/media/3ZflifB.gif,80.95,matched,"cable pushdown [""triceps""] [""forearms""]"
triceps,Reverse Grip Pushdown,data/Reverse-Grip-Pushdown.gif,3ZflifB,cable pushdown,"[""triceps""]","[""forearms""]","[""upper arms""]","[""cable""]",https://static.exercisedb.dev/media/3ZflifB.gif,78.18,matched,"cable pushdown [""triceps""] [""forearms""]"
triceps,Cross Arm Push-up,data/Cross-Arm-Push-up.gif,4Jt8QsQ,push-up on lower arms,"[""triceps""]","[""chest"", ""shoulders""]","[""upper arms""]","[""body weight""]",https://static.exercisedb.dev/media/4Jt8QsQ.gif,78.95,matched,"push-up on lower arms [""triceps""] [""chest"", ""shoulders""]"
triceps,Cable Concentration Extension on Knee,data/Cable-Concentration-Extension-on-Knee.gif,2IxROQ1,cable overhead triceps extension (rope attachment),"[""triceps""]","[""shoulders""]","[""upper arms""]","[""cable""]",https://static.exercisedb.dev/media/2IxROQ1.gif,67.82,matched,"cable overhead triceps extension (rope attachment) [""triceps""] [""shoulders""]"
triceps,Close-Grip Dumbbell Press,data/Close-Grip-Dumbbell-Press.gif,7jGOBF3,dumbbell close grip press,"[""triceps""]","[""chest"", ""shoulders""]","[""upper arms""]","[""dumbbell""]",https://static.exercisedb.dev/media/7jGOBF3.gif,100.0,matched,"dumbbell close grip press [""triceps""] [""chest"", ""shoulders""]"
triceps,Single Dumbbell Close-grip Press,data/Single-Dumbbell-Close-grip-Press.gif,7jGOBF3,dumbbell close grip press,"[""triceps""]","[""chest"", ""shoulders""]","[""upper arms""]","[""dumbbell""]",https://static.exercisedb.dev/media/7jGOBF3.gif,100.0,matched,"dumbbell close grip press [""triceps""] [""chest"", ""shoulders""]"
triceps,Kneeling Diamond Push-Up,data/Kneeling-Diamond-Push-Up.gif,4Jt8QsQ,push-up on lower arms,"[""triceps""]","[""chest"", ""shoulders""]","[""upper arms""]","[""body weight""]",https://static.exercisedb.dev/media/4Jt8QsQ.gif,66.22,matched,"push-up on lower arms [""triceps""] [""chest"", ""shoulders""]"
triceps,Dips Between Chairs,data/Dips-Between-Chairs.gif,9RT8oQW,bench dip on floor,"[""triceps""]","[""chest"", ""shoulders""]","[""upper arms""]","[""body weight""]",https://static.exercisedb.dev/media/9RT8oQW.gif,58.92,matched,"bench dip on floor [""triceps""] [""chest"", ""shoulders""]"
triceps,Cable One-Arm Overhead Triceps Extension,data/Cable-One-Arm-Overhead-Triceps-Extension.gif,2IxROQ1,cable overhead triceps extension (rope attachment),"[""triceps""]","[""shoulders""]","[""upper arms""]","[""cable""]",https://static.exercisedb.dev/media/2IxROQ1.gif,91.11,matched,"cable overhead triceps extension (rope attachment) [""triceps""] [""shoulders""]"
triceps,Standing Barbell Triceps Extension,data/Standing-Barbell-Triceps-Extension.gif,3T12T87,dumbbell standing bent over two arm triceps extension,"[""triceps""]","[""shoulders"", ""back""]","[""upper arms""]","[""dumbbell""]",https://static.exercisedb.dev/media/3T12T87.gif,89.33,matched,"dumbbell standing bent over two arm triceps extension [""triceps""] [""shoulders"", ""back""]"
triceps,Impossible Dips,data/Impossible-Dips.gif,05Cf2v8,impossible dips,"[""triceps""]","[""chest"", ""shoulders""]","[""upper arms""]","[""body weight""]",https://static.exercisedb.dev/media/05Cf2v8.gif,100.0,matched,"impossible dips [""triceps""] [""chest"", ""shoulders""]"
triceps,Korean Dips,data/Korean-Dips.gif,7aVz15j,triceps dips floor,"[""triceps""]","[""chest"", ""shoulders""]","[""upper arms""]","[""body weight""]",https://static.exercisedb.dev/media/7aVz15j.gif,64.14,matched,"triceps dips floor [""triceps""] [""chest"", ""shoulders""]"
triceps,Straight Bar Dip,data/Straight-Bar-Dip.gif,7WcQgkm,smith machine incline tricep extension - straight variation,"[""triceps""]","[""shoulders""]","[""upper arms""]","[""smith machine""]",https://static.exercisedb.dev/media/7WcQgkm.gif,73.33,matched,"smith machine incline tricep extension - straight variation [""triceps""] [""shoulders""]"
triceps,Exercise Ball Triceps Extension,data/Exercise-Ball-Triceps-Extension.gif,7ePTw4B,exercise ball seated triceps stretch,"[""triceps""]","[""shoulders""]","[""upper arms""]","[""stability ball""]",https://static.exercisedb.dev/media/7ePTw4B.gif,84.62,matched,"exercise ball seated triceps stretch [""triceps""] [""shoulders""]"
triceps,Dumbbell Decline One-Arm Hammer Press,data/Dumbbell-Decline-One-Arm-Hammer-Press.gif,1qrWgZ2,dumbbell decline hammer press,"[""pectorals""]","[""triceps"", ""shoulders""]","[""chest""]","[""dumbbell""]",https://static.exercisedb.dev/media/1qrWgZ2.gif,80.0,matched,"dumbbell decline hammer press [""pectorals""] [""triceps"", ""shoulders""]"
triceps,Triceps Extension Machine,data/Triceps-Extension-Machine.gif,1TVoin7,barbell lying triceps extension double,"[""triceps""]","[""shoulders""]","[""upper arms""]","[""barbell""]",https://static.exercisedb.dev/media/1TVoin7.gif,84.76,matched,"barbell lying triceps extension double [""triceps""] [""shoulders""]"
triceps,Triceps Dip Machine,data/Triceps-Dip-Machine.gif,9ZGnq1w,triceps dip (between benches) - extreme variation,"[""triceps""]","[""chest"", ""shoulders""]","[""upper arms""]","[""body weight""]",https://static.exercisedb.dev/media/9ZGnq1w.gif,78.67,matched,"triceps dip (between benches) - extreme variation [""triceps""] [""chest"", ""shoulders""]"
triceps,Single Arm Push-up,data/Single-Arm-Push-up.gif,13TpY4H,raise single arm push-up,"[""pectorals""]","[""triceps"", ""shoulders"", ""core""]","[""chest""]","[""body weight""]",https://static.exercisedb.dev/media/13TpY4H.gif,80.0,matched,"raise single arm push-up [""pectorals""] [""triceps"", ""shoulders"", ""core""]"
triceps,Wall-Supported Handstand Push-Ups,data/Wall-Supported-Handstand-Push-Ups.gif,4Jt8QsQ,push-up on lower arms,"[""triceps""]","[""chest"", ""shoulders""]","[""upper arms""]","[""body weight""]",https://static.exercisedb.dev/media/4Jt8QsQ.gif,58.52,matched,"push-up on lower arms [""triceps""] [""chest"", ""shoulders""]"
triceps,Towel Shoulder Stretch,data/Towel-Shoulder-Stretch.gif,7ePTw4B,exercise ball seated triceps stretch,"[""triceps""]","[""shoulders""]","[""upper arms""]","[""stability ball""]",https://static.exercisedb.dev/media/7ePTw4B.gif,58.62,matched,"exercise ball seated triceps stretch [""triceps""] [""shoulders""]"
triceps,Decline Close-Grip Bench To Skull Crusher,data/Decline-Close-Grip-Bench-To-Skull-Crusher.gif,8K7m2SS,medicine ball close grip push up,"[""triceps""]","[""chest"", ""shoulders""]","[""upper arms""]","[""medicine ball""]",https://static.exercisedb.dev/media/8K7m2SS.gif,68.22,matched,"medicine ball close grip push up [""triceps""] [""chest"", ""shoulders""]"
triceps,Barbell One Arm Floor Press,data/Barbell-One-Arm-Floor-Press.gif,641mIfk,barbell incline reverse-grip press,"[""triceps""]","[""chest"", ""shoulders""]","[""upper arms""]","[""barbell""]",https://static.exercisedb.dev/media/641mIfk.gif,72.0,matched,"barbell incline reverse-grip press [""triceps""] [""chest"", ""shoulders""]"
triceps,Asisted Triceps Dips,data/Asisted-Triceps-Dips.gif,7aVz15j,triceps dips floor,"[""triceps""]","[""chest"", ""shoulders""]","[""upper arms""]","[""body weight""]",https://static.exercisedb.dev/media/7aVz15j.gif,84.0,matched,"triceps dips floor [""triceps""] [""chest"", ""shoulders""]"
triceps,Reaction Ball Throw,data/Reaction-Ball-Throw.gif,4cWjYEN,narrow push-up on exercise ball,"[""triceps""]","[""chest"", ""shoulders""]","[""upper arms""]","[""stability ball""]",https://static.exercisedb.dev/media/4cWjYEN.gif,58.4,matched,"narrow push-up on exercise ball [""triceps""] [""chest"", ""shoulders""]"
triceps,Standing Triceps Stretch,data/Standing-Triceps-Stretch.gif,3T12T87,dumbbell standing bent over two arm triceps extension,"[""triceps""]","[""shoulders"", ""back""]","[""upper arms""]","[""dumbbell""]",https://static.exercisedb.dev/media/3T12T87.gif,84.0,matched,"dumbbell standing bent over two arm triceps extension [""triceps""] [""shoulders"", ""back""]"
triceps,Forearm Push-up,data/Forearm-Push-up.gif,1IFV9h3,push-up on lower arms - resistance variation,"[""triceps""]","[""chest"", ""shoulders""]","[""upper arms""]","[""body weight""]",https://static.exercisedb.dev/media/1IFV9h3.gif,70.91,matched,"push-up on lower arms - resistance variation [""triceps""] [""chest"", ""shoulders""]"
triceps,EZ-Bar Bent Arm Pullover,data/EZ-Bar-Bent-Arm-Pullover.gif,1cTf2Ux,ez bar standing french press,"[""triceps""]","[""shoulders""]","[""upper arms""]","[""ez barbell""]",https://static.exercisedb.dev/media/1cTf2Ux.gif,60.0,matched,"ez bar standing french press [""triceps""] [""shoulders""]"
triceps,Low Cable Tricep Kickback,data/Low-Cable-Tricep-Kickback.gif,1xHyxys,cable high pulley overhead tricep extension,"[""triceps""]","[""shoulders""]","[""upper arms""]","[""cable""]",https://static.exercisedb.dev/media/1xHyxys.gif,71.89,matched,"cable high pulley overhead tricep extension [""triceps""] [""shoulders""]"
triceps,Band Skull Crusher,data/Band-Skull-Crusher.gif,4Jt8QsQ,push-up on lower arms,"[""triceps""]","[""chest"", ""shoulders""]","[""upper arms""]","[""body weight""]",https://static.exercisedb.dev/media/4Jt8QsQ.gif,52.82,matched,"push-up on lower arms [""triceps""] [""chest"", ""shoulders""]"
triceps,Band Pushdown,data/Band-Pushdown.gif,3ZflifB,cable pushdown,"[""triceps""]","[""forearms""]","[""upper arms""]","[""cable""]",https://static.exercisedb.dev/media/3ZflifB.gif,80.95,matched,"cable pushdown [""triceps""] [""forearms""]"
triceps,Decline Dumbbell Triceps Extension,data/Decline-Dumbbell-Triceps-Extension.gif,3T12T87,dumbbell standing bent over two arm triceps extension,"[""triceps""]","[""shoulders"", ""back""]","[""upper arms""]","[""dumbbell""]",https://static.exercisedb.dev/media/3T12T87.gif,89.33,matched,"dumbbell standing bent over two arm triceps extension [""triceps""] [""shoulders"", ""back""]"
triceps,Dumbbell Tate Press,data/Dumbbell-Tate-Press.gif,7jGOBF3,dumbbell close grip press,"[""triceps""]","[""chest"", ""shoulders""]","[""upper arms""]","[""dumbbell""]",https://static.exercisedb.dev/media/7jGOBF3.gif,87.88,matched,"dumbbell close grip press [""triceps""] [""chest"", ""shoulders""]"
triceps,Handstand Push-ups Between Benches,data/Handstand-Push-ups-Between-Benches.gif,4cWjYEN,narrow push-up on exercise ball,"[""triceps""]","[""chest"", ""shoulders""]","[""upper arms""]","[""stability ball""]",https://static.exercisedb.dev/media/4cWjYEN.gif,61.85,matched,"narrow push-up on exercise ball [""triceps""] [""chest"", ""shoulders""]"
triceps,Kipping Handstand Push-up,data/Kipping-Handstand-Push-up.gif,1YB40kg,incline close-grip push-up,"[""triceps""]","[""chest"", ""shoulders""]","[""upper arms""]","[""body weight""]",https://static.exercisedb.dev/media/1YB40kg.gif,63.92,matched,"incline close-grip push-up [""triceps""] [""chest"", ""shoulders""]"
triceps,Bent Over Kickback,data/Bent-Over-Kickback.gif,3T12T87,dumbbell standing bent over two arm triceps extension,"[""triceps""]","[""shoulders"", ""back""]","[""upper arms""]","[""dumbbell""]",https://static.exercisedb.dev/media/3T12T87.gif,73.33,matched,"dumbbell standing bent over two arm triceps extension [""triceps""] [""shoulders"", ""back""]"
triceps,Close Grip Bench Press,data/Close-Grip-Bench-Press.gif,7jGOBF3,dumbbell close grip press,"[""triceps""]","[""chest"", ""shoulders""]","[""upper arms""]","[""dumbbell""]",https://static.exercisedb.dev/media/7jGOBF3.gif,87.37,matched,"dumbbell close grip press [""triceps""] [""chest"", ""shoulders""]"
triceps,Dumbbell Triceps Extension,data/Dumbbell-Triceps-Extension.gif,3T12T87,dumbbell standing bent over two arm triceps extension,"[""triceps""]","[""shoulders"", ""back""]","[""upper arms""]","[""dumbbell""]",https://static.exercisedb.dev/media/3T12T87.gif,100.0,matched,"dumbbell standing bent over two arm triceps extension [""triceps""] [""shoulders"", ""back""]"
triceps,Diamond Push-up,data/Diamond-Push-up.gif,4Jt8QsQ,push-up on lower arms,"[""triceps""]","[""chest"", ""shoulders""]","[""upper arms""]","[""body weight""]",https://static.exercisedb.dev/media/4Jt8QsQ.gif,73.33,matched,"push-up on lower arms [""triceps""] [""chest"", ""shoulders""]"
triceps,Triceps Extension with Resistance Bands,data/Triceps-Extension-with-Resistance-Bands.gif,7R4NIjL,assisted standing triceps extension (with towel) with horizontal,"[""triceps""]","[""shoulders""]","[""upper arms""]","[""assisted""]",https://static.exercisedb.dev/media/7R4NIjL.gif,77.7,matched,"assisted standing triceps extension (with towel) with horizontal [""triceps""] [""shoulders""]"
triceps,Alternating Lying Dumbbell Triceps Extension,data/Alternating-Lying-Dumbbell-Triceps-Extension.gif,6MfS53i,dumbbell lying single extension,"[""triceps""]","[""shoulders""]","[""upper arms""]","[""dumbbell""]",https://static.exercisedb.dev/media/6MfS53i.gif,89.82,matched,"dumbbell lying single extension [""triceps""] [""shoulders""]"
triceps,Barbell Reverse Grip Skullcrusher,data/Barbell-Reverse-Grip-Skullcrusher.gif,641mIfk,barbell incline reverse-grip press,"[""triceps""]","[""chest"", ""shoulders""]","[""upper arms""]","[""barbell""]",https://static.exercisedb.dev/media/641mIfk.gif,80.38,matched,"barbell incline reverse-grip press [""triceps""] [""chest"", ""shoulders""]"
triceps,Barbell Lying Back of the Head Tricep Extension,data/Barbell-Lying-Back-of-the-Head-Tricep-Extension.gif,1TVoin7,barbell lying triceps extension double,"[""triceps""]","[""shoulders""]","[""upper arms""]","[""barbell""]",https://static.exercisedb.dev/media/1TVoin7.gif,84.0,matched,"barbell lying triceps extension double [""triceps""] [""shoulders""]"
triceps,EZ Bar Lying Close Grip Triceps Extension Behind Head,data/EZ-Bar-Lying-Close-Grip-Triceps-Extension-Behind-Head.gif,6CKUx7o,ez bar lying close grip triceps extension behind head,"[""triceps""]","[""shoulders""]","[""upper arms""]","[""ez barbell""]",https://static.exercisedb.dev/media/6CKUx7o.gif,100.0,matched,"ez bar lying close grip triceps extension behind head [""triceps""] [""shoulders""]"
triceps,Kneeling Cable Triceps Extension,data/Kneeling-Cable-Triceps-Extension.gif,2IxROQ1,cable overhead triceps extension (rope attachment),"[""triceps""]","[""shoulders""]","[""upper arms""]","[""cable""]",https://static.exercisedb.dev/media/2IxROQ1.gif,86.91,matched,"cable overhead triceps extension (rope attachment) [""triceps""] [""shoulders""]"
triceps,Close-Grip Reverse Bench Press,data/Close-Grip-Reverse-Bench-Press.gif,641mIfk,barbell incline reverse-grip press,"[""triceps""]","[""chest"", ""shoulders""]","[""upper arms""]","[""barbell""]",https://static.exercisedb.dev/media/641mIfk.gif,82.5,matched,"barbell incline reverse-grip press [""triceps""] [""chest"", ""shoulders""]"
triceps,One Arm High Pulley Overhead Tricep Extension,data/One-Arm-High-Pulley-Overhead-Tricep-Extension.gif,1xHyxys,cable high pulley overhead tricep extension,"[""triceps""]","[""shoulders""]","[""upper arms""]","[""cable""]",https://static.exercisedb.dev/media/1xHyxys.gif,94.0,matched,"cable high pulley overhead tricep extension [""triceps""] [""shoulders""]"
triceps,Cable Crossover Triceps Extension,data/Cable-Crossover-Triceps-Extension.gif,2IxROQ1,cable overhead triceps extension (rope attachment),"[""triceps""]","[""shoulders""]","[""upper arms""]","[""cable""]",https://static.exercisedb.dev/media/2IxROQ1.gif,85.71,matched,"cable overhead triceps extension (rope attachment) [""triceps""] [""shoulders""]"
triceps,Side One Arm Reverse Pushdown,data/Side-One-Arm-Reverse-Pushdown.gif,3ZflifB,cable pushdown,"[""triceps""]","[""forearms""]","[""upper arms""]","[""cable""]",https://static.exercisedb.dev/media/3ZflifB.gif,78.18,matched,"cable pushdown [""triceps""] [""forearms""]"
triceps,Bodyweight Skull Crushers,data/Bodyweight-Skull-Crushers.gif,1YB40kg,incline close-grip push-up,"[""triceps""]","[""chest"", ""shoulders""]","[""upper arms""]","[""body weight""]",https://static.exercisedb.dev/media/1YB40kg.gif,51.37,matched,"incline close-grip push-up [""triceps""] [""chest"", ""shoulders""]"
triceps,V-bar Pushdown,data/V-bar-Pushdown.gif,3ZflifB,cable pushdown,"[""triceps""]","[""forearms""]","[""upper arms""]","[""cable""]",https://static.exercisedb.dev/media/3ZflifB.gif,78.18,matched,"cable pushdown [""triceps""] [""forearms""]"
triceps,Cable Rope Lying Tricep Extension,data/Cable-Rope-Lying-Tricep-Extension.gif,1TVoin7,barbell lying triceps extension double,"[""triceps""]","[""shoulders""]","[""upper arms""]","[""barbell""]",https://static.exercisedb.dev/media/1TVoin7.gif,85.35,matched,"barbell lying triceps extension double [""triceps""] [""shoulders""]"
triceps,Cable Lying Triceps Extension,data/Cable-Lying-Triceps-Extension.gif,1TVoin7,barbell lying triceps extension double,"[""triceps""]","[""shoulders""]","[""upper arms""]","[""barbell""]",https://static.exercisedb.dev/media/1TVoin7.gif,90.77,matched,"barbell lying triceps extension double [""triceps""] [""shoulders""]"
triceps,Straddle Planche,,1cTf2Ux,ez bar standing french press,"[""triceps""]","[""shoulders""]","[""upper arms""]","[""ez barbell""]",https://static.exercisedb.dev/media/1cTf2Ux.gif,56.36,matched,"ez bar standing french press [""triceps""] [""shoulders""]"
triceps,Close Grip Knee Push-up,data/Close-Grip-Knee-Push-up.gif,1YB40kg,incline close-grip push-up,"[""triceps""]","[""chest"", ""shoulders""]","[""upper arms""]","[""body weight""]",https://static.exercisedb.dev/media/1YB40kg.gif,90.24,matched,"incline close-grip push-up [""triceps""] [""chest"", ""shoulders""]"
triceps,Supine Medicine Ball Chest Throw,data/Supine-Medicine-Ball-Chest-Throw.gif,aDoFKrE,medicine ball chest pass,"[""pectorals""]","[""shoulders"", ""triceps""]","[""chest""]","[""medicine ball""]",https://static.exercisedb.dev/media/aDoFKrE.gif,70.7,matched,"medicine ball chest pass [""pectorals""] [""shoulders"", ""triceps""]"
triceps,Reverse Dips,data/Reverse-Dips.gif,5fKX7wi,dumbbell seated reverse grip one arm overhead tricep extension,"[""triceps""]","[""shoulders""]","[""upper arms""]","[""dumbbell""]",https://static.exercisedb.dev/media/5fKX7wi.gif,78.95,matched,"dumbbell seated reverse grip one arm overhead tricep extension [""triceps""] [""shoulders""]"
triceps,Planche Push-Up,data/Planche-Push-Up.gif,1IFV9h3,push-up on lower arms - resistance variation,"[""triceps""]","[""chest"", ""shoulders""]","[""upper arms""]","[""body weight""]",https://static.exercisedb.dev/media/1IFV9h3.gif,70.91,matched,"push-up on lower arms - resistance variation [""triceps""] [""chest"", ""shoulders""]"
triceps,Archer Push-Up,data/Archer-Push-Up.gif,A9qxk2F,archer push up,"[""pectorals""]","[""triceps"", ""shoulders"", ""core""]","[""chest""]","[""body weight""]",https://static.exercisedb.dev/media/A9qxk2F.gif,80.0,matched,"archer push up [""pectorals""] [""triceps"", ""shoulders"", ""core""]"
triceps,Ring Dips,data/Ring-Dips.gif,05Cf2v8,impossible dips,"[""triceps""]","[""chest"", ""shoulders""]","[""upper arms""]","[""body weight""]",https://static.exercisedb.dev/media/05Cf2v8.gif,69.23,matched,"impossible dips [""triceps""] [""chest"", ""shoulders""]"
triceps,Single Arm Raise Push-up,data/Single-Arm-Raise-Push-up.gif,13TpY4H,raise single arm push-up,"[""pectorals""]","[""triceps"", ""shoulders"", ""core""]","[""chest""]","[""body weight""]",https://static.exercisedb.dev/media/13TpY4H.gif,80.0,matched,"raise single arm push-up [""pectorals""] [""triceps"", ""shoulders"", ""core""]"
triceps,Suspended Push-Up,data/Suspended-Push-Up.gif,1IFV9h3,push-up on lower arms - resistance variation,"[""triceps""]","[""chest"", ""shoulders""]","[""upper arms""]","[""body weight""]",https://static.exercisedb.dev/media/1IFV9h3.gif,66.67,matched,"push-up on lower arms - resistance variation [""triceps""] [""chest"", ""shoulders""]"
triceps,Close-grip Dumbbell Push-Up,data/Close-grip-Dumbbell-Push-Up.gif,7jGOBF3,dumbbell close grip press,"[""triceps""]","[""chest"", ""shoulders""]","[""upper arms""]","[""dumbbell""]",https://static.exercisedb.dev/media/7jGOBF3.gif,89.09,matched,"dumbbell close grip press [""triceps""] [""chest"", ""shoulders""]"
triceps,Medicine Ball Push-Up,data/Medicine-Ball-Push-Up.gif,8K7m2SS,medicine ball close grip push up,"[""triceps""]","[""chest"", ""shoulders""]","[""upper arms""]","[""medicine ball""]",https://static.exercisedb.dev/media/8K7m2SS.gif,100.0,matched,"medicine ball close grip push up [""triceps""] [""chest"", ""shoulders""]"
triceps,Single Arm Push-Up on Medicine Ball,data/Single-Arm-Push-Up-on-Medicine-Ball.gif,8K7m2SS,medicine ball close grip push up,"[""triceps""]","[""chest"", ""shoulders""]","[""upper arms""]","[""medicine ball""]",https://static.exercisedb.dev/media/8K7m2SS.gif,83.4,matched,"medicine ball close grip push up [""triceps""] [""chest"", ""shoulders""]"
triceps,Rear Drive With Resistance Band,data/Rear-Drive-With-Resistance-Band.gif,1cTf2Ux,ez bar standing french press,"[""triceps""]","[""shoulders""]","[""upper arms""]","[""ez barbell""]",https://static.exercisedb.dev/media/1cTf2Ux.gif,63.39,matched,"ez bar standing french press [""triceps""] [""shoulders""]"
triceps,Standing Triceps Extension | Gymstick,data/Standing-Triceps-Extension-|-Gymstick.gif,3T12T87,dumbbell standing bent over two arm triceps extension,"[""triceps""]","[""shoulders"", ""back""]","[""upper arms""]","[""dumbbell""]",https://static.exercisedb.dev/media/3T12T87.gif,86.03,matched,"dumbbell standing bent over two arm triceps extension [""triceps""] [""shoulders"", ""back""]"
triceps,Banded Overhead Triceps Extension,data/Banded-Overhead-Triceps-Extension.gif,2IxROQ1,cable overhead triceps extension (rope attachment),"[""triceps""]","[""shoulders""]","[""upper arms""]","[""cable""]",https://static.exercisedb.dev/media/2IxROQ1.gif,90.51,matched,"cable overhead triceps extension (rope attachment) [""triceps""] [""shoulders""]"
triceps,Overhead Triceps Extension | Gymstick,data/Overhead-Triceps-Extension-|-Gymstick.gif,2IxROQ1,cable overhead triceps extension (rope attachment),"[""triceps""]","[""shoulders""]","[""upper arms""]","[""cable""]",https://static.exercisedb.dev/media/2IxROQ1.gif,86.03,matched,"cable overhead triceps extension (rope attachment) [""triceps""] [""shoulders""]"
forearm,Seated Zottman Curl,data/Seated-Zottman-Curl.gif,8oYqOt9,cable seated curl,"[""biceps""]","[""forearms""]","[""upper arms""]","[""cable""]",https://static.exercisedb.dev/media/8oYqOt9.gif,62.86,matched,"cable seated curl [""biceps""] [""forearms""]"
forearm,Wrist Roller,data/Wrist-Roller.gif,2zNKRUB,wrist circles,"[""forearms""]","[""hands"", ""wrists""]","[""lower arms""]","[""body weight""]",https://static.exercisedb.dev/media/2zNKRUB.gif,57.6,matched,"wrist circles [""forearms""] [""hands"", ""wrists""]"
forearm,Dumbbell Seated Neutral Wrist Curl,data/Dumbbell-Seated-Neutral-Wrist-Curl.gif,2dImyQ8,dumbbell seated palms up wrist curl,"[""forearms""]","[""biceps"", ""shoulders""]","[""lower arms""]","[""dumbbell""]",https://static.exercisedb.dev/media/2dImyQ8.gif,69.33,matched,"dumbbell seated palms up wrist curl [""forearms""] [""biceps"", ""shoulders""]"
forearm,Dumbbell Wrist Curl,data/Dumbbell-Wrist-Curl.gif,2dImyQ8,dumbbell seated palms up wrist curl,"[""forearms""]","[""biceps"", ""shoulders""]","[""lower arms""]","[""dumbbell""]",https://static.exercisedb.dev/media/2dImyQ8.gif,80.0,matched,"dumbbell seated palms up wrist curl [""forearms""] [""biceps"", ""shoulders""]"
forearm,Barbell Reverse Wrist Curl,data/Barbell-Reverse-Wrist-Curl.gif,25GPyDY,barbell curl,"[""biceps""]","[""forearms""]","[""upper arms""]","[""barbell""]",https://static.exercisedb.dev/media/25GPyDY.gif,80.0,matched,"barbell curl [""biceps""] [""forearms""]"
forearm,Wrist Circles Stretch,data/Wrist-Circles-Stretch.gif,2zNKRUB,wrist circles,"[""forearms""]","[""hands"", ""wrists""]","[""lower arms""]","[""body weight""]",https://static.exercisedb.dev/media/2zNKRUB.gif,80.0,matched,"wrist circles [""forearms""] [""hands"", ""wrists""]"
forearm,Barbell Reverse Curl,data/Barbell-Reverse-Curl.gif,25GPyDY,barbell curl,"[""biceps""]","[""forearms""]","[""upper arms""]","[""barbell""]",https://static.exercisedb.dev/media/25GPyDY.gif,80.0,matched,"barbell curl [""biceps""] [""forearms""]"
forearm,Cable One-Arm Wrist Curl On Floor,data/Cable-One-Arm-Wrist-Curl-On-Floor.gif,8oYqOt9,cable seated curl,"[""biceps""]","[""forearms""]","[""upper arms""]","[""cable""]",https://static.exercisedb.dev/media/8oYqOt9.gif,59.26,matched,"cable seated curl [""biceps""] [""forearms""]"
forearm,Hand Gripper,data/Hand-Gripper.gif,6MaEjVA,smith standing leg calf raise,"[""calves""]","[""hamstrings"", ""glutes""]","[""lower legs""]","[""smith machine""]",https://static.exercisedb.dev/media/6MaEjVA.gif,35.12,matched,"smith standing leg calf raise [""calves""] [""hamstrings"", ""glutes""]"
forearm,Dumbbell Reverse Curl,data/Dumbbell-Reverse-Curl.gif,0IgNjSM,dumbbell standing reverse curl,"[""biceps""]","[""forearms""]","[""upper arms""]","[""dumbbell""]",https://static.exercisedb.dev/media/0IgNjSM.gif,80.0,matched,"dumbbell standing reverse curl [""biceps""] [""forearms""]"
forearm,Seated Hammer Curl,data/Seated-Hammer-Curl.gif,6em2Dxj,dumbbell alternate seated hammer curl,"[""biceps""]","[""forearms""]","[""upper arms""]","[""dumbbell""]",https://static.exercisedb.dev/media/6em2Dxj.gif,80.0,matched,"dumbbell alternate seated hammer curl [""biceps""] [""forearms""]"
forearm,Reverse Grip EZ-Bar Curl,data/Reverse-Grip-EZ-Bar-Curl.gif,7y9JIMj,lever reverse grip preacher curl with precision,"[""biceps""]","[""forearms""]","[""upper arms""]","[""leverage machine""]",https://static.exercisedb.dev/media/7y9JIMj.gif,66.34,matched,"lever reverse grip preacher curl with precision [""biceps""] [""forearms""]"
forearm,Dumbbell Scott Hammer Curl,data/Dumbbell-Scott-Hammer-Curl.gif,2NpxjC1,dumbbell hammer curl v. 2,"[""biceps""]","[""forearms""]","[""upper arms""]","[""dumbbell""]",https://static.exercisedb.dev/media/2NpxjC1.gif,71.11,matched,"dumbbell hammer curl v. 2 [""biceps""] [""forearms""]"
forearm,Behind The Back Barbell Wrist Curl,data/Behind-The-Back-Barbell-Wrist-Curl.gif,25GPyDY,barbell curl,"[""biceps""]","[""forearms""]","[""upper arms""]","[""barbell""]",https://static.exercisedb.dev/media/25GPyDY.gif,80.0,matched,"barbell curl [""biceps""] [""forearms""]"
forearm,Standing One Arm Chest Stretch,data/Standing-One-Arm-Chest-Stretch.gif,1jXLYEw,standing lateral stretch,"[""lats""]","[""shoulders"", ""obliques""]","[""back""]","[""body weight""]",https://static.exercisedb.dev/media/1jXLYEw.gif,64.0,matched,"standing lateral stretch [""lats""] [""shoulders"", ""obliques""]"
forearm,Wrist Ulnar Deviator And Extensor Stretch,data/Wrist-Ulnar-Deviator-And-Extensor-Stretch.gif,0mB6wHO,runners stretch,"[""hamstrings""]","[""calves"", ""quadriceps""]","[""upper legs""]","[""body weight""]",https://static.exercisedb.dev/media/0mB6wHO.gif,50.91,matched,"runners stretch [""hamstrings""] [""calves"", ""quadriceps""]"
forearm,Reverse Wrist Stretch,data/Reverse-Wrist-Stretch.gif,4Jc36XM,dumbbell over bench one arm reverse wrist curl,"[""forearms""]","[""biceps"", ""brachialis""]","[""lower arms""]","[""dumbbell""]",https://static.exercisedb.dev/media/4Jc36XM.gif,61.18,matched,"dumbbell over bench one arm reverse wrist curl [""forearms""] [""biceps"", ""brachialis""]"
forearm,Wrist Stretch,data/Wrist-Stretch.gif,0mB6wHO,runners stretch,"[""hamstrings""]","[""calves"", ""quadriceps""]","[""upper legs""]","[""body weight""]",https://static.exercisedb.dev/media/0mB6wHO.gif,57.14,matched,"runners stretch [""hamstrings""] [""calves"", ""quadriceps""]"
forearm,Dumbbell Preacher Hammer (Scott) Curl,data/Dumbbell-Preacher-Hammer-(Scott)-Curl.gif,2NpxjC1,dumbbell hammer curl v. 2,"[""biceps""]","[""forearms""]","[""upper arms""]","[""dumbbell""]",https://static.exercisedb.dev/media/2NpxjC1.gif,71.11,matched,"dumbbell hammer curl v. 2 [""biceps""] [""forearms""]"
forearm,Weighted Neutral Wrist Curl,data/Weighted-Neutral-Wrist-Curl.gif,82LxxkW,barbell wrist curl,"[""forearms""]","[""biceps"", ""brachialis""]","[""lower arms""]","[""barbell""]",https://static.exercisedb.dev/media/82LxxkW.gif,57.14,matched,"barbell wrist curl [""forearms""] [""biceps"", ""brachialis""]"
forearm,Single Dumbbell Spider Hammer Curl,data/Single-Dumbbell-Spider-Hammer-Curl.gif,2NpxjC1,dumbbell hammer curl v. 2,"[""biceps""]","[""forearms""]","[""upper arms""]","[""dumbbell""]",https://static.exercisedb.dev/media/2NpxjC1.gif,71.11,matched,"dumbbell hammer curl v. 2 [""biceps""] [""forearms""]"
forearm,Reverse Wrist Curl,data/Reverse-Wrist-Curl.gif,4Jc36XM,dumbbell over bench one arm reverse wrist curl,"[""forearms""]","[""biceps"", ""brachialis""]","[""lower arms""]","[""dumbbell""]",https://static.exercisedb.dev/media/4Jc36XM.gif,80.0,matched,"dumbbell over bench one arm reverse wrist curl [""forearms""] [""biceps"", ""brachialis""]"
forearm,Wrist Curl,data/Wrist-Curl.gif,2dImyQ8,dumbbell seated palms up wrist curl,"[""forearms""]","[""biceps"", ""shoulders""]","[""lower arms""]","[""dumbbell""]",https://static.exercisedb.dev/media/2dImyQ8.gif,80.0,matched,"dumbbell seated palms up wrist curl [""forearms""] [""biceps"", ""shoulders""]"
forearm,Hammer Curl with Resistance Band,data/Hammer-Curl-with-Resistance-Band.gif,4x5Okof,resistance band seated chest press,"[""pectorals""]","[""shoulders"", ""triceps""]","[""chest""]","[""resistance band""]",https://static.exercisedb.dev/media/4x5Okof.gif,53.33,matched,"resistance band seated chest press [""pectorals""] [""shoulders"", ""triceps""]"
forearm,Cable Reverse Grip EZ-bar Biceps Curl,data/Cable-Reverse-Grip-EZ-bar-Biceps-Curl.gif,8oYqOt9,cable seated curl,"[""biceps""]","[""forearms""]","[""upper arms""]","[""cable""]",https://static.exercisedb.dev/media/8oYqOt9.gif,59.26,matched,"cable seated curl [""biceps""] [""forearms""]"
forearm,Barbell Finger Curl,data/Barbell-Finger-Curl.gif,25GPyDY,barbell curl,"[""biceps""]","[""forearms""]","[""upper arms""]","[""barbell""]",https://static.exercisedb.dev/media/25GPyDY.gif,80.0,matched,"barbell curl [""biceps""] [""forearms""]"
forearm,Dumbbell Finger Curl,data/Dumbbell-Finger-Curl.gif,ae9UoXQ,dumbbell incline curl,"[""biceps""]","[""forearms""]","[""upper arms""]","[""dumbbell""]",https://static.exercisedb.dev/media/ae9UoXQ.gif,66.34,matched,"dumbbell incline curl [""biceps""] [""forearms""]"
forearm,Single Arm Reverse Grip Cable Bicep Curl,data/Single-Arm-Reverse-Grip-Cable-Bicep-Curl.gif,8oYqOt9,cable seated curl,"[""biceps""]","[""forearms""]","[""upper arms""]","[""cable""]",https://static.exercisedb.dev/media/8oYqOt9.gif,59.26,matched,"cable seated curl [""biceps""] [""forearms""]"
forearm,Barbell Reverse Wrist Curl Over a Bench,data/Barbell-Reverse-Wrist-Curl-Over-a-Bench.gif,25GPyDY,barbell curl,"[""biceps""]","[""forearms""]","[""upper arms""]","[""barbell""]",https://static.exercisedb.dev/media/25GPyDY.gif,80.0,matched,"barbell curl [""biceps""] [""forearms""]"
forearm,Water Bottle Hammer Curl,data/Water-Bottle-Hammer-Curl.gif,8oYqOt9,cable seated curl,"[""biceps""]","[""forearms""]","[""upper arms""]","[""cable""]",https://static.exercisedb.dev/media/8oYqOt9.gif,50.73,matched,"cable seated curl [""biceps""] [""forearms""]"
abs,One Arm Medicine Ball Slam,data/One-Arm-Medicine-Ball-Slam.gif,4QqYaJW,gentle prone twist on stability ball,"[""abs""]","[""obliques"", ""lower back""]","[""waist""]","[""stability ball""]",https://static.exercisedb.dev/media/4QqYaJW.gif,58.71,matched,"gentle prone twist on stability ball [""abs""] [""obliques"", ""lower back""]"
abs,Medicine Ball Rotational Throw,data/Medicine-Ball-Rotational-Throw.gif,4QqYaJW,gentle prone twist on stability ball,"[""abs""]","[""obliques"", ""lower back""]","[""waist""]","[""stability ball""]",https://static.exercisedb.dev/media/4QqYaJW.gif,63.64,matched,"gentle prone twist on stability ball [""abs""] [""obliques"", ""lower back""]"
abs,Dragon Flag,data/Dragon-Flag.gif,4Ml7QFO,hanging straight leg raise,"[""abs""]","[""hip flexors""]","[""waist""]","[""body weight""]",https://static.exercisedb.dev/media/4Ml7QFO.gif,50.27,matched,"hanging straight leg raise [""abs""] [""hip flexors""]"
abs,Ab Coaster Machine,data/Ab-Coaster-Machine.gif,9Ap7miY,decline crunch,"[""abs""]","[""hip flexors""]","[""waist""]","[""body weight""]",https://static.exercisedb.dev/media/9Ap7miY.gif,55.0,matched,"decline crunch [""abs""] [""hip flexors""]"
abs,Cross Crunch,data/Cross-Crunch.gif,225x2Vd,band kneeling twisting crunch,"[""abs""]","[""obliques""]","[""waist""]","[""band""]",https://static.exercisedb.dev/media/225x2Vd.gif,73.33,matched,"band kneeling twisting crunch [""abs""] [""obliques""]"
abs,Standing Cable Crunch,data/Standing-Cable-Crunch.gif,8gQo5Ss,single style cable standing crunch (with rope attachment),"[""abs""]","[""obliques""]","[""waist""]","[""cable""]",https://static.exercisedb.dev/media/8gQo5Ss.gif,100.0,matched,"single style cable standing crunch (with rope attachment) [""abs""] [""obliques""]"
abs,Seated Bench Leg Pull-in,data/Seated-Bench-Leg-Pull-in.gif,8xUv4J7,cable seated crunch,"[""abs""]","[""obliques""]","[""waist""]","[""cable""]",https://static.exercisedb.dev/media/8xUv4J7.gif,64.65,matched,"cable seated crunch [""abs""] [""obliques""]"
abs,Cross Body Mountain Climber,data/Cross-Body-Mountain-Climber.gif,9c6T1YX,bridge - mountain climber (cross body),"[""abs""]","[""glutes"", ""quadriceps"", ""hamstrings"", ""shoulders"", ""triceps""]","[""waist""]","[""body weight""]",https://static.exercisedb.dev/media/9c6T1YX.gif,79.53,matched,"bridge - mountain climber (cross body) [""abs""] [""glutes"", ""quadriceps"", ""hamstrings"", ""shoulders"", ""triceps""]"
abs,Alternate Leg Raises,data/Alternate-Leg-Raises.gif,9IxJdtC,lying leg-hip raise,"[""abs""]","[""hip flexors""]","[""waist""]","[""body weight""]",https://static.exercisedb.dev/media/9IxJdtC.gif,69.23,matched,"lying leg-hip raise [""abs""] [""hip flexors""]"
abs,Crunches,data/Crunches.gif,9Ap7miY,decline crunch,"[""abs""]","[""hip flexors""]","[""waist""]","[""body weight""]",https://static.exercisedb.dev/media/9Ap7miY.gif,70.91,matched,"decline crunch [""abs""] [""hip flexors""]"
abs,Mountain Climber,data/Mountain-Climber.gif,9c6T1YX,bridge - mountain climber (cross body),"[""abs""]","[""glutes"", ""quadriceps"", ""hamstrings"", ""shoulders"", ""triceps""]","[""waist""]","[""body weight""]",https://static.exercisedb.dev/media/9c6T1YX.gif,100.0,matched,"bridge - mountain climber (cross body) [""abs""] [""glutes"", ""quadriceps"", ""hamstrings"", ""shoulders"", ""triceps""]"
abs,Bicycle Crunch,data/Bicycle-Crunch.gif,9Ap7miY,decline crunch,"[""abs""]","[""hip flexors""]","[""waist""]","[""body weight""]",https://static.exercisedb.dev/media/9Ap7miY.gif,77.14,matched,"decline crunch [""abs""] [""hip flexors""]"
abs,Lying Scissor Kick,data/Lying-Scissor-Kick.gif,9IxJdtC,lying leg-hip raise,"[""abs""]","[""hip flexors""]","[""waist""]","[""body weight""]",https://static.exercisedb.dev/media/9IxJdtC.gif,63.24,matched,"lying leg-hip raise [""abs""] [""hip flexors""]"
abs,Leg Raise,data/Leg-Raise.gif,4Ml7QFO,hanging straight leg raise,"[""abs""]","[""hip flexors""]","[""waist""]","[""body weight""]",https://static.exercisedb.dev/media/4Ml7QFO.gif,100.0,matched,"hanging straight leg raise [""abs""] [""hip flexors""]"
abs,Oblique Floor Crunches,data/Oblique-Floor-Crunches.gif,9Ap7miY,decline crunch,"[""abs""]","[""hip flexors""]","[""waist""]","[""body weight""]",https://static.exercisedb.dev/media/9Ap7miY.gif,64.44,matched,"decline crunch [""abs""] [""hip flexors""]"
abs,T-Cross Sit-up,data/T-Cross-Sit-up.gif,2gPfomN,3/4 sit-up,"[""abs""]","[""hip flexors"", ""lower back""]","[""waist""]","[""body weight""]",https://static.exercisedb.dev/media/2gPfomN.gif,80.0,matched,"3/4 sit-up [""abs""] [""hip flexors"", ""lower back""]"
abs,Dead Bug,data/Dead-Bug.gif,8xUv4J7,cable seated crunch,"[""abs""]","[""obliques""]","[""waist""]","[""cable""]",https://static.exercisedb.dev/media/8xUv4J7.gif,55.56,matched,"cable seated crunch [""abs""] [""obliques""]"
abs,Decline Sit-up,data/Decline-Sit-up.gif,2gPfomN,3/4 sit-up,"[""abs""]","[""hip flexors"", ""lower back""]","[""waist""]","[""body weight""]",https://static.exercisedb.dev/media/2gPfomN.gif,80.0,matched,"3/4 sit-up [""abs""] [""hip flexors"", ""lower back""]"
abs,Reverse Crunch,data/Reverse-Crunch.gif,9Ap7miY,decline crunch,"[""abs""]","[""hip flexors""]","[""waist""]","[""body weight""]",https://static.exercisedb.dev/media/9Ap7miY.gif,71.43,matched,"decline crunch [""abs""] [""hip flexors""]"
abs,Kneeling Cable Crunch,data/Kneeling-Cable-Crunch.gif,225x2Vd,band kneeling twisting crunch,"[""abs""]","[""obliques""]","[""waist""]","[""band""]",https://static.exercisedb.dev/media/225x2Vd.gif,86.67,matched,"band kneeling twisting crunch [""abs""] [""obliques""]"
abs,Heel Touch,data/Heel-Touch.gif,7M66AVi,barbell rollerout,"[""abs""]","[""lower back""]","[""waist""]","[""barbell""]",https://static.exercisedb.dev/media/7M66AVi.gif,49.63,matched,"barbell rollerout [""abs""] [""lower back""]"
abs,Standing Rotation,data/Standing-Rotation.gif,8gQo5Ss,single style cable standing crunch (with rope attachment),"[""abs""]","[""obliques""]","[""waist""]","[""cable""]",https://static.exercisedb.dev/media/8gQo5Ss.gif,71.2,matched,"single style cable standing crunch (with rope attachment) [""abs""] [""obliques""]"
abs,Standing Toe Touch,data/Standing-Toe-Touch.gif,8gQo5Ss,single style cable standing crunch (with rope attachment),"[""abs""]","[""obliques""]","[""waist""]","[""cable""]",https://static.exercisedb.dev/media/8gQo5Ss.gif,69.23,matched,"single style cable standing crunch (with rope attachment) [""abs""] [""obliques""]"
abs,Crunch With Leg Raise,data/Crunch-With-Leg-Raise.gif,6vcvsLS,hanging straight leg raise with elevated,"[""abs""]","[""hip flexors""]","[""waist""]","[""body weight""]",https://static.exercisedb.dev/media/6vcvsLS.gif,84.0,matched,"hanging straight leg raise with elevated [""abs""] [""hip flexors""]"
abs,Alternate Lying Floor Leg Raise,data/Alternate-Lying-Floor-Leg-Raise.gif,9IxJdtC,lying leg-hip raise,"[""abs""]","[""hip flexors""]","[""waist""]","[""body weight""]",https://static.exercisedb.dev/media/9IxJdtC.gif,90.59,matched,"lying leg-hip raise [""abs""] [""hip flexors""]"
abs,Weighted Crunch,data/Weighted-Crunch.gif,6bOA1Oi,weighted side bend (on stability ball),"[""abs""]","[""obliques"", ""lower back""]","[""waist""]","[""weighted""]",https://static.exercisedb.dev/media/6bOA1Oi.gif,75.65,matched,"weighted side bend (on stability ball) [""abs""] [""obliques"", ""lower back""]"
abs,Seated Side Crunch,data/Seated-Side-Crunch.gif,8xUv4J7,cable seated crunch,"[""abs""]","[""obliques""]","[""waist""]","[""cable""]",https://static.exercisedb.dev/media/8xUv4J7.gif,87.1,matched,"cable seated crunch [""abs""] [""obliques""]"
abs,Incline Leg Hip Raise,data/Incline-Leg-Hip-Raise.gif,9IxJdtC,lying leg-hip raise,"[""abs""]","[""hip flexors""]","[""waist""]","[""body weight""]",https://static.exercisedb.dev/media/9IxJdtC.gif,88.0,matched,"lying leg-hip raise [""abs""] [""hip flexors""]"
abs,Bodyweight Windmill,data/Bodyweight-Windmill.gif,5VXmnV5,bodyweight incline side plank,"[""abs""]","[""obliques"", ""shoulders""]","[""waist""]","[""body weight""]",https://static.exercisedb.dev/media/5VXmnV5.gif,75.17,matched,"bodyweight incline side plank [""abs""] [""obliques"", ""shoulders""]"
abs,Front to Side Plank,data/Front-to-Side-Plank.gif,5VXmnV5,bodyweight incline side plank,"[""abs""]","[""obliques"", ""shoulders""]","[""waist""]","[""body weight""]",https://static.exercisedb.dev/media/5VXmnV5.gif,75.17,matched,"bodyweight incline side plank [""abs""] [""obliques"", ""shoulders""]"
abs,Tuck Crunch,data/Tuck-Crunch.gif,225x2Vd,band kneeling twisting crunch,"[""abs""]","[""obliques""]","[""waist""]","[""band""]",https://static.exercisedb.dev/media/225x2Vd.gif,76.47,matched,"band kneeling twisting crunch [""abs""] [""obliques""]"
abs,Dumbbell Side Bend,data/Dumbbell-Side-Bend.gif,6bOA1Oi,weighted side bend (on stability ball),"[""abs""]","[""obliques"", ""lower back""]","[""waist""]","[""weighted""]",https://static.exercisedb.dev/media/6bOA1Oi.gif,73.33,matched,"weighted side bend (on stability ball) [""abs""] [""obliques"", ""lower back""]"
abs,Double Leg Stretch,data/Double-Leg-Stretch.gif,2Ryn564,assisted prone rectus femoris stretch,"[""abs""]","[""quadriceps""]","[""waist""]","[""assisted""]",https://static.exercisedb.dev/media/2Ryn564.gif,64.8,matched,"assisted prone rectus femoris stretch [""abs""] [""quadriceps""]"
abs,Spider Plank,data/Spider-Plank.gif,5VXmnV5,bodyweight incline side plank,"[""abs""]","[""obliques"", ""shoulders""]","[""waist""]","[""body weight""]",https://static.exercisedb.dev/media/5VXmnV5.gif,67.06,matched,"bodyweight incline side plank [""abs""] [""obliques"", ""shoulders""]"
abs,Captains Chair Leg Raise,data/Captains-Chair-Leg-Raise.gif,9IxJdtC,lying leg-hip raise,"[""abs""]","[""hip flexors""]","[""waist""]","[""body weight""]",https://static.exercisedb.dev/media/9IxJdtC.gif,71.43,matched,"lying leg-hip raise [""abs""] [""hip flexors""]"
abs,Bench Side Bend,data/Bench-Side-Bend.gif,6bOA1Oi,weighted side bend (on stability ball),"[""abs""]","[""obliques"", ""lower back""]","[""waist""]","[""weighted""]",https://static.exercisedb.dev/media/6bOA1Oi.gif,80.0,matched,"weighted side bend (on stability ball) [""abs""] [""obliques"", ""lower back""]"
abs,Crab Twist Toe Touch,data/Crab-Twist-Toe-Touch.gif,2jl9K55,spine twist,"[""abs""]","[""obliques"", ""lower back""]","[""waist""]","[""body weight""]",https://static.exercisedb.dev/media/2jl9K55.gif,70.0,matched,"spine twist [""abs""] [""obliques"", ""lower back""]"
abs,Quarter Sit-up,data/Quarter-Sit-up.gif,2gPfomN,3/4 sit-up,"[""abs""]","[""hip flexors"", ""lower back""]","[""waist""]","[""body weight""]",https://static.exercisedb.dev/media/2gPfomN.gif,80.0,matched,"3/4 sit-up [""abs""] [""hip flexors"", ""lower back""]"
abs,Weighted Sit-ups,data/Weighted-Sit-ups.gif,6bOA1Oi,weighted side bend (on stability ball),"[""abs""]","[""obliques"", ""lower back""]","[""waist""]","[""weighted""]",https://static.exercisedb.dev/media/6bOA1Oi.gif,73.33,matched,"weighted side bend (on stability ball) [""abs""] [""obliques"", ""lower back""]"
abs,Lying Knee Raise,data/Lying-Knee-Raise.gif,9IxJdtC,lying leg-hip raise,"[""abs""]","[""hip flexors""]","[""waist""]","[""body weight""]",https://static.exercisedb.dev/media/9IxJdtC.gif,85.19,matched,"lying leg-hip raise [""abs""] [""hip flexors""]"
abs,Floor Crunch,data/Floor-Crunch.gif,225x2Vd,band kneeling twisting crunch,"[""abs""]","[""obliques""]","[""waist""]","[""band""]",https://static.exercisedb.dev/media/225x2Vd.gif,73.33,matched,"band kneeling twisting crunch [""abs""] [""obliques""]"
abs,Reverse Plank,data/Reverse-Plank.gif,5VXmnV5,bodyweight incline side plank,"[""abs""]","[""obliques"", ""shoulders""]","[""waist""]","[""body weight""]",https://static.exercisedb.dev/media/5VXmnV5.gif,64.44,matched,"bodyweight incline side plank [""abs""] [""obliques"", ""shoulders""]"
abs,Stability Ball Knee Tuck,data/Stability-Ball-Knee-Tuck.gif,1IG6gVF,prone twist on stability ball,"[""abs""]","[""obliques"", ""lower back""]","[""waist""]","[""stability ball""]",https://static.exercisedb.dev/media/1IG6gVF.gif,78.95,matched,"prone twist on stability ball [""abs""] [""obliques"", ""lower back""]"
abs,Hanging Knee Raises,data/Hanging-Knee-Raises.gif,03lzqwk,assisted hanging knee raise,"[""abs""]","[""hip flexors""]","[""waist""]","[""assisted""]",https://static.exercisedb.dev/media/03lzqwk.gif,82.61,matched,"assisted hanging knee raise [""abs""] [""hip flexors""]"
abs,Hanging Side Knee Raises,data/Hanging-Side-Knee-Raises.gif,03lzqwk,assisted hanging knee raise,"[""abs""]","[""hip flexors""]","[""waist""]","[""assisted""]",https://static.exercisedb.dev/media/03lzqwk.gif,82.75,matched,"assisted hanging knee raise [""abs""] [""hip flexors""]"
abs,Hanging Windshield Wiper,data/Hanging-Windshield-Wiper.gif,03lzqwk,assisted hanging knee raise,"[""abs""]","[""hip flexors""]","[""waist""]","[""assisted""]",https://static.exercisedb.dev/media/03lzqwk.gif,67.06,matched,"assisted hanging knee raise [""abs""] [""hip flexors""]"
abs,Toes to Bar,data/Toes-to-Bar.gif,7M66AVi,barbell rollerout,"[""abs""]","[""lower back""]","[""waist""]","[""barbell""]",https://static.exercisedb.dev/media/7M66AVi.gif,54.29,matched,"barbell rollerout [""abs""] [""lower back""]"
abs,Weighted Hanging Knee Raises,data/Weighted-Hanging-Knee-Raises.gif,4Ml7QFO,hanging straight leg raise,"[""abs""]","[""hip flexors""]","[""waist""]","[""body weight""]",https://static.exercisedb.dev/media/4Ml7QFO.gif,79.26,matched,"hanging straight leg raise [""abs""] [""hip flexors""]"
abs,Teaser Pilates,data/Teaser-Pilates.gif,2jl9K55,spine twist,"[""abs""]","[""obliques"", ""lower back""]","[""waist""]","[""body weight""]",https://static.exercisedb.dev/media/2jl9K55.gif,58.4,matched,"spine twist [""abs""] [""obliques"", ""lower back""]"
abs,Seated Oblique Twist,data/Seated-Oblique-Twist.gif,2jl9K55,spine twist,"[""abs""]","[""obliques"", ""lower back""]","[""waist""]","[""body weight""]",https://static.exercisedb.dev/media/2jl9K55.gif,70.0,matched,"spine twist [""abs""] [""obliques"", ""lower back""]"
abs,Side Bridge,data/Side-Bridge.gif,9c6T1YX,bridge - mountain climber (cross body),"[""abs""]","[""glutes"", ""quadriceps"", ""hamstrings"", ""shoulders"", ""triceps""]","[""waist""]","[""body weight""]",https://static.exercisedb.dev/media/9c6T1YX.gif,76.47,matched,"bridge - mountain climber (cross body) [""abs""] [""glutes"", ""quadriceps"", ""hamstrings"", ""shoulders"", ""triceps""]"
abs,Plank With Arm And Leg Lift,data/Plank-With-Arm-And-Leg-Lift.gif,6ZCiYWQ,sit-up with arms on chest,"[""abs""]","[""hip flexors""]","[""waist""]","[""body weight""]",https://static.exercisedb.dev/media/6ZCiYWQ.gif,66.15,matched,"sit-up with arms on chest [""abs""] [""hip flexors""]"
abs,Weighted Front Plank,data/Weighted-Front-Plank.gif,5VXmnV5,bodyweight incline side plank,"[""abs""]","[""obliques"", ""shoulders""]","[""waist""]","[""body weight""]",https://static.exercisedb.dev/media/5VXmnV5.gif,68.98,matched,"bodyweight incline side plank [""abs""] [""obliques"", ""shoulders""]"
abs,Cable Side Bend,data/Cable-Side-Bend.gif,6bOA1Oi,weighted side bend (on stability ball),"[""abs""]","[""obliques"", ""lower back""]","[""waist""]","[""weighted""]",https://static.exercisedb.dev/media/6bOA1Oi.gif,80.0,matched,"weighted side bend (on stability ball) [""abs""] [""obliques"", ""lower back""]"
abs,Barbell Side Bend,data/Barbell-Side-Bend.gif,6bOA1Oi,weighted side bend (on stability ball),"[""abs""]","[""obliques"", ""lower back""]","[""waist""]","[""weighted""]",https://static.exercisedb.dev/media/6bOA1Oi.gif,75.38,matched,"weighted side bend (on stability ball) [""abs""] [""obliques"", ""lower back""]"
abs,Seated Barbell Twist,data/Seated-Barbell-Twist.gif,2jl9K55,spine twist,"[""abs""]","[""obliques"", ""lower back""]","[""waist""]","[""body weight""]",https://static.exercisedb.dev/media/2jl9K55.gif,70.0,matched,"spine twist [""abs""] [""obliques"", ""lower back""]"
abs,Bent Over Twist,data/Bent-Over-Twist.gif,2jl9K55,spine twist,"[""abs""]","[""obliques"", ""lower back""]","[""waist""]","[""body weight""]",https://static.exercisedb.dev/media/2jl9K55.gif,70.0,matched,"spine twist [""abs""] [""obliques"", ""lower back""]"
abs,Dumbbell V-up,data/Dumbbell-V-up.gif,2dImyQ8,dumbbell seated palms up wrist curl,"[""forearms""]","[""biceps"", ""shoulders""]","[""lower arms""]","[""dumbbell""]",https://static.exercisedb.dev/media/2dImyQ8.gif,73.33,matched,"dumbbell seated palms up wrist curl [""forearms""] [""biceps"", ""shoulders""]"
abs,Lever Lying Crunch,data/Lever-Lying-Crunch.gif,9Ap7miY,decline crunch,"[""abs""]","[""hip flexors""]","[""waist""]","[""body weight""]",https://static.exercisedb.dev/media/9Ap7miY.gif,75.0,matched,"decline crunch [""abs""] [""hip flexors""]"
abs,Twisting Hyperextension,data/Twisting-Hyperextension.gif,225x2Vd,band kneeling twisting crunch,"[""abs""]","[""obliques""]","[""waist""]","[""band""]",https://static.exercisedb.dev/media/225x2Vd.gif,63.08,matched,"band kneeling twisting crunch [""abs""] [""obliques""]"
abs,Ab Roller Crunch,data/Ab-Roller-Crunch.gif,8xUv4J7,cable seated crunch,"[""abs""]","[""obliques""]","[""waist""]","[""cable""]",https://static.exercisedb.dev/media/8xUv4J7.gif,70.29,matched,"cable seated crunch [""abs""] [""obliques""]"
abs,Standing Cable High-To-Low Twist,data/Standing-Cable-High-To-Low-Twist.gif,2jl9K55,spine twist,"[""abs""]","[""obliques"", ""lower back""]","[""waist""]","[""body weight""]",https://static.exercisedb.dev/media/2jl9K55.gif,70.0,matched,"spine twist [""abs""] [""obliques"", ""lower back""]"
abs,Standing Cable Low-To-High Twist,data/Standing-Cable-Low-To-High-Twist.gif,2jl9K55,spine twist,"[""abs""]","[""obliques"", ""lower back""]","[""waist""]","[""body weight""]",https://static.exercisedb.dev/media/2jl9K55.gif,70.0,matched,"spine twist [""abs""] [""obliques"", ""lower back""]"
abs,Standing Cable Twist,data/Standing-Cable-Twist.gif,8gQo5Ss,single style cable standing crunch (with rope attachment),"[""abs""]","[""obliques""]","[""waist""]","[""cable""]",https://static.exercisedb.dev/media/8gQo5Ss.gif,85.88,matched,"single style cable standing crunch (with rope attachment) [""abs""] [""obliques""]"
abs,L-Sit,data/L-Sit.gif,1GPHRyK,janda sit-up,"[""abs""]","[""hip flexors"", ""lower back""]","[""waist""]","[""body weight""]",https://static.exercisedb.dev/media/1GPHRyK.gif,80.0,matched,"janda sit-up [""abs""] [""hip flexors"", ""lower back""]"
abs,High Knee Squat,data/High-Knee-Squat.gif,75Bgtjy,potty squat,"[""abs""]","[""quadriceps"", ""glutes""]","[""waist""]","[""body weight""]",https://static.exercisedb.dev/media/75Bgtjy.gif,70.0,matched,"potty squat [""abs""] [""quadriceps"", ""glutes""]"
abs,Kettlebell Windmill,data/Kettlebell-Windmill.gif,9Tkqa9O,kettlebell windmill,"[""abs""]","[""obliques"", ""shoulders""]","[""waist""]","[""kettlebell""]",https://static.exercisedb.dev/media/9Tkqa9O.gif,100.0,matched,"kettlebell windmill [""abs""] [""obliques"", ""shoulders""]"
abs,Kettlebell Swings,data/Kettlebell-Swings.gif,9Tkqa9O,kettlebell windmill,"[""abs""]","[""obliques"", ""shoulders""]","[""waist""]","[""kettlebell""]",https://static.exercisedb.dev/media/9Tkqa9O.gif,82.22,matched,"kettlebell windmill [""abs""] [""obliques"", ""shoulders""]"
abs,Full Crunch Machine,data/Full-Crunch-Machine.gif,9Ap7miY,decline crunch,"[""abs""]","[""hip flexors""]","[""waist""]","[""body weight""]",https://static.exercisedb.dev/media/9Ap7miY.gif,73.33,matched,"decline crunch [""abs""] [""hip flexors""]"
abs,Front Plank with Arm Lift,data/Front-Plank-with-Arm-Lift.gif,6ZCiYWQ,sit-up with arms on chest,"[""abs""]","[""hip flexors""]","[""waist""]","[""body weight""]",https://static.exercisedb.dev/media/6ZCiYWQ.gif,71.2,matched,"sit-up with arms on chest [""abs""] [""hip flexors""]"
abs,Bhujangasana | Cobra Abdominal Stretch,data/Bhujangasana-|-Cobra-Abdominal-Stretch.gif,8K0w2yA,assisted hanging knee raise with throw down,"[""abs""]","[""hip flexors"", ""lower back""]","[""waist""]","[""assisted""]",https://static.exercisedb.dev/media/8K0w2yA.gif,55.56,matched,"assisted hanging knee raise with throw down [""abs""] [""hip flexors"", ""lower back""]"
abs,Ab Straps Leg Raise,data/Ab-Straps-Leg-Raise.gif,4Ml7QFO,hanging straight leg raise,"[""abs""]","[""hip flexors""]","[""waist""]","[""body weight""]",https://static.exercisedb.dev/media/4Ml7QFO.gif,76.89,matched,"hanging straight leg raise [""abs""] [""hip flexors""]"
abs,Boat Pose,data/Boat-Pose.gif,196HJGw,hip raise (bent knee),"[""abs""]","[""glutes"", ""hamstrings""]","[""waist""]","[""body weight""]",https://static.exercisedb.dev/media/196HJGw.gif,52.0,matched,"hip raise (bent knee) [""abs""] [""glutes"", ""hamstrings""]"
abs,Seated Twist Machine,data/Seated-Twist-Machine.gif,2jl9K55,spine twist,"[""abs""]","[""obliques"", ""lower back""]","[""waist""]","[""body weight""]",https://static.exercisedb.dev/media/2jl9K55.gif,70.0,matched,"spine twist [""abs""] [""obliques"", ""lower back""]"
abs,Inchworm,data/Inchworm.gif,2jl9K55,spine twist,"[""abs""]","[""obliques"", ""lower back""]","[""waist""]","[""body weight""]",https://static.exercisedb.dev/media/2jl9K55.gif,45.26,matched,"spine twist [""abs""] [""obliques"", ""lower back""]"
abs,Front Plank With Arm And Leg Lift,data/Front-Plank-With-Arm-And-Leg-Lift.gif,6ZCiYWQ,sit-up with arms on chest,"[""abs""]","[""hip flexors""]","[""waist""]","[""body weight""]",https://static.exercisedb.dev/media/6ZCiYWQ.gif,64.14,matched,"sit-up with arms on chest [""abs""] [""hip flexors""]"
abs,Weighted Lying Twist,data/Weighted-Lying-Twist.gif,2jl9K55,spine twist,"[""abs""]","[""obliques"", ""lower back""]","[""waist""]","[""body weight""]",https://static.exercisedb.dev/media/2jl9K55.gif,70.0,matched,"spine twist [""abs""] [""obliques"", ""lower back""]"
abs,Swiss Ball Rollout,data/Swiss-Ball-Rollout.gif,7M66AVi,barbell rollerout,"[""abs""]","[""lower back""]","[""waist""]","[""barbell""]",https://static.exercisedb.dev/media/7M66AVi.gif,74.86,matched,"barbell rollerout [""abs""] [""lower back""]"
abs,Weighted Side Bend On Stability Ball,data/Weighted-Side-Bend-On-Stability-Ball.gif,6bOA1Oi,weighted side bend (on stability ball),"[""abs""]","[""obliques"", ""lower back""]","[""waist""]","[""weighted""]",https://static.exercisedb.dev/media/6bOA1Oi.gif,91.35,matched,"weighted side bend (on stability ball) [""abs""] [""obliques"", ""lower back""]"
abs,Stability Ball V-Up,data/Stability-Ball-V-Up.gif,1IG6gVF,prone twist on stability ball,"[""abs""]","[""obliques"", ""lower back""]","[""waist""]","[""stability ball""]",https://static.exercisedb.dev/media/1IG6gVF.gif,87.88,matched,"prone twist on stability ball [""abs""] [""obliques"", ""lower back""]"
abs,Exercise Ball Frog Crunch,data/Exercise-Ball-Frog-Crunch.gif,9Ap7miY,decline crunch,"[""abs""]","[""hip flexors""]","[""waist""]","[""body weight""]",https://static.exercisedb.dev/media/9Ap7miY.gif,68.0,matched,"decline crunch [""abs""] [""hip flexors""]"
abs,Cable Seated Cross Arm Twist,data/Cable-Seated-Cross-Arm-Twist.gif,8xUv4J7,cable seated crunch,"[""abs""]","[""obliques""]","[""waist""]","[""cable""]",https://static.exercisedb.dev/media/8xUv4J7.gif,81.94,matched,"cable seated crunch [""abs""] [""obliques""]"
abs,Burpees,data/Burpees.gif,196HJGw,hip raise (bent knee),"[""abs""]","[""glutes"", ""hamstrings""]","[""waist""]","[""body weight""]",https://static.exercisedb.dev/media/196HJGw.gif,48.57,matched,"hip raise (bent knee) [""abs""] [""glutes"", ""hamstrings""]"
abs,Standing Twist Machine,data/Standing-Twist-Machine.gif,2jl9K55,spine twist,"[""abs""]","[""obliques"", ""lower back""]","[""waist""]","[""body weight""]",https://static.exercisedb.dev/media/2jl9K55.gif,70.0,matched,"spine twist [""abs""] [""obliques"", ""lower back""]"
abs,Seated Crunch Machine,data/Seated-Crunch-Machine.gif,8xUv4J7,cable seated crunch,"[""abs""]","[""obliques""]","[""waist""]","[""cable""]",https://static.exercisedb.dev/media/8xUv4J7.gif,85.0,matched,"cable seated crunch [""abs""] [""obliques""]"
abs,Barbell Rollout,data/Barbell-Rollout.gif,7M66AVi,barbell rollerout,"[""abs""]","[""lower back""]","[""waist""]","[""barbell""]",https://static.exercisedb.dev/media/7M66AVi.gif,95.0,matched,"barbell rollerout [""abs""] [""lower back""]"
abs,Landmine Twist,data/Landmine-Twist.gif,2jl9K55,spine twist,"[""abs""]","[""obliques"", ""lower back""]","[""waist""]","[""body weight""]",https://static.exercisedb.dev/media/2jl9K55.gif,77.6,matched,"spine twist [""abs""] [""obliques"", ""lower back""]"
abs,Frog Crunch,data/Frog-Crunch.gif,225x2Vd,band kneeling twisting crunch,"[""abs""]","[""obliques""]","[""waist""]","[""band""]",https://static.exercisedb.dev/media/225x2Vd.gif,76.47,matched,"band kneeling twisting crunch [""abs""] [""obliques""]"
abs,Ab Wheel Rollout,data/Ab-Wheel-Rollout.gif,7M66AVi,barbell rollerout,"[""abs""]","[""lower back""]","[""waist""]","[""barbell""]",https://static.exercisedb.dev/media/7M66AVi.gif,68.48,matched,"barbell rollerout [""abs""] [""lower back""]"
abs,Lying Upper Body Rotation,data/Lying-Upper-Body-Rotation.gif,9IxJdtC,lying leg-hip raise,"[""abs""]","[""hip flexors""]","[""waist""]","[""body weight""]",https://static.exercisedb.dev/media/9IxJdtC.gif,60.0,matched,"lying leg-hip raise [""abs""] [""hip flexors""]"
abs,Bicycle Twisting Crunch,data/Bicycle-Twisting-Crunch.gif,225x2Vd,band kneeling twisting crunch,"[""abs""]","[""obliques""]","[""waist""]","[""band""]",https://static.exercisedb.dev/media/225x2Vd.gif,83.16,matched,"band kneeling twisting crunch [""abs""] [""obliques""]"
abs,Fish Pose,data/Fish-Pose.gif,1ZFqTDN,air bike,"[""abs""]","[""hip flexors""]","[""waist""]","[""body weight""]",https://static.exercisedb.dev/media/1ZFqTDN.gif,48.24,matched,"air bike [""abs""] [""hip flexors""]"
abs,Hands In Air Dead Bug,data/Hands-In-Air-Dead-Bug.gif,1ZFqTDN,air bike,"[""abs""]","[""hip flexors""]","[""waist""]","[""body weight""]",https://static.exercisedb.dev/media/1ZFqTDN.gif,63.64,matched,"air bike [""abs""] [""hip flexors""]"
abs,4 Point Tummy Vacuum Exercise,data/4-Point-Tummy-Vacuum-Exercise.gif,2Ryn564,assisted prone rectus femoris stretch,"[""abs""]","[""quadriceps""]","[""waist""]","[""assisted""]",https://static.exercisedb.dev/media/2Ryn564.gif,53.94,matched,"assisted prone rectus femoris stretch [""abs""] [""quadriceps""]"
abs,Seated Flutter Kick,data/Seated-Flutter-Kick.gif,8xUv4J7,cable seated crunch,"[""abs""]","[""obliques""]","[""waist""]","[""cable""]",https://static.exercisedb.dev/media/8xUv4J7.gif,66.32,matched,"cable seated crunch [""abs""] [""obliques""]"
abs,Seated Cable Twist,data/Seated-Cable-Twist.gif,8xUv4J7,cable seated crunch,"[""abs""]","[""obliques""]","[""waist""]","[""cable""]",https://static.exercisedb.dev/media/8xUv4J7.gif,84.0,matched,"cable seated crunch [""abs""] [""obliques""]"
abs,Bodyweight Kneeling Sissy Squat,data/Bodyweight-Kneeling-Sissy-Squat.gif,75Bgtjy,potty squat,"[""abs""]","[""quadriceps"", ""glutes""]","[""waist""]","[""body weight""]",https://static.exercisedb.dev/media/75Bgtjy.gif,70.0,matched,"potty squat [""abs""] [""quadriceps"", ""glutes""]"
abs,Bow Pose,data/Bow-Pose.gif,5VXmnV5,bodyweight incline side plank,"[""abs""]","[""obliques"", ""shoulders""]","[""waist""]","[""body weight""]",https://static.exercisedb.dev/media/5VXmnV5.gif,50.27,matched,"bodyweight incline side plank [""abs""] [""obliques"", ""shoulders""]"
abs,Kneeling T-spine Rotation,data/Kneeling-T-spine-Rotation.gif,2jl9K55,spine twist,"[""abs""]","[""obliques"", ""lower back""]","[""waist""]","[""body weight""]",https://static.exercisedb.dev/media/2jl9K55.gif,70.0,matched,"spine twist [""abs""] [""obliques"", ""lower back""]"
abs,Standing Barbell Rollout,data/Standing-Barbell-Rollout.gif,7M66AVi,barbell rollerout,"[""abs""]","[""lower back""]","[""waist""]","[""barbell""]",https://static.exercisedb.dev/media/7M66AVi.gif,78.54,matched,"barbell rollerout [""abs""] [""lower back""]"
abs,Side Plank Oblique Crunch,data/Side-Plank-Oblique-Crunch.gif,9Ap7miY,decline crunch,"[""abs""]","[""hip flexors""]","[""waist""]","[""body weight""]",https://static.exercisedb.dev/media/9Ap7miY.gif,68.0,matched,"decline crunch [""abs""] [""hip flexors""]"
abs,Medicine Ball-Sit-up Throw,data/Medicine-Ball-Sit-up-Throw.gif,2gPfomN,3/4 sit-up,"[""abs""]","[""hip flexors"", ""lower back""]","[""waist""]","[""body weight""]",https://static.exercisedb.dev/media/2gPfomN.gif,80.0,matched,"3/4 sit-up [""abs""] [""hip flexors"", ""lower back""]"
abs,Side Bent,data/Side-Bent.gif,5VXmnV5,bodyweight incline side plank,"[""abs""]","[""obliques"", ""shoulders""]","[""waist""]","[""body weight""]",https://static.exercisedb.dev/media/5VXmnV5.gif,69.23,matched,"bodyweight incline side plank [""abs""] [""obliques"", ""shoulders""]"
abs,Leg Scissors,data/Leg-Scissors.gif,9IxJdtC,lying leg-hip raise,"[""abs""]","[""hip flexors""]","[""waist""]","[""body weight""]",https://static.exercisedb.dev/media/9IxJdtC.gif,56.13,matched,"lying leg-hip raise [""abs""] [""hip flexors""]"
abs,Abdominal Bracing,data/Abdominal-Bracing.gif,4Ml7QFO,hanging straight leg raise,"[""abs""]","[""hip flexors""]","[""waist""]","[""body weight""]",https://static.exercisedb.dev/media/4Ml7QFO.gif,53.49,matched,"hanging straight leg raise [""abs""] [""hip flexors""]"
abs,Lying Toe Touches,data/Lying-Toe-Touches.gif,9IxJdtC,lying leg-hip raise,"[""abs""]","[""hip flexors""]","[""waist""]","[""body weight""]",https://static.exercisedb.dev/media/9IxJdtC.gif,60.0,matched,"lying leg-hip raise [""abs""] [""hip flexors""]"
abs,Dumbbell Floor Wipers,data/Dumbbell-Floor-Wipers.gif,7RWNjiB,dumbbell lying pronation on floor,"[""forearms""]","[""biceps"", ""triceps""]","[""lower arms""]","[""dumbbell""]",https://static.exercisedb.dev/media/7RWNjiB.gif,64.0,matched,"dumbbell lying pronation on floor [""forearms""] [""biceps"", ""triceps""]"
abs,Side Bridge Hip Abduction,data/Side-Bridge-Hip-Abduction.gif,7WaDzyL,side hip abduction,"[""abductors""]","[""glutes"", ""quadriceps""]","[""upper legs""]","[""body weight""]",https://static.exercisedb.dev/media/7WaDzyL.gif,80.0,matched,"side hip abduction [""abductors""] [""glutes"", ""quadriceps""]"
abs,Cable Half Kneeling Pallof Press,data/Cable-Half-Kneeling-Pallof-Press.gif,9pa4H5m,band horizontal pallof press,"[""abs""]","[""obliques"", ""glutes""]","[""waist""]","[""band""]",https://static.exercisedb.dev/media/9pa4H5m.gif,68.0,matched,"band horizontal pallof press [""abs""] [""obliques"", ""glutes""]"
abs,Snap Jumps,data/Snap-Jumps.gif,75Bgtjy,potty squat,"[""abs""]","[""quadriceps"", ""glutes""]","[""waist""]","[""body weight""]",https://static.exercisedb.dev/media/75Bgtjy.gif,50.48,matched,"potty squat [""abs""] [""quadriceps"", ""glutes""]"
abs,Side Plank Leg Raises,data/Side-Plank-Leg-Raises.gif,9IxJdtC,lying leg-hip raise,"[""abs""]","[""hip flexors""]","[""waist""]","[""body weight""]",https://static.exercisedb.dev/media/9IxJdtC.gif,72.0,matched,"lying leg-hip raise [""abs""] [""hip flexors""]"
abs,Reverse Plank Kicks,data/Reverse-Plank-Kicks.gif,03lzqwk,assisted hanging knee raise,"[""abs""]","[""hip flexors""]","[""waist""]","[""assisted""]",https://static.exercisedb.dev/media/03lzqwk.gif,58.26,matched,"assisted hanging knee raise [""abs""] [""hip flexors""]"
abs,Hindu Push-ups,data/Hindu-Push-ups.gif,1GPHRyK,janda sit-up,"[""abs""]","[""hip flexors"", ""lower back""]","[""waist""]","[""body weight""]",https://static.exercisedb.dev/media/1GPHRyK.gif,63.08,matched,"janda sit-up [""abs""] [""hip flexors"", ""lower back""]"
abs,Bear Crawl,data/Bear-Crawl.gif,0Yz8WdV,bear crawl,"[""cardiovascular system""]","[""core"", ""shoulders"", ""triceps""]","[""cardio""]","[""body weight""]",https://static.exercisedb.dev/media/0Yz8WdV.gif,80.0,matched,"bear crawl [""cardiovascular system""] [""core"", ""shoulders"", ""triceps""]"
abs,High Knee Skips,data/High-Knee-Skips.gif,196HJGw,hip raise (bent knee),"[""abs""]","[""glutes"", ""hamstrings""]","[""waist""]","[""body weight""]",https://static.exercisedb.dev/media/196HJGw.gif,64.44,matched,"hip raise (bent knee) [""abs""] [""glutes"", ""hamstrings""]"
abs,Double Crunches,data/Double-Crunches.gif,9Ap7miY,decline crunch,"[""abs""]","[""hip flexors""]","[""waist""]","[""body weight""]",https://static.exercisedb.dev/media/9Ap7miY.gif,75.17,matched,"decline crunch [""abs""] [""hip flexors""]"
abs,Toe Reaches,data/Toe-Reaches.gif,8xUv4J7,cable seated crunch,"[""abs""]","[""obliques""]","[""waist""]","[""cable""]",https://static.exercisedb.dev/media/8xUv4J7.gif,52.0,matched,"cable seated crunch [""abs""] [""obliques""]"
abs,Sit-ups,data/Sit-ups.gif,2gPfomN,3/4 sit-up,"[""abs""]","[""hip flexors"", ""lower back""]","[""waist""]","[""body weight""]",https://static.exercisedb.dev/media/2gPfomN.gif,76.47,matched,"3/4 sit-up [""abs""] [""hip flexors"", ""lower back""]"
abs,Side Plank,data/Side-Plank.gif,5VXmnV5,bodyweight incline side plank,"[""abs""]","[""obliques"", ""shoulders""]","[""waist""]","[""body weight""]",https://static.exercisedb.dev/media/5VXmnV5.gif,100.0,matched,"bodyweight incline side plank [""abs""] [""obliques"", ""shoulders""]"
abs,Plank Leg Lift,data/Plank-Leg-Lift.gif,5VXmnV5,bodyweight incline side plank,"[""abs""]","[""obliques"", ""shoulders""]","[""waist""]","[""body weight""]",https://static.exercisedb.dev/media/5VXmnV5.gif,62.11,matched,"bodyweight incline side plank [""abs""] [""obliques"", ""shoulders""]"
abs,Plank Knee to Elbow,data/Plank-Knee-to-Elbow.gif,5VXmnV5,bodyweight incline side plank,"[""abs""]","[""obliques"", ""shoulders""]","[""waist""]","[""body weight""]",https://static.exercisedb.dev/media/5VXmnV5.gif,63.33,matched,"bodyweight incline side plank [""abs""] [""obliques"", ""shoulders""]"
abs,Russian Twist,data/Russian-Twist.gif,2jl9K55,spine twist,"[""abs""]","[""obliques"", ""lower back""]","[""waist""]","[""body weight""]",https://static.exercisedb.dev/media/2jl9K55.gif,80.0,matched,"spine twist [""abs""] [""obliques"", ""lower back""]"
abs,Plank,data/Plank.gif,5VXmnV5,bodyweight incline side plank,"[""abs""]","[""obliques"", ""shoulders""]","[""waist""]","[""body weight""]",https://static.exercisedb.dev/media/5VXmnV5.gif,100.0,matched,"bodyweight incline side plank [""abs""] [""obliques"", ""shoulders""]"
abs,Leg Pull-in Knee-ups,data/Leg-Pull-in-Knee-ups.gif,9IxJdtC,lying leg-hip raise,"[""abs""]","[""hip flexors""]","[""waist""]","[""body weight""]",https://static.exercisedb.dev/media/9IxJdtC.gif,56.92,matched,"lying leg-hip raise [""abs""] [""hip flexors""]"
abs,Glute Bridge,data/Glute-Bridge.gif,9c6T1YX,bridge - mountain climber (cross body),"[""abs""]","[""glutes"", ""quadriceps"", ""hamstrings"", ""shoulders"", ""triceps""]","[""waist""]","[""body weight""]",https://static.exercisedb.dev/media/9c6T1YX.gif,73.33,matched,"bridge - mountain climber (cross body) [""abs""] [""glutes"", ""quadriceps"", ""hamstrings"", ""shoulders"", ""triceps""]"
abs,Hollow Hold,data/Hollow-Hold.gif,7M66AVi,barbell rollerout,"[""abs""]","[""lower back""]","[""waist""]","[""barbell""]",https://static.exercisedb.dev/media/7M66AVi.gif,54.29,matched,"barbell rollerout [""abs""] [""lower back""]"
abs,Long Arm Crunch,data/Long-Arm-Crunch.gif,9Ap7miY,decline crunch,"[""abs""]","[""hip flexors""]","[""waist""]","[""body weight""]",https://static.exercisedb.dev/media/9Ap7miY.gif,69.66,matched,"decline crunch [""abs""] [""hip flexors""]"
abs,Half Wipers,data/Half-Wipers.gif,11wrviz,isometric wipers,"[""pectorals""]","[""shoulders"", ""triceps"", ""core""]","[""chest""]","[""body weight""]",https://static.exercisedb.dev/media/11wrviz.gif,56.47,matched,"isometric wipers [""pectorals""] [""shoulders"", ""triceps"", ""core""]"
abs,Jackknife Sit-ups (V-Up),data/Jackknife-Sit-ups-(V-Up).gif,58rdhvL,narrow style band jack knife sit-up,"[""abs""]","[""hip flexors""]","[""waist""]","[""band""]",https://static.exercisedb.dev/media/58rdhvL.gif,68.81,matched,"narrow style band jack knife sit-up [""abs""] [""hip flexors""]"
abs,Flutter Kick,data/Flutter-Kick.gif,1ZFqTDN,air bike,"[""abs""]","[""hip flexors""]","[""waist""]","[""body weight""]",https://static.exercisedb.dev/media/1ZFqTDN.gif,52.0,matched,"air bike [""abs""] [""hip flexors""]"
abs,Standing side bend,data/Standing-side-bend.gif,6bOA1Oi,weighted side bend (on stability ball),"[""abs""]","[""obliques"", ""lower back""]","[""waist""]","[""weighted""]",https://static.exercisedb.dev/media/6bOA1Oi.gif,73.33,matched,"weighted side bend (on stability ball) [""abs""] [""obliques"", ""lower back""]"
abs,Suspended Ab Fall-out,data/Suspended-Ab-Fall-out.gif,4OaumBr,suspended row,"[""upper back""]","[""biceps"", ""shoulders""]","[""back""]","[""body weight""]",https://static.exercisedb.dev/media/4OaumBr.gif,65.45,matched,"suspended row [""upper back""] [""biceps"", ""shoulders""]"
abs,TRX Mountain Climber,data/TRX-Mountain-Climber.gif,9c6T1YX,bridge - mountain climber (cross body),"[""abs""]","[""glutes"", ""quadriceps"", ""hamstrings"", ""shoulders"", ""triceps""]","[""waist""]","[""body weight""]",https://static.exercisedb.dev/media/9c6T1YX.gif,91.11,matched,"bridge - mountain climber (cross body) [""abs""] [""glutes"", ""quadriceps"", ""hamstrings"", ""shoulders"", ""triceps""]"
abs,Side Plank Knee to Elbow,data/Side-Plank-Knee-to-Elbow.gif,5VXmnV5,bodyweight incline side plank,"[""abs""]","[""obliques"", ""shoulders""]","[""waist""]","[""body weight""]",https://static.exercisedb.dev/media/5VXmnV5.gif,71.32,matched,"bodyweight incline side plank [""abs""] [""obliques"", ""shoulders""]"
abs,Bodyweight Skull Crushers,data/Bodyweight-Skull-Crushers.gif,5VXmnV5,bodyweight incline side plank,"[""abs""]","[""obliques"", ""shoulders""]","[""waist""]","[""body weight""]",https://static.exercisedb.dev/media/5VXmnV5.gif,65.71,matched,"bodyweight incline side plank [""abs""] [""obliques"", ""shoulders""]"
abs,Half Cross Crunch,data/Half-Cross-Crunch.gif,9Ap7miY,decline crunch,"[""abs""]","[""hip flexors""]","[""waist""]","[""body weight""]",https://static.exercisedb.dev/media/9Ap7miY.gif,68.0,matched,"decline crunch [""abs""] [""hip flexors""]"
abs,Cable Seated Twist on Floor,data/Cable-Seated-Twist-on-Floor.gif,8xUv4J7,cable seated crunch,"[""abs""]","[""obliques""]","[""waist""]","[""cable""]",https://static.exercisedb.dev/media/8xUv4J7.gif,81.94,matched,"cable seated crunch [""abs""] [""obliques""]"
abs,Butterfly Sit-up,data/Butterfly-Sit-up.gif,2gPfomN,3/4 sit-up,"[""abs""]","[""hip flexors"", ""lower back""]","[""waist""]","[""body weight""]",https://static.exercisedb.dev/media/2gPfomN.gif,80.0,matched,"3/4 sit-up [""abs""] [""hip flexors"", ""lower back""]"
abs,Push-up With Rotation,data/Push-up-With-Rotation.gif,6ZCiYWQ,sit-up with arms on chest,"[""abs""]","[""hip flexors""]","[""waist""]","[""body weight""]",https://static.exercisedb.dev/media/6ZCiYWQ.gif,65.22,matched,"sit-up with arms on chest [""abs""] [""hip flexors""]"
abs,Side Plank Rotation,data/Side-Plank-Rotation.gif,5VXmnV5,bodyweight incline side plank,"[""abs""]","[""obliques"", ""shoulders""]","[""waist""]","[""body weight""]",https://static.exercisedb.dev/media/5VXmnV5.gif,75.17,matched,"bodyweight incline side plank [""abs""] [""obliques"", ""shoulders""]"
abs,Prone Abdominal Hollowing,data/Prone-Abdominal-Hollowing.gif,9pa4H5m,band horizontal pallof press,"[""abs""]","[""obliques"", ""glutes""]","[""waist""]","[""band""]",https://static.exercisedb.dev/media/9pa4H5m.gif,65.28,matched,"band horizontal pallof press [""abs""] [""obliques"", ""glutes""]"
abs,Hell Slide,data/Hell-Slide.gif,7M66AVi,barbell rollerout,"[""abs""]","[""lower back""]","[""waist""]","[""barbell""]",https://static.exercisedb.dev/media/7M66AVi.gif,55.56,matched,"barbell rollerout [""abs""] [""lower back""]"
abs,Half Frog Pose,data/Half-Frog-Pose.gif,9pa4H5m,band horizontal pallof press,"[""abs""]","[""obliques"", ""glutes""]","[""waist""]","[""band""]",https://static.exercisedb.dev/media/9pa4H5m.gif,54.29,matched,"band horizontal pallof press [""abs""] [""obliques"", ""glutes""]"
abs,Medicine Ball Crunch,data/Medicine-Ball-Crunch.gif,9Ap7miY,decline crunch,"[""abs""]","[""hip flexors""]","[""waist""]","[""body weight""]",https://static.exercisedb.dev/media/9Ap7miY.gif,76.47,matched,"decline crunch [""abs""] [""hip flexors""]"
abs,Kettlebell Figure 8,data/Kettlebell-Figure-8.gif,9Tkqa9O,kettlebell windmill,"[""abs""]","[""obliques"", ""shoulders""]","[""waist""]","[""kettlebell""]",https://static.exercisedb.dev/media/9Tkqa9O.gif,75.17,matched,"kettlebell windmill [""abs""] [""obliques"", ""shoulders""]"
abs,Ball Russian Twist throw with partner,data/Ball-Russian-Twist-throw-with-partner.gif,2jl9K55,spine twist,"[""abs""]","[""obliques"", ""lower back""]","[""waist""]","[""body weight""]",https://static.exercisedb.dev/media/2jl9K55.gif,70.0,matched,"spine twist [""abs""] [""obliques"", ""lower back""]"
abs,Seated Ab Crunch Machine,data/Seated-Ab-Crunch-Machine.gif,8xUv4J7,cable seated crunch,"[""abs""]","[""obliques""]","[""waist""]","[""cable""]",https://static.exercisedb.dev/media/8xUv4J7.gif,85.0,matched,"cable seated crunch [""abs""] [""obliques""]"
abs,Dumbbell Windmill,data/Dumbbell-Windmill.gif,9Tkqa9O,kettlebell windmill,"[""abs""]","[""obliques"", ""shoulders""]","[""waist""]","[""kettlebell""]",https://static.exercisedb.dev/media/9Tkqa9O.gif,77.78,matched,"kettlebell windmill [""abs""] [""obliques"", ""shoulders""]"
abs,Side Lying Feet Raise,data/Side-Lying-Feet-Raise.gif,9IxJdtC,lying leg-hip raise,"[""abs""]","[""hip flexors""]","[""waist""]","[""body weight""]",https://static.exercisedb.dev/media/9IxJdtC.gif,78.67,matched,"lying leg-hip raise [""abs""] [""hip flexors""]"
abs,Dhanurasana | Rocking Bow Pose,data/Dhanurasana-|-Rocking-Bow-Pose.gif,4Ml7QFO,hanging straight leg raise,"[""abs""]","[""hip flexors""]","[""waist""]","[""body weight""]",https://static.exercisedb.dev/media/4Ml7QFO.gif,51.43,matched,"hanging straight leg raise [""abs""] [""hip flexors""]"
abs,Seated Twist With Resistance Band,data/Seated-Twist-With-Resistance-Band.gif,2jl9K55,spine twist,"[""abs""]","[""obliques"", ""lower back""]","[""waist""]","[""body weight""]",https://static.exercisedb.dev/media/2jl9K55.gif,70.0,matched,"spine twist [""abs""] [""obliques"", ""lower back""]"
abs,Twist With Resistance Band,data/Twist-With-Resistance-Band.gif,2jl9K55,spine twist,"[""abs""]","[""obliques"", ""lower back""]","[""waist""]","[""body weight""]",https://static.exercisedb.dev/media/2jl9K55.gif,70.0,matched,"spine twist [""abs""] [""obliques"", ""lower back""]"
abs,Twist down up With Resistance Band,data/Twist-down-up-With-Resistance-Band.gif,2jl9K55,spine twist,"[""abs""]","[""obliques"", ""lower back""]","[""waist""]","[""body weight""]",https://static.exercisedb.dev/media/2jl9K55.gif,70.0,matched,"spine twist [""abs""] [""obliques"", ""lower back""]"
abs,Standing Side Bend | Gymstick,data/Standing-Side-Bend-|-Gymstick.gif,5VXmnV5,bodyweight incline side plank,"[""abs""]","[""obliques"", ""shoulders""]","[""waist""]","[""body weight""]",https://static.exercisedb.dev/media/5VXmnV5.gif,58.62,matched,"bodyweight incline side plank [""abs""] [""obliques"", ""shoulders""]"
abs,Banded Lying leg and hip raise,data/Banded-Lying-leg-and-hip-raise.gif,9IxJdtC,lying leg-hip raise,"[""abs""]","[""hip flexors""]","[""waist""]","[""body weight""]",https://static.exercisedb.dev/media/9IxJdtC.gif,100.0,matched,"lying leg-hip raise [""abs""] [""hip flexors""]"
abs,Banded Jack knife sit-up,data/Banded-Jack-knife-sit-up.gif,58rdhvL,narrow style band jack knife sit-up,"[""abs""]","[""hip flexors""]","[""waist""]","[""band""]",https://static.exercisedb.dev/media/58rdhvL.gif,86.34,matched,"narrow style band jack knife sit-up [""abs""] [""hip flexors""]"
abs,Down to Up Twist |Gymstick,data/Down-to-Up-Twist-|Gymstick.gif,2jl9K55,spine twist,"[""abs""]","[""obliques"", ""lower back""]","[""waist""]","[""body weight""]",https://static.exercisedb.dev/media/2jl9K55.gif,70.0,matched,"spine twist [""abs""] [""obliques"", ""lower back""]"
abs,Bicycle Crunch | Gymstick,data/Bicycle-Crunch-|-Gymstick.gif,9Ap7miY,decline crunch,"[""abs""]","[""hip flexors""]","[""waist""]","[""body weight""]",https://static.exercisedb.dev/media/9Ap7miY.gif,68.0,matched,"decline crunch [""abs""] [""hip flexors""]"
abs,Plank Jacks / Extended Leg,,5VXmnV5,bodyweight incline side plank,"[""abs""]","[""obliques"", ""shoulders""]","[""waist""]","[""body weight""]",https://static.exercisedb.dev/media/5VXmnV5.gif,57.82,matched,"bodyweight incline side plank [""abs""] [""obliques"", ""shoulders""]"
calf,Standing Calf Raise,data/Standing-Calf-Raise.gif,6HiHHe0,barbell standing rocking leg calf raise,"[""calves""]","[""hamstrings"", ""quadriceps""]","[""lower legs""]","[""barbell""]",https://static.exercisedb.dev/media/6HiHHe0.gif,80.0,matched,"barbell standing rocking leg calf raise [""calves""] [""hamstrings"", ""quadriceps""]"
calf,Calf Raise,data/Calf-Raise.gif,0jp9Rlz,one leg floor calf raise,"[""calves""]","[""ankles"", ""feet""]","[""lower legs""]","[""body weight""]",https://static.exercisedb.dev/media/0jp9Rlz.gif,80.0,matched,"one leg floor calf raise [""calves""] [""ankles"", ""feet""]"
calf,Calf Raise with Resistance Band,data/Calf-Raise-with-Resistance-Band.gif,2ORFMoR,hack calf raise,"[""calves""]","[""hamstrings"", ""glutes""]","[""lower legs""]","[""sled machine""]",https://static.exercisedb.dev/media/2ORFMoR.gif,64.0,matched,"hack calf raise [""calves""] [""hamstrings"", ""glutes""]"
calf,Barbell Seated Calf Raise,data/Barbell-Seated-Calf-Raise.gif,2IHEa2T,barbell floor calf raise,"[""calves""]","[""hamstrings""]","[""lower legs""]","[""barbell""]",https://static.exercisedb.dev/media/2IHEa2T.gif,68.57,matched,"barbell floor calf raise [""calves""] [""hamstrings""]"
calf,Leg Press Calf Raise,data/Leg-Press-Calf-Raise.gif,0jp9Rlz,one leg floor calf raise,"[""calves""]","[""ankles"", ""feet""]","[""lower legs""]","[""body weight""]",https://static.exercisedb.dev/media/0jp9Rlz.gif,65.88,matched,"one leg floor calf raise [""calves""] [""ankles"", ""feet""]"
calf,Hack Squat Calf Raise,data/Hack-Squat-Calf-Raise.gif,2ORFMoR,hack calf raise,"[""calves""]","[""hamstrings"", ""glutes""]","[""lower legs""]","[""sled machine""]",https://static.exercisedb.dev/media/2ORFMoR.gif,80.0,matched,"hack calf raise [""calves""] [""hamstrings"", ""glutes""]"
calf,Lever Seated Calf Raise,data/Lever-Seated-Calf-Raise.gif,7I6LNUG,lever seated row,"[""upper back""]","[""biceps"", ""forearms""]","[""back""]","[""leverage machine""]",https://static.exercisedb.dev/media/7I6LNUG.gif,68.57,matched,"lever seated row [""upper back""] [""biceps"", ""forearms""]"
calf,Single Leg Calf Raise,data/Single-Leg-Calf-Raise.gif,1kB3Wmk,dumbbell single leg calf raise,"[""calves""]","[""ankles""]","[""lower legs""]","[""dumbbell""]",https://static.exercisedb.dev/media/1kB3Wmk.gif,80.0,matched,"dumbbell single leg calf raise [""calves""] [""ankles""]"
calf,Hack Machine One-Leg Calf Raise,data/Hack-Machine-One-Leg-Calf-Raise.gif,2ORFMoR,hack calf raise,"[""calves""]","[""hamstrings"", ""glutes""]","[""lower legs""]","[""sled machine""]",https://static.exercisedb.dev/media/2ORFMoR.gif,80.0,matched,"hack calf raise [""calves""] [""hamstrings"", ""glutes""]"
calf,Donkey Calf Raise,data/Donkey-Calf-Raise.gif,A2upspL,one leg donkey calf raise,"[""calves""]","[""hamstrings"", ""glutes""]","[""lower legs""]","[""body weight""]",https://static.exercisedb.dev/media/A2upspL.gif,80.0,matched,"one leg donkey calf raise [""calves""] [""hamstrings"", ""glutes""]"
calf,Lever Donkey Calf Raise,data/Lever-Donkey-Calf-Raise.gif,A2upspL,one leg donkey calf raise,"[""calves""]","[""hamstrings"", ""glutes""]","[""lower legs""]","[""body weight""]",https://static.exercisedb.dev/media/A2upspL.gif,70.0,matched,"one leg donkey calf raise [""calves""] [""hamstrings"", ""glutes""]"
calf,Bench Press Machine Standing Calf Raise,data/Bench-Press-Machine-Standing-Calf-Raise.gif,8ozhUIZ,barbell standing calf raise,"[""calves""]","[""hamstrings"", ""glutes""]","[""lower legs""]","[""barbell""]",https://static.exercisedb.dev/media/8ozhUIZ.gif,66.09,matched,"barbell standing calf raise [""calves""] [""hamstrings"", ""glutes""]"
calf,Standing Cross Leg Hamstring Stretch,data/Standing-Cross-Leg-Hamstring-Stretch.gif,99rWm7w,hamstring stretch,"[""hamstrings""]","[""glutes""]","[""upper legs""]","[""body weight""]",https://static.exercisedb.dev/media/99rWm7w.gif,80.0,matched,"hamstring stretch [""hamstrings""] [""glutes""]"
calf,Standing Barbell Calf Raise,data/Standing-Barbell-Calf-Raise.gif,6HiHHe0,barbell standing rocking leg calf raise,"[""calves""]","[""hamstrings"", ""quadriceps""]","[""lower legs""]","[""barbell""]",https://static.exercisedb.dev/media/6HiHHe0.gif,80.0,matched,"barbell standing rocking leg calf raise [""calves""] [""hamstrings"", ""quadriceps""]"
calf,Weighted Donkey Calf Raise,data/Weighted-Donkey-Calf-Raise.gif,A2upspL,one leg donkey calf raise,"[""calves""]","[""hamstrings"", ""glutes""]","[""lower legs""]","[""body weight""]",https://static.exercisedb.dev/media/A2upspL.gif,65.88,matched,"one leg donkey calf raise [""calves""] [""hamstrings"", ""glutes""]"
calf,Squat Hold Calf Raise,data/Squat-Hold-Calf-Raise.gif,2ORFMoR,hack calf raise,"[""calves""]","[""hamstrings"", ""glutes""]","[""lower legs""]","[""sled machine""]",https://static.exercisedb.dev/media/2ORFMoR.gif,64.0,matched,"hack calf raise [""calves""] [""hamstrings"", ""glutes""]"
calf,Standing Hamstring Stretch,data/Standing-Hamstring-Stretch.gif,99rWm7w,hamstring stretch,"[""hamstrings""]","[""glutes""]","[""upper legs""]","[""body weight""]",https://static.exercisedb.dev/media/99rWm7w.gif,80.0,matched,"hamstring stretch [""hamstrings""] [""glutes""]"
calf,Weighted Seated Calf Raise,data/Weighted-Seated-Calf-Raise.gif,2ORFMoR,hack calf raise,"[""calves""]","[""hamstrings"", ""glutes""]","[""lower legs""]","[""sled machine""]",https://static.exercisedb.dev/media/2ORFMoR.gif,64.0,matched,"hack calf raise [""calves""] [""hamstrings"", ""glutes""]"
calf,Foam Roller Calves,data/Foam-Roller-Calves.gif,2KGnL6M,lever one arm shoulder press,"[""delts""]","[""triceps"", ""upper back""]","[""shoulders""]","[""leverage machine""]",https://static.exercisedb.dev/media/2KGnL6M.gif,41.74,matched,"lever one arm shoulder press [""delts""] [""triceps"", ""upper back""]"
calf,Band Foot External Rotation,data/Band-Foot-External-Rotation.gif,9gbyYKk,band seated hip internal rotation,"[""glutes""]","[""hamstrings"", ""quadriceps""]","[""upper legs""]","[""band""]",https://static.exercisedb.dev/media/9gbyYKk.gif,58.67,matched,"band seated hip internal rotation [""glutes""] [""hamstrings"", ""quadriceps""]"
calf,Toe Extensor Stretch,data/Toe-Extensor-Stretch.gif,0mB6wHO,runners stretch,"[""hamstrings""]","[""calves"", ""quadriceps""]","[""upper legs""]","[""body weight""]",https://static.exercisedb.dev/media/0mB6wHO.gif,50.91,matched,"runners stretch [""hamstrings""] [""calves"", ""quadriceps""]"
calf,Standing Dorsiflexion,data/Standing-Dorsiflexion.gif,7OeHptV,assisted standing chin-up,"[""lats""]","[""biceps"", ""forearms""]","[""back""]","[""leverage machine""]",https://static.exercisedb.dev/media/7OeHptV.gif,48.7,matched,"assisted standing chin-up [""lats""] [""biceps"", ""forearms""]"
calf,Standing Wall Calf Stretch,data/Standing-Wall-Calf-Stretch.gif,1jXLYEw,standing lateral stretch,"[""lats""]","[""shoulders"", ""obliques""]","[""back""]","[""body weight""]",https://static.exercisedb.dev/media/1jXLYEw.gif,64.0,matched,"standing lateral stretch [""lats""] [""shoulders"", ""obliques""]"
calf,Standing Toe Up Achilles Stretch,data/Standing-Toe-Up-Achilles-Stretch.gif,1jXLYEw,standing lateral stretch,"[""lats""]","[""shoulders"", ""obliques""]","[""back""]","[""body weight""]",https://static.exercisedb.dev/media/1jXLYEw.gif,64.0,matched,"standing lateral stretch [""lats""] [""shoulders"", ""obliques""]"
calf,Standing Toe Flexor Stretch,data/Standing-Toe-Flexor-Stretch.gif,1jXLYEw,standing lateral stretch,"[""lats""]","[""shoulders"", ""obliques""]","[""back""]","[""body weight""]",https://static.exercisedb.dev/media/1jXLYEw.gif,64.0,matched,"standing lateral stretch [""lats""] [""shoulders"", ""obliques""]"
calf,Standing Gastrocnemius Calf Stretch,data/Standing-Gastrocnemius-Calf-Stretch.gif,1jXLYEw,standing lateral stretch,"[""lats""]","[""shoulders"", ""obliques""]","[""back""]","[""body weight""]",https://static.exercisedb.dev/media/1jXLYEw.gif,64.0,matched,"standing lateral stretch [""lats""] [""shoulders"", ""obliques""]"
calf,Single Heel Drop Calf Stretch,data/Single-Heel-Drop-Calf-Stretch.gif,1LVFcEn,calf stretch with rope,"[""calves""]","[""hamstrings""]","[""lower legs""]","[""rope""]",https://static.exercisedb.dev/media/1LVFcEn.gif,59.61,matched,"calf stretch with rope [""calves""] [""hamstrings""]"
calf,Seated Straight Leg Calf Stretch,data/Seated-Straight-Leg-Calf-Stretch.gif,17bqEXD,seated calf stretch (male),"[""calves""]","[""hamstrings""]","[""lower legs""]","[""body weight""]",https://static.exercisedb.dev/media/17bqEXD.gif,67.56,matched,"seated calf stretch (male) [""calves""] [""hamstrings""]"
calf,Lunging Straight Leg Calf Stretch,data/Lunging-Straight-Leg-Calf-Stretch.gif,4Ml7QFO,hanging straight leg raise,"[""abs""]","[""hip flexors""]","[""waist""]","[""body weight""]",https://static.exercisedb.dev/media/4Ml7QFO.gif,59.66,matched,"hanging straight leg raise [""abs""] [""hip flexors""]"
calf,Posterior Tibialis Stretch,data/Posterior-Tibialis-Stretch.gif,0mB6wHO,runners stretch,"[""hamstrings""]","[""calves"", ""quadriceps""]","[""upper legs""]","[""body weight""]",https://static.exercisedb.dev/media/0mB6wHO.gif,50.91,matched,"runners stretch [""hamstrings""] [""calves"", ""quadriceps""]"
calf,Foot and Ankles Stretches,data/Foot-and-Ankles-Stretches.gif,0mB6wHO,runners stretch,"[""hamstrings""]","[""calves"", ""quadriceps""]","[""upper legs""]","[""body weight""]",https://static.exercisedb.dev/media/0mB6wHO.gif,48.0,matched,"runners stretch [""hamstrings""] [""calves"", ""quadriceps""]"
calf,Foot and Ankle Rotation,data/Foot-and-Ankle-Rotation.gif,9gbyYKk,band seated hip internal rotation,"[""glutes""]","[""hamstrings"", ""quadriceps""]","[""upper legs""]","[""band""]",https://static.exercisedb.dev/media/9gbyYKk.gif,48.57,matched,"band seated hip internal rotation [""glutes""] [""hamstrings"", ""quadriceps""]"
calf,Calves Stretch Static Position,data/Calves-Stretch-Static-Position.gif,0mB6wHO,runners stretch,"[""hamstrings""]","[""calves"", ""quadriceps""]","[""upper legs""]","[""body weight""]",https://static.exercisedb.dev/media/0mB6wHO.gif,50.91,matched,"runners stretch [""hamstrings""] [""calves"", ""quadriceps""]"
calf,Single Leg Calves Stretch,data/Single-Leg-Calves-Stretch.gif,9JprnPh,band single leg calf raise,"[""calves""]","[""ankles"", ""feet""]","[""lower legs""]","[""band""]",https://static.exercisedb.dev/media/9JprnPh.gif,53.33,matched,"band single leg calf raise [""calves""] [""ankles"", ""feet""]"
calf,Calf Stretch With Rope,data/Calf-Stretch-With-Rope.gif,1LVFcEn,calf stretch with rope,"[""calves""]","[""hamstrings""]","[""lower legs""]","[""rope""]",https://static.exercisedb.dev/media/1LVFcEn.gif,80.0,matched,"calf stretch with rope [""calves""] [""hamstrings""]"
calf,Crouching Heel Back Calf Stretch,data/Crouching-Heel-Back-Calf-Stretch.gif,1LVFcEn,calf stretch with rope,"[""calves""]","[""hamstrings""]","[""lower legs""]","[""rope""]",https://static.exercisedb.dev/media/1LVFcEn.gif,56.47,matched,"calf stretch with rope [""calves""] [""hamstrings""]"
calf,Seated Calf Press on Leg Press Machine,data/Seated-Calf-Press-on-Leg-Press-Machine.gif,7B4F5nZ,lever calf press,"[""calves""]","[""hamstrings""]","[""lower legs""]","[""leverage machine""]",https://static.exercisedb.dev/media/7B4F5nZ.gif,61.54,matched,"lever calf press [""calves""] [""hamstrings""]"
calf,Single Calf Raise on Leg Press Machine,data/Single-Calf-Raise-on-Leg-Press-Machine.gif,9JprnPh,band single leg calf raise,"[""calves""]","[""ankles"", ""feet""]","[""lower legs""]","[""band""]",https://static.exercisedb.dev/media/9JprnPh.gif,71.49,matched,"band single leg calf raise [""calves""] [""ankles"", ""feet""]"
calf,Inner Thigh Side Stretch,data/Inner-Thigh-Side-Stretch.gif,0mB6wHO,runners stretch,"[""hamstrings""]","[""calves"", ""quadriceps""]","[""upper legs""]","[""body weight""]",https://static.exercisedb.dev/media/0mB6wHO.gif,53.33,matched,"runners stretch [""hamstrings""] [""calves"", ""quadriceps""]"
calf,Single Leg Donkey Calf Raise,data/Single-Leg-Donkey-Calf-Raise.gif,A2upspL,one leg donkey calf raise,"[""calves""]","[""hamstrings"", ""glutes""]","[""lower legs""]","[""body weight""]",https://static.exercisedb.dev/media/A2upspL.gif,73.04,matched,"one leg donkey calf raise [""calves""] [""hamstrings"", ""glutes""]"
erector-spinae,Dumbbell Good Morning,data/Dumbbell-Good-Morning.gif,1bQkKZK,smith bent knee good morning,"[""glutes""]","[""hamstrings"", ""lower back""]","[""upper legs""]","[""smith machine""]",https://static.exercisedb.dev/media/1bQkKZK.gif,58.18,matched,"smith bent knee good morning [""glutes""] [""hamstrings"", ""lower back""]"
erector-spinae,Dumbbell Deadlift,data/Dumbbell-Deadlift.gif,2Ty4idJ,advanced dumbbell stiff leg deadlift,"[""glutes""]","[""hamstrings"", ""lower back""]","[""upper legs""]","[""dumbbell""]",https://static.exercisedb.dev/media/2Ty4idJ.gif,80.0,matched,"advanced dumbbell stiff leg deadlift [""glutes""] [""hamstrings"", ""lower back""]"
erector-spinae,Dumbbell Sumo Deadlift,data/Dumbbell-Sumo-Deadlift.gif,2Ty4idJ,advanced dumbbell stiff leg deadlift,"[""glutes""]","[""hamstrings"", ""lower back""]","[""upper legs""]","[""dumbbell""]",https://static.exercisedb.dev/media/2Ty4idJ.gif,69.74,matched,"advanced dumbbell stiff leg deadlift [""glutes""] [""hamstrings"", ""lower back""]"
erector-spinae,Seated Back Extension,data/Seated-Back-Extension.gif,4CBIBOM,barbell seated close grip behind neck triceps extension,"[""triceps""]","[""shoulders""]","[""upper arms""]","[""barbell""]",https://static.exercisedb.dev/media/4CBIBOM.gif,69.19,matched,"barbell seated close grip behind neck triceps extension [""triceps""] [""shoulders""]"
erector-spinae,Barbell Bent Over Row,data/Barbell-Bent-Over-Row.gif,5lE7XRz,smith bent over row with declined,"[""upper back""]","[""biceps"", ""forearms""]","[""back""]","[""smith machine""]",https://static.exercisedb.dev/media/5lE7XRz.gif,61.18,matched,"smith bent over row with declined [""upper back""] [""biceps"", ""forearms""]"
erector-spinae,Bent Over Dumbbell Row,data/Bent-Over-Dumbbell-Row.gif,3T12T87,dumbbell standing bent over two arm triceps extension,"[""triceps""]","[""shoulders"", ""back""]","[""upper arms""]","[""dumbbell""]",https://static.exercisedb.dev/media/3T12T87.gif,72.0,matched,"dumbbell standing bent over two arm triceps extension [""triceps""] [""shoulders"", ""back""]"
erector-spinae,Deadlift,data/Deadlift.gif,2DxtqHL,barbell one arm side deadlift,"[""glutes""]","[""hamstrings"", ""quadriceps"", ""lower back""]","[""upper legs""]","[""barbell""]",https://static.exercisedb.dev/media/2DxtqHL.gif,80.0,matched,"barbell one arm side deadlift [""glutes""] [""hamstrings"", ""quadriceps"", ""lower back""]"
erector-spinae,Romanian Deadlift,data/Romanian-Deadlift.gif,2DxtqHL,barbell one arm side deadlift,"[""glutes""]","[""hamstrings"", ""quadriceps"", ""lower back""]","[""upper legs""]","[""barbell""]",https://static.exercisedb.dev/media/2DxtqHL.gif,51.2,matched,"barbell one arm side deadlift [""glutes""] [""hamstrings"", ""quadriceps"", ""lower back""]"
erector-spinae,Sphinx Stretch,data/Sphinx-Stretch.gif,99rWm7w,hamstring stretch,"[""hamstrings""]","[""glutes""]","[""upper legs""]","[""body weight""]",https://static.exercisedb.dev/media/99rWm7w.gif,56.77,matched,"hamstring stretch [""hamstrings""] [""glutes""]"
erector-spinae,Good Morning,data/Good-Morning.gif,1bQkKZK,smith bent knee good morning,"[""glutes""]","[""hamstrings"", ""lower back""]","[""upper legs""]","[""smith machine""]",https://static.exercisedb.dev/media/1bQkKZK.gif,80.0,matched,"smith bent knee good morning [""glutes""] [""hamstrings"", ""lower back""]"
erector-spinae,Weighted Back Extension,data/Weighted-Back-Extension.gif,8urJS9b,weighted hyperextension (on stability ball),"[""spine""]","[""glutes"", ""hamstrings""]","[""back""]","[""weighted""]",https://static.exercisedb.dev/media/8urJS9b.gif,50.91,matched,"weighted hyperextension (on stability ball) [""spine""] [""glutes"", ""hamstrings""]"
erector-spinae,Dumbbell Romanian Deadlift,data/Dumbbell-Romanian-Deadlift.gif,2Ty4idJ,advanced dumbbell stiff leg deadlift,"[""glutes""]","[""hamstrings"", ""lower back""]","[""upper legs""]","[""dumbbell""]",https://static.exercisedb.dev/media/2Ty4idJ.gif,63.26,matched,"advanced dumbbell stiff leg deadlift [""glutes""] [""hamstrings"", ""lower back""]"
erector-spinae,Sumo Deadlift,data/Sumo-Deadlift.gif,2DxtqHL,barbell one arm side deadlift,"[""glutes""]","[""hamstrings"", ""quadriceps"", ""lower back""]","[""upper legs""]","[""barbell""]",https://static.exercisedb.dev/media/2DxtqHL.gif,60.95,matched,"barbell one arm side deadlift [""glutes""] [""hamstrings"", ""quadriceps"", ""lower back""]"
erector-spinae,Dumbbell Straight Leg Deadlift,data/Dumbbell-Straight-Leg-Deadlift.gif,5eLRITT,dumbbell stiff leg deadlift,"[""glutes""]","[""hamstrings"", ""lower back""]","[""upper legs""]","[""dumbbell""]",https://static.exercisedb.dev/media/5eLRITT.gif,70.18,matched,"dumbbell stiff leg deadlift [""glutes""] [""hamstrings"", ""lower back""]"
erector-spinae,Seated Hamstring Stretch,data/Seated-Hamstring-Stretch.gif,99rWm7w,hamstring stretch,"[""hamstrings""]","[""glutes""]","[""upper legs""]","[""body weight""]",https://static.exercisedb.dev/media/99rWm7w.gif,80.0,matched,"hamstring stretch [""hamstrings""] [""glutes""]"
erector-spinae,Kettlebell Single Leg Deadlift,data/Kettlebell-Single-Leg-Deadlift.gif,5eLRITT,dumbbell stiff leg deadlift,"[""glutes""]","[""hamstrings"", ""lower back""]","[""upper legs""]","[""dumbbell""]",https://static.exercisedb.dev/media/5eLRITT.gif,56.14,matched,"dumbbell stiff leg deadlift [""glutes""] [""hamstrings"", ""lower back""]"
erector-spinae,Hyperextension,data/Hyperextension.gif,8urJS9b,weighted hyperextension (on stability ball),"[""spine""]","[""glutes"", ""hamstrings""]","[""back""]","[""weighted""]",https://static.exercisedb.dev/media/8urJS9b.gif,80.0,matched,"weighted hyperextension (on stability ball) [""spine""] [""glutes"", ""hamstrings""]"
erector-spinae,Floor Hyperextension,data/Floor-Hyperextension.gif,8urJS9b,weighted hyperextension (on stability ball),"[""spine""]","[""glutes"", ""hamstrings""]","[""back""]","[""weighted""]",https://static.exercisedb.dev/media/8urJS9b.gif,65.88,matched,"weighted hyperextension (on stability ball) [""spine""] [""glutes"", ""hamstrings""]"
erector-spinae,Flat Bench Hyperextension,data/Flat-Bench-Hyperextension.gif,8urJS9b,weighted hyperextension (on stability ball),"[""spine""]","[""glutes"", ""hamstrings""]","[""back""]","[""weighted""]",https://static.exercisedb.dev/media/8urJS9b.gif,57.44,matched,"weighted hyperextension (on stability ball) [""spine""] [""glutes"", ""hamstrings""]"
erector-spinae,Reverse Hyperextension Machine,data/Reverse-Hyperextension-Machine.gif,8urJS9b,weighted hyperextension (on stability ball),"[""spine""]","[""glutes"", ""hamstrings""]","[""back""]","[""weighted""]",https://static.exercisedb.dev/media/8urJS9b.gif,50.91,matched,"weighted hyperextension (on stability ball) [""spine""] [""glutes"", ""hamstrings""]"
erector-spinae,T-Bar Row,data/T-Bar-Row.gif,aaXr7ld,lever t bar row,"[""upper back""]","[""biceps"", ""forearms""]","[""back""]","[""leverage machine""]",https://static.exercisedb.dev/media/aaXr7ld.gif,80.0,matched,"lever t bar row [""upper back""] [""biceps"", ""forearms""]"
erector-spinae,Smith Machine Good Morning,data/Smith-Machine-Good-Morning.gif,1bQkKZK,smith bent knee good morning,"[""glutes""]","[""hamstrings"", ""lower back""]","[""upper legs""]","[""smith machine""]",https://static.exercisedb.dev/media/1bQkKZK.gif,65.45,matched,"smith bent knee good morning [""glutes""] [""hamstrings"", ""lower back""]"
erector-spinae,Cable Pull Through,data/Cable-Pull-Through.gif,0rHfvy9,inverse leg curl (on pull-up cable machine),"[""hamstrings""]","[""glutes"", ""calves""]","[""upper legs""]","[""body weight""]",https://static.exercisedb.dev/media/0rHfvy9.gif,57.14,matched,"inverse leg curl (on pull-up cable machine) [""hamstrings""] [""glutes"", ""calves""]"
erector-spinae,Twisting Hyperextension,data/Twisting-Hyperextension.gif,8urJS9b,weighted hyperextension (on stability ball),"[""spine""]","[""glutes"", ""hamstrings""]","[""back""]","[""weighted""]",https://static.exercisedb.dev/media/8urJS9b.gif,60.54,matched,"weighted hyperextension (on stability ball) [""spine""] [""glutes"", ""hamstrings""]"
erector-spinae,Swimming,data/Swimming.gif,9ZGZuOD,incline twisting sit-up,"[""abs""]","[""obliques""]","[""waist""]","[""body weight""]",https://static.exercisedb.dev/media/9ZGZuOD.gif,30.97,matched,"incline twisting sit-up [""abs""] [""obliques""]"
erector-spinae,Frog Reverse Hyperextension,data/Frog-Reverse-Hyperextension.gif,8urJS9b,weighted hyperextension (on stability ball),"[""spine""]","[""glutes"", ""hamstrings""]","[""back""]","[""weighted""]",https://static.exercisedb.dev/media/8urJS9b.gif,54.63,matched,"weighted hyperextension (on stability ball) [""spine""] [""glutes"", ""hamstrings""]"
erector-spinae,Bird Dog,data/Bird-Dog.gif,01qpYSe,upward facing dog,"[""spine""]","[""shoulders"", ""chest""]","[""back""]","[""body weight""]",https://static.exercisedb.dev/media/01qpYSe.gif,44.8,matched,"upward facing dog [""spine""] [""shoulders"", ""chest""]"
erector-spinae,Seated Cable Rope Row,data/Seated-Cable-Rope-Row.gif,A3P4O0R,cable seated row with reverse,"[""upper back""]","[""biceps"", ""forearms""]","[""back""]","[""cable""]",https://static.exercisedb.dev/media/A3P4O0R.gif,69.19,matched,"cable seated row with reverse [""upper back""] [""biceps"", ""forearms""]"
erector-spinae,Kettlebell Deadlift,data/Kettlebell-Deadlift.gif,4KJEpzb,kettlebell bottoms up clean from the hang position,"[""biceps""]","[""forearms"", ""shoulders""]","[""upper arms""]","[""kettlebell""]",https://static.exercisedb.dev/media/4KJEpzb.gif,55.17,matched,"kettlebell bottoms up clean from the hang position [""biceps""] [""forearms"", ""shoulders""]"
erector-spinae,Standing Toe Touches,data/Standing-Toe-Touches.gif,1jXLYEw,standing lateral stretch,"[""lats""]","[""shoulders"", ""obliques""]","[""back""]","[""body weight""]",https://static.exercisedb.dev/media/1jXLYEw.gif,54.55,matched,"standing lateral stretch [""lats""] [""shoulders"", ""obliques""]"
erector-spinae,Seated Toe Touches,data/Seated-Toe-Touches.gif,8xUv4J7,cable seated crunch,"[""abs""]","[""obliques""]","[""waist""]","[""cable""]",https://static.exercisedb.dev/media/8xUv4J7.gif,51.89,matched,"cable seated crunch [""abs""] [""obliques""]"
erector-spinae,Foam Roller Back Stretch,data/Foam-Roller-Back-Stretch.gif,0L2KwtI,roller hip lat stretch,"[""glutes""]","[""hamstrings"", ""quadriceps""]","[""upper legs""]","[""roller""]",https://static.exercisedb.dev/media/0L2KwtI.gif,62.22,matched,"roller hip lat stretch [""glutes""] [""hamstrings"", ""quadriceps""]"
erector-spinae,Lying Upper Body Rotation,data/Lying-Upper-Body-Rotation.gif,7RWNjiB,dumbbell lying pronation on floor,"[""forearms""]","[""biceps"", ""triceps""]","[""lower arms""]","[""dumbbell""]",https://static.exercisedb.dev/media/7RWNjiB.gif,44.14,matched,"dumbbell lying pronation on floor [""forearms""] [""biceps"", ""triceps""]"
erector-spinae,Stiff Leg Deadlift,data/Stiff-Leg-Deadlift.gif,2Ty4idJ,advanced dumbbell stiff leg deadlift,"[""glutes""]","[""hamstrings"", ""lower back""]","[""upper legs""]","[""dumbbell""]",https://static.exercisedb.dev/media/2Ty4idJ.gif,80.0,matched,"advanced dumbbell stiff leg deadlift [""glutes""] [""hamstrings"", ""lower back""]"
erector-spinae,Kneeling Back Rotation,data/Kneeling-Back-Rotation.gif,225x2Vd,band kneeling twisting crunch,"[""abs""]","[""obliques""]","[""waist""]","[""band""]",https://static.exercisedb.dev/media/225x2Vd.gif,53.33,matched,"band kneeling twisting crunch [""abs""] [""obliques""]"
erector-spinae,Bow Pose,data/Bow-Pose.gif,4OaumBr,suspended row,"[""upper back""]","[""biceps"", ""shoulders""]","[""back""]","[""body weight""]",https://static.exercisedb.dev/media/4OaumBr.gif,38.1,matched,"suspended row [""upper back""] [""biceps"", ""shoulders""]"
erector-spinae,Cat Cow Pose,data/Cat-Cow-Pose.gif,2ORFMoR,hack calf raise,"[""calves""]","[""hamstrings"", ""glutes""]","[""lower legs""]","[""sled machine""]",https://static.exercisedb.dev/media/2ORFMoR.gif,41.48,matched,"hack calf raise [""calves""] [""hamstrings"", ""glutes""]"
erector-spinae,Kneeling T-spine Rotation,data/Kneeling-T-spine-Rotation.gif,2jl9K55,spine twist,"[""abs""]","[""obliques"", ""lower back""]","[""waist""]","[""body weight""]",https://static.exercisedb.dev/media/2jl9K55.gif,50.0,matched,"spine twist [""abs""] [""obliques"", ""lower back""]"
erector-spinae,Supine Spinal Twist,data/Supine-Spinal-Twist.gif,2jl9K55,spine twist,"[""abs""]","[""obliques"", ""lower back""]","[""waist""]","[""body weight""]",https://static.exercisedb.dev/media/2jl9K55.gif,58.67,matched,"spine twist [""abs""] [""obliques"", ""lower back""]"
erector-spinae,Landmine T-Bar Row,data/Landmine-T-Bar-Row.gif,aaXr7ld,lever t bar row,"[""upper back""]","[""biceps"", ""forearms""]","[""back""]","[""leverage machine""]",https://static.exercisedb.dev/media/aaXr7ld.gif,60.0,matched,"lever t bar row [""upper back""] [""biceps"", ""forearms""]"
erector-spinae,Barbell Pendlay Row,data/Barbell-Pendlay-Row.gif,25GPyDY,barbell curl,"[""biceps""]","[""forearms""]","[""upper arms""]","[""barbell""]",https://static.exercisedb.dev/media/25GPyDY.gif,58.95,matched,"barbell curl [""biceps""] [""forearms""]"
erector-spinae,Superman,data/Superman.gif,4GqRrAk,superman push-up,"[""pectorals""]","[""core"", ""shoulders""]","[""chest""]","[""body weight""]",https://static.exercisedb.dev/media/4GqRrAk.gif,80.0,matched,"superman push-up [""pectorals""] [""core"", ""shoulders""]"
erector-spinae,Hindu Push-ups,data/Hindu-Push-ups.gif,A9qxk2F,archer push up,"[""pectorals""]","[""triceps"", ""shoulders"", ""core""]","[""chest""]","[""body weight""]",https://static.exercisedb.dev/media/A9qxk2F.gif,51.43,matched,"archer push up [""pectorals""] [""triceps"", ""shoulders"", ""core""]"
erector-spinae,Arm Leg Raises,data/Arm-Leg-Raises.gif,84sESNy,dumbbell seated one arm bicep curl on exercise ball with leg raised,"[""biceps""]","[""forearms"", ""shoulders""]","[""upper arms""]","[""dumbbell""]",https://static.exercisedb.dev/media/84sESNy.gif,53.33,matched,"dumbbell seated one arm bicep curl on exercise ball with leg raised [""biceps""] [""forearms"", ""shoulders""]"
erector-spinae,Dumbbell Pull Through,data/Dumbbell-Pull-Through.gif,9XjtHvS,dumbbell pullover,"[""pectorals""]","[""latissimus dorsi"", ""triceps""]","[""chest""]","[""dumbbell""]",https://static.exercisedb.dev/media/9XjtHvS.gif,58.95,matched,"dumbbell pullover [""pectorals""] [""latissimus dorsi"", ""triceps""]"
erector-spinae,Glute Ham Raise,data/Glute-Ham-Raise.gif,2ORFMoR,hack calf raise,"[""calves""]","[""hamstrings"", ""glutes""]","[""lower legs""]","[""sled machine""]",https://static.exercisedb.dev/media/2ORFMoR.gif,53.33,matched,"hack calf raise [""calves""] [""hamstrings"", ""glutes""]"
erector-spinae,Push-up With Rotation,data/Push-up-With-Rotation.gif,A9qxk2F,archer push up,"[""pectorals""]","[""triceps"", ""shoulders"", ""core""]","[""chest""]","[""body weight""]",https://static.exercisedb.dev/media/A9qxk2F.gif,53.33,matched,"archer push up [""pectorals""] [""triceps"", ""shoulders"", ""core""]"
erector-spinae,Side Plank Rotation,data/Side-Plank-Rotation.gif,5VXmnV5,bodyweight incline side plank,"[""abs""]","[""obliques"", ""shoulders""]","[""waist""]","[""body weight""]",https://static.exercisedb.dev/media/5VXmnV5.gif,55.17,matched,"bodyweight incline side plank [""abs""] [""obliques"", ""shoulders""]"
erector-spinae,Kettlebell Figure 8,data/Kettlebell-Figure-8.gif,4KJEpzb,kettlebell bottoms up clean from the hang position,"[""biceps""]","[""forearms"", ""shoulders""]","[""upper arms""]","[""kettlebell""]",https://static.exercisedb.dev/media/4KJEpzb.gif,55.17,matched,"kettlebell bottoms up clean from the hang position [""biceps""] [""forearms"", ""shoulders""]"
erector-spinae,Barbell Single Leg Deadlift,data/Barbell-Single-Leg-Deadlift.gif,2DxtqHL,barbell one arm side deadlift,"[""glutes""]","[""hamstrings"", ""quadriceps"", ""lower back""]","[""upper legs""]","[""barbell""]",https://static.exercisedb.dev/media/2DxtqHL.gif,62.86,matched,"barbell one arm side deadlift [""glutes""] [""hamstrings"", ""quadriceps"", ""lower back""]"
erector-spinae,Dumbbell Single Leg Deadlift,data/Dumbbell-Single-Leg-Deadlift.gif,5eLRITT,dumbbell stiff leg deadlift,"[""glutes""]","[""hamstrings"", ""lower back""]","[""upper legs""]","[""dumbbell""]",https://static.exercisedb.dev/media/5eLRITT.gif,70.0,matched,"dumbbell stiff leg deadlift [""glutes""] [""hamstrings"", ""lower back""]"
erector-spinae,Good Morning With Resistance Band,data/Good-Morning-With-Resistance-Band.gif,1bQkKZK,smith bent knee good morning,"[""glutes""]","[""hamstrings"", ""lower back""]","[""upper legs""]","[""smith machine""]",https://static.exercisedb.dev/media/1bQkKZK.gif,57.7,matched,"smith bent knee good morning [""glutes""] [""hamstrings"", ""lower back""]"
erector-spinae,Rolling Like a Ball,data/Rolling-Like-a-Ball.gif,61GrD55,cable lying close-grip curl,"[""biceps""]","[""forearms""]","[""upper arms""]","[""cable""]",https://static.exercisedb.dev/media/61GrD55.gif,45.22,matched,"cable lying close-grip curl [""biceps""] [""forearms""]"
erector-spinae,Dhanurasana | Rocking Bow Pose,data/Dhanurasana-|-Rocking-Bow-Pose.gif,2Dk4xQV,rocking frog stretch,"[""glutes""]","[""hamstrings"", ""quadriceps""]","[""upper legs""]","[""body weight""]",https://static.exercisedb.dev/media/2Dk4xQV.gif,41.48,matched,"rocking frog stretch [""glutes""] [""hamstrings"", ""quadriceps""]"
erector-spinae,Swing | Gymstick,data/Swing-|-Gymstick.gif,5WiFcYk,weighted lunge with swing,"[""glutes""]","[""quadriceps"", ""hamstrings"", ""calves""]","[""upper legs""]","[""weighted""]",https://static.exercisedb.dev/media/5WiFcYk.gif,38.1,matched,"weighted lunge with swing [""glutes""] [""quadriceps"", ""hamstrings"", ""calves""]"
erector-spinae,Single Leg Reverse Hyperextension | Gymstick,data/Single-Leg-Reverse-Hyperextension-|-Gymstick.gif,6MfS53i,dumbbell lying single extension,"[""triceps""]","[""shoulders""]","[""upper arms""]","[""dumbbell""]",https://static.exercisedb.dev/media/6MfS53i.gif,44.8,matched,"dumbbell lying single extension [""triceps""] [""shoulders""]"
leg,Dumbbell Goblet Squat,data/Dumbbell-Goblet-Squat.gif,7Hg55JG,dumbbell clean,"[""glutes""]","[""hamstrings"", ""quadriceps"", ""calves""]","[""upper legs""]","[""dumbbell""]",https://static.exercisedb.dev/media/7Hg55JG.gif,58.18,matched,"dumbbell clean [""glutes""] [""hamstrings"", ""quadriceps"", ""calves""]"
leg,Curtsy Lunge,data/Curtsy-Lunge.gif,13VW2VO,weighted stretch lunge,"[""glutes""]","[""quadriceps"", ""hamstrings"", ""calves""]","[""upper legs""]","[""weighted""]",https://static.exercisedb.dev/media/13VW2VO.gif,47.06,matched,"weighted stretch lunge [""glutes""] [""quadriceps"", ""hamstrings"", ""calves""]"
leg,5 Dot Drills,data/5-Dot-Drills.gif,3eGE2JC,dumbbell front raise,"[""delts""]","[""biceps"", ""trapezius""]","[""shoulders""]","[""dumbbell""]",https://static.exercisedb.dev/media/3eGE2JC.gif,35.0,matched,"dumbbell front raise [""delts""] [""biceps"", ""trapezius""]"
leg,High Knee Lunge on Bosu Ball,data/High-Knee-Lunge-on-Bosu-Ball.gif,7858za8,fluid dumbbell step-up lunge,"[""quads""]","[""glutes"", ""hamstrings"", ""calves""]","[""upper legs""]","[""dumbbell""]",https://static.exercisedb.dev/media/7858za8.gif,42.86,matched,"fluid dumbbell step-up lunge [""quads""] [""glutes"", ""hamstrings"", ""calves""]"
leg,Standing Leg Circles,data/Standing-Leg-Circles.gif,6HiHHe0,barbell standing rocking leg calf raise,"[""calves""]","[""hamstrings"", ""quadriceps""]","[""lower legs""]","[""barbell""]",https://static.exercisedb.dev/media/6HiHHe0.gif,60.0,matched,"barbell standing rocking leg calf raise [""calves""] [""hamstrings"", ""quadriceps""]"
leg,Static Lunge,data/Static-Lunge.gif,0mB6wHO,runners stretch,"[""hamstrings""]","[""calves"", ""quadriceps""]","[""upper legs""]","[""body weight""]",https://static.exercisedb.dev/media/0mB6wHO.gif,47.41,matched,"runners stretch [""hamstrings""] [""calves"", ""quadriceps""]"
leg,Dumbbell Walking Lunge,data/Dumbbell-Walking-Lunge.gif,1VpF8db,dumbbell bicep curl lunge with bowling motion,"[""biceps""]","[""forearms"", ""shoulders""]","[""upper arms""]","[""dumbbell""]",https://static.exercisedb.dev/media/1VpF8db.gif,62.22,matched,"dumbbell bicep curl lunge with bowling motion [""biceps""] [""forearms"", ""shoulders""]"
leg,Dumbbell Good Morning,data/Dumbbell-Good-Morning.gif,1bQkKZK,smith bent knee good morning,"[""glutes""]","[""hamstrings"", ""lower back""]","[""upper legs""]","[""smith machine""]",https://static.exercisedb.dev/media/1bQkKZK.gif,58.18,matched,"smith bent knee good morning [""glutes""] [""hamstrings"", ""lower back""]"
leg,Dumbbell Squat,data/Dumbbell-Squat.gif,0IgNjSM,dumbbell standing reverse curl,"[""biceps""]","[""forearms""]","[""upper arms""]","[""dumbbell""]",https://static.exercisedb.dev/media/0IgNjSM.gif,58.18,matched,"dumbbell standing reverse curl [""biceps""] [""forearms""]"
leg,Depth Jump to Hurdle Hop,data/Depth-Jump-to-Hurdle-Hop.gif,903mzG8,smith shoulder press,"[""delts""]","[""triceps"", ""upper back""]","[""shoulders""]","[""smith machine""]",https://static.exercisedb.dev/media/903mzG8.gif,36.36,matched,"smith shoulder press [""delts""] [""triceps"", ""upper back""]"
leg,Power Lunge,data/Power-Lunge.gif,13VW2VO,weighted stretch lunge,"[""glutes""]","[""quadriceps"", ""hamstrings"", ""calves""]","[""upper legs""]","[""weighted""]",https://static.exercisedb.dev/media/13VW2VO.gif,50.0,matched,"weighted stretch lunge [""glutes""] [""quadriceps"", ""hamstrings"", ""calves""]"
leg,Dumbbell Deadlift,data/Dumbbell-Deadlift.gif,2Ty4idJ,advanced dumbbell stiff leg deadlift,"[""glutes""]","[""hamstrings"", ""lower back""]","[""upper legs""]","[""dumbbell""]",https://static.exercisedb.dev/media/2Ty4idJ.gif,80.0,matched,"advanced dumbbell stiff leg deadlift [""glutes""] [""hamstrings"", ""lower back""]"
leg,Dumbbell Sumo Deadlift,data/Dumbbell-Sumo-Deadlift.gif,2Ty4idJ,advanced dumbbell stiff leg deadlift,"[""glutes""]","[""hamstrings"", ""lower back""]","[""upper legs""]","[""dumbbell""]",https://static.exercisedb.dev/media/2Ty4idJ.gif,69.74,matched,"advanced dumbbell stiff leg deadlift [""glutes""] [""hamstrings"", ""lower back""]"
leg,Bodyweight Lunge,data/Bodyweight-Lunge.gif,3xK09Sk,bodyweight squatting row,"[""upper back""]","[""biceps"", ""shoulders""]","[""back""]","[""body weight""]",https://static.exercisedb.dev/media/3xK09Sk.gif,61.54,matched,"bodyweight squatting row [""upper back""] [""biceps"", ""shoulders""]"
leg,Bulgarian Split Squat Jump,data/Bulgarian-Split-Squat-Jump.gif,1gFNTZV,barbell jump squat,"[""glutes""]","[""quadriceps"", ""hamstrings"", ""calves""]","[""upper legs""]","[""barbell""]",https://static.exercisedb.dev/media/1gFNTZV.gif,57.14,matched,"barbell jump squat [""glutes""] [""quadriceps"", ""hamstrings"", ""calves""]"
leg,Squat,data/Squat.gif,0lQnxMZ,weighted sissy squat,"[""quads""]","[""glutes"", ""hamstrings"", ""calves""]","[""upper legs""]","[""weighted""]",https://static.exercisedb.dev/media/0lQnxMZ.gif,80.0,matched,"weighted sissy squat [""quads""] [""glutes"", ""hamstrings"", ""calves""]"
leg,Leg Press,data/Leg-Press.gif,10Z2DXU,sled 45в° leg press,"[""glutes""]","[""quadriceps"", ""hamstrings"", ""calves""]","[""upper legs""]","[""sled machine""]",https://static.exercisedb.dev/media/10Z2DXU.gif,80.0,matched,"sled 45в° leg press [""glutes""] [""quadriceps"", ""hamstrings"", ""calves""]"
leg,Plie Dumbbell Squat,data/Plie-Dumbbell-Squat.gif,7Hg55JG,dumbbell clean,"[""glutes""]","[""hamstrings"", ""quadriceps"", ""calves""]","[""upper legs""]","[""dumbbell""]",https://static.exercisedb.dev/media/7Hg55JG.gif,58.18,matched,"dumbbell clean [""glutes""] [""hamstrings"", ""quadriceps"", ""calves""]"
leg,Deadlift,data/Deadlift.gif,2DxtqHL,barbell one arm side deadlift,"[""glutes""]","[""hamstrings"", ""quadriceps"", ""lower back""]","[""upper legs""]","[""barbell""]",https://static.exercisedb.dev/media/2DxtqHL.gif,80.0,matched,"barbell one arm side deadlift [""glutes""] [""hamstrings"", ""quadriceps"", ""lower back""]"
leg,Leg Curl,data/Leg-Curl.gif,0rHfvy9,inverse leg curl (on pull-up cable machine),"[""hamstrings""]","[""glutes"", ""calves""]","[""upper legs""]","[""body weight""]",https://static.exercisedb.dev/media/0rHfvy9.gif,80.0,matched,"inverse leg curl (on pull-up cable machine) [""hamstrings""] [""glutes"", ""calves""]"
leg,Seated Leg Curl,data/Seated-Leg-Curl.gif,84sESNy,dumbbell seated one arm bicep curl on exercise ball with leg raised,"[""biceps""]","[""forearms"", ""shoulders""]","[""upper arms""]","[""dumbbell""]",https://static.exercisedb.dev/media/84sESNy.gif,80.0,matched,"dumbbell seated one arm bicep curl on exercise ball with leg raised [""biceps""] [""forearms"", ""shoulders""]"
leg,Leg Extension,data/Leg-Extension.gif,1TVoin7,barbell lying triceps extension double,"[""triceps""]","[""shoulders""]","[""upper arms""]","[""barbell""]",https://static.exercisedb.dev/media/1TVoin7.gif,65.45,matched,"barbell lying triceps extension double [""triceps""] [""shoulders""]"
leg,Romanian Deadlift,data/Romanian-Deadlift.gif,2DxtqHL,barbell one arm side deadlift,"[""glutes""]","[""hamstrings"", ""quadriceps"", ""lower back""]","[""upper legs""]","[""barbell""]",https://static.exercisedb.dev/media/2DxtqHL.gif,51.2,matched,"barbell one arm side deadlift [""glutes""] [""hamstrings"", ""quadriceps"", ""lower back""]"
leg,Barbell Hack Squats,data/Barbell-Hack-Squats.gif,5VCj6iH,barbell hack squat,"[""glutes""]","[""quadriceps"", ""hamstrings"", ""calves""]","[""upper legs""]","[""barbell""]",https://static.exercisedb.dev/media/5VCj6iH.gif,77.84,matched,"barbell hack squat [""glutes""] [""quadriceps"", ""hamstrings"", ""calves""]"
leg,Barbell Sumo Squat,data/Barbell-Sumo-Squat.gif,1gFNTZV,barbell jump squat,"[""glutes""]","[""quadriceps"", ""hamstrings"", ""calves""]","[""upper legs""]","[""barbell""]",https://static.exercisedb.dev/media/1gFNTZV.gif,71.11,matched,"barbell jump squat [""glutes""] [""quadriceps"", ""hamstrings"", ""calves""]"
leg,Good Morning,data/Good-Morning.gif,1bQkKZK,smith bent knee good morning,"[""glutes""]","[""hamstrings"", ""lower back""]","[""upper legs""]","[""smith machine""]",https://static.exercisedb.dev/media/1bQkKZK.gif,80.0,matched,"smith bent knee good morning [""glutes""] [""hamstrings"", ""lower back""]"
leg,Dumbbell Bulgarian Split Squat,data/Dumbbell-Bulgarian-Split-Squat.gif,7Hg55JG,dumbbell clean,"[""glutes""]","[""hamstrings"", ""quadriceps"", ""calves""]","[""upper legs""]","[""dumbbell""]",https://static.exercisedb.dev/media/7Hg55JG.gif,58.18,matched,"dumbbell clean [""glutes""] [""hamstrings"", ""quadriceps"", ""calves""]"
leg,Dumbbell Romanian Deadlift,data/Dumbbell-Romanian-Deadlift.gif,2Ty4idJ,advanced dumbbell stiff leg deadlift,"[""glutes""]","[""hamstrings"", ""lower back""]","[""upper legs""]","[""dumbbell""]",https://static.exercisedb.dev/media/2Ty4idJ.gif,63.26,matched,"advanced dumbbell stiff leg deadlift [""glutes""] [""hamstrings"", ""lower back""]"
leg,Hack Squats Machine,data/Hack-Squats-Machine.gif,5VCj6iH,barbell hack squat,"[""glutes""]","[""quadriceps"", ""hamstrings"", ""calves""]","[""upper legs""]","[""barbell""]",https://static.exercisedb.dev/media/5VCj6iH.gif,56.22,matched,"barbell hack squat [""glutes""] [""quadriceps"", ""hamstrings"", ""calves""]"
leg,Sumo Deadlift,data/Sumo-Deadlift.gif,2DxtqHL,barbell one arm side deadlift,"[""glutes""]","[""hamstrings"", ""quadriceps"", ""lower back""]","[""upper legs""]","[""barbell""]",https://static.exercisedb.dev/media/2DxtqHL.gif,60.95,matched,"barbell one arm side deadlift [""glutes""] [""hamstrings"", ""quadriceps"", ""lower back""]"
leg,Pistol Squat,data/Pistol-Squat.gif,5bpPTHv,kettlebell pistol squat,"[""glutes""]","[""quadriceps"", ""hamstrings"", ""calves""]","[""upper legs""]","[""kettlebell""]",https://static.exercisedb.dev/media/5bpPTHv.gif,80.0,matched,"kettlebell pistol squat [""glutes""] [""quadriceps"", ""hamstrings"", ""calves""]"
leg,Dumbbell Lunge,data/Dumbbell-Lunge.gif,1VpF8db,dumbbell bicep curl lunge with bowling motion,"[""biceps""]","[""forearms"", ""shoulders""]","[""upper arms""]","[""dumbbell""]",https://static.exercisedb.dev/media/1VpF8db.gif,80.0,matched,"dumbbell bicep curl lunge with bowling motion [""biceps""] [""forearms"", ""shoulders""]"
leg,Dumbbell Straight Leg Deadlift,data/Dumbbell-Straight-Leg-Deadlift.gif,5eLRITT,dumbbell stiff leg deadlift,"[""glutes""]","[""hamstrings"", ""lower back""]","[""upper legs""]","[""dumbbell""]",https://static.exercisedb.dev/media/5eLRITT.gif,70.18,matched,"dumbbell stiff leg deadlift [""glutes""] [""hamstrings"", ""lower back""]"
leg,Lever Side Hip Abduction,data/Lever-Side-Hip-Abduction.gif,7WaDzyL,side hip abduction,"[""abductors""]","[""glutes"", ""quadriceps""]","[""upper legs""]","[""body weight""]",https://static.exercisedb.dev/media/7WaDzyL.gif,80.0,matched,"side hip abduction [""abductors""] [""glutes"", ""quadriceps""]"
leg,Bodyweight Sumo Squat,data/Bodyweight-Sumo-Squat.gif,3xK09Sk,bodyweight squatting row,"[""upper back""]","[""biceps"", ""shoulders""]","[""back""]","[""body weight""]",https://static.exercisedb.dev/media/3xK09Sk.gif,56.89,matched,"bodyweight squatting row [""upper back""] [""biceps"", ""shoulders""]"
leg,Hawaiian Squat,data/Hawaiian-Squat.gif,75Bgtjy,potty squat,"[""abs""]","[""quadriceps"", ""glutes""]","[""waist""]","[""body weight""]",https://static.exercisedb.dev/media/75Bgtjy.gif,50.0,matched,"potty squat [""abs""] [""quadriceps"", ""glutes""]"
leg,Lever Standing Leg Raise,data/Lever-Standing-Leg-Raise.gif,6HiHHe0,barbell standing rocking leg calf raise,"[""calves""]","[""hamstrings"", ""quadriceps""]","[""lower legs""]","[""barbell""]",https://static.exercisedb.dev/media/6HiHHe0.gif,68.57,matched,"barbell standing rocking leg calf raise [""calves""] [""hamstrings"", ""quadriceps""]"
leg,Lever Side Hip Adduction,data/Lever-Side-Hip-Adduction.gif,7WaDzyL,side hip abduction,"[""abductors""]","[""glutes"", ""quadriceps""]","[""upper legs""]","[""body weight""]",https://static.exercisedb.dev/media/7WaDzyL.gif,64.76,matched,"side hip abduction [""abductors""] [""glutes"", ""quadriceps""]"
leg,Barbell Bulgarian Split Squat,data/Barbell-Bulgarian-Split-Squat.gif,1gFNTZV,barbell jump squat,"[""glutes""]","[""quadriceps"", ""hamstrings"", ""calves""]","[""upper legs""]","[""barbell""]",https://static.exercisedb.dev/media/1gFNTZV.gif,67.1,matched,"barbell jump squat [""glutes""] [""quadriceps"", ""hamstrings"", ""calves""]"
leg,Lever Deadlift,data/Lever-Deadlift.gif,2DxtqHL,barbell one arm side deadlift,"[""glutes""]","[""hamstrings"", ""quadriceps"", ""lower back""]","[""upper legs""]","[""barbell""]",https://static.exercisedb.dev/media/2DxtqHL.gif,58.18,matched,"barbell one arm side deadlift [""glutes""] [""hamstrings"", ""quadriceps"", ""lower back""]"
leg,Dumbbell Rear Lunge,data/Dumbbell-Rear-Lunge.gif,8DiFDVA,dumbbell rear fly,"[""delts""]","[""trapezius"", ""rhomboids""]","[""shoulders""]","[""dumbbell""]",https://static.exercisedb.dev/media/8DiFDVA.gif,69.33,matched,"dumbbell rear fly [""delts""] [""trapezius"", ""rhomboids""]"
leg,Barbell Lunge,data/Barbell-Lunge.gif,62Nw60O,barbell rear lunge v. 2,"[""glutes""]","[""quadriceps"", ""hamstrings"", ""calves""]","[""upper legs""]","[""barbell""]",https://static.exercisedb.dev/media/62Nw60O.gif,80.0,matched,"barbell rear lunge v. 2 [""glutes""] [""quadriceps"", ""hamstrings"", ""calves""]"
leg,Barbell Lateral Lunge,data/Barbell-Lateral-Lunge.gif,62Nw60O,barbell rear lunge v. 2,"[""glutes""]","[""quadriceps"", ""hamstrings"", ""calves""]","[""upper legs""]","[""barbell""]",https://static.exercisedb.dev/media/62Nw60O.gif,61.18,matched,"barbell rear lunge v. 2 [""glutes""] [""quadriceps"", ""hamstrings"", ""calves""]"
leg,Side Lunge,data/Side-Lunge.gif,13VW2VO,weighted stretch lunge,"[""glutes""]","[""quadriceps"", ""hamstrings"", ""calves""]","[""upper legs""]","[""weighted""]",https://static.exercisedb.dev/media/13VW2VO.gif,53.33,matched,"weighted stretch lunge [""glutes""] [""quadriceps"", ""hamstrings"", ""calves""]"
leg,Cable Hip Adduction,data/Cable-Hip-Adduction.gif,7WaDzyL,side hip abduction,"[""abductors""]","[""glutes"", ""quadriceps""]","[""upper legs""]","[""body weight""]",https://static.exercisedb.dev/media/7WaDzyL.gif,60.54,matched,"side hip abduction [""abductors""] [""glutes"", ""quadriceps""]"
leg,Zig Zag Hops Plyometric,data/Zig-Zag-Hops-Plyometric.gif,11wrviz,isometric wipers,"[""pectorals""]","[""shoulders"", ""triceps"", ""core""]","[""chest""]","[""body weight""]",https://static.exercisedb.dev/media/11wrviz.gif,41.03,matched,"isometric wipers [""pectorals""] [""shoulders"", ""triceps"", ""core""]"
leg,Bodyweight Squat,data/Bodyweight-Squat.gif,3xK09Sk,bodyweight squatting row,"[""upper back""]","[""biceps"", ""shoulders""]","[""back""]","[""body weight""]",https://static.exercisedb.dev/media/3xK09Sk.gif,64.0,matched,"bodyweight squatting row [""upper back""] [""biceps"", ""shoulders""]"
leg,Upavistha Konasana,data/Upavistha-Konasana.gif,7i4msxz,cocoons with mega,"[""abs""]","[""hip flexors"", ""lower back""]","[""waist""]","[""body weight""]",https://static.exercisedb.dev/media/7i4msxz.gif,36.57,matched,"cocoons with mega [""abs""] [""hip flexors"", ""lower back""]"
leg,Seated Hamstring Stretch,data/Seated-Hamstring-Stretch.gif,99rWm7w,hamstring stretch,"[""hamstrings""]","[""glutes""]","[""upper legs""]","[""body weight""]",https://static.exercisedb.dev/media/99rWm7w.gif,80.0,matched,"hamstring stretch [""hamstrings""] [""glutes""]"
leg,Kneeling Quad Stretch,data/Kneeling-Quad-Stretch.gif,13VW2VO,weighted stretch lunge,"[""glutes""]","[""quadriceps"", ""hamstrings"", ""calves""]","[""upper legs""]","[""weighted""]",https://static.exercisedb.dev/media/13VW2VO.gif,52.09,matched,"weighted stretch lunge [""glutes""] [""quadriceps"", ""hamstrings"", ""calves""]"
leg,Lateral Speed Step,data/Lateral-Speed-Step.gif,1jXLYEw,standing lateral stretch,"[""lats""]","[""shoulders"", ""obliques""]","[""back""]","[""body weight""]",https://static.exercisedb.dev/media/1jXLYEw.gif,53.33,matched,"standing lateral stretch [""lats""] [""shoulders"", ""obliques""]"
leg,Seated Groin / Adductor Stretch,,17bqEXD,seated calf stretch (male),"[""calves""]","[""hamstrings""]","[""lower legs""]","[""body weight""]",https://static.exercisedb.dev/media/17bqEXD.gif,56.0,matched,"seated calf stretch (male) [""calves""] [""hamstrings""]"
leg,Reverse Lunge Knee Lift,data/Reverse-Lunge-Knee-Lift.gif,03lzqwk,assisted hanging knee raise,"[""abs""]","[""hip flexors""]","[""waist""]","[""assisted""]",https://static.exercisedb.dev/media/03lzqwk.gif,44.8,matched,"assisted hanging knee raise [""abs""] [""hip flexors""]"
leg,Lying Hamstring Stretch,data/Lying-Hamstring-Stretch.gif,99rWm7w,hamstring stretch,"[""hamstrings""]","[""glutes""]","[""upper legs""]","[""body weight""]",https://static.exercisedb.dev/media/99rWm7w.gif,80.0,matched,"hamstring stretch [""hamstrings""] [""glutes""]"
leg,Curtsy Squat,data/Curtsy-Squat.gif,75Bgtjy,potty squat,"[""abs""]","[""quadriceps"", ""glutes""]","[""waist""]","[""body weight""]",https://static.exercisedb.dev/media/75Bgtjy.gif,55.65,matched,"potty squat [""abs""] [""quadriceps"", ""glutes""]"
leg,Cable Goblet Squat,data/Cable-Goblet-Squat.gif,3XFdb1Z,cable squatting curl,"[""biceps""]","[""forearms""]","[""upper arms""]","[""cable""]",https://static.exercisedb.dev/media/3XFdb1Z.gif,54.74,matched,"cable squatting curl [""biceps""] [""forearms""]"
leg,Thigh fly (Adductor Magnus Stretch),data/Thigh-fly-(Adductor-Magnus-Stretch).gif,1jXLYEw,standing lateral stretch,"[""lats""]","[""shoulders"", ""obliques""]","[""back""]","[""body weight""]",https://static.exercisedb.dev/media/1jXLYEw.gif,40.68,matched,"standing lateral stretch [""lats""] [""shoulders"", ""obliques""]"
leg,Split Jump Squat,data/Split-Jump-Squat.gif,9E25EOx,split squats,"[""quads""]","[""glutes"", ""hamstrings"", ""calves""]","[""upper legs""]","[""body weight""]",https://static.exercisedb.dev/media/9E25EOx.gif,62.86,matched,"split squats [""quads""] [""glutes"", ""hamstrings"", ""calves""]"
leg,Cossack Squat,data/Cossack-Squat.gif,75Bgtjy,potty squat,"[""abs""]","[""quadriceps"", ""glutes""]","[""waist""]","[""body weight""]",https://static.exercisedb.dev/media/75Bgtjy.gif,50.0,matched,"potty squat [""abs""] [""quadriceps"", ""glutes""]"
leg,Seated Side Crunch,data/Seated-Side-Crunch.gif,8xUv4J7,cable seated crunch,"[""abs""]","[""obliques""]","[""waist""]","[""cable""]",https://static.exercisedb.dev/media/8xUv4J7.gif,67.1,matched,"cable seated crunch [""abs""] [""obliques""]"
leg,Standing Cross Leg Hamstring Stretch,data/Standing-Cross-Leg-Hamstring-Stretch.gif,99rWm7w,hamstring stretch,"[""hamstrings""]","[""glutes""]","[""upper legs""]","[""body weight""]",https://static.exercisedb.dev/media/99rWm7w.gif,80.0,matched,"hamstring stretch [""hamstrings""] [""glutes""]"
leg,Backward Jump,data/Backward-Jump.gif,1g5bPpA,jack jump (male),"[""cardiovascular system""]","[""quadriceps"", ""calves""]","[""cardio""]","[""body weight""]",https://static.exercisedb.dev/media/1g5bPpA.gif,44.14,matched,"jack jump (male) [""cardiovascular system""] [""quadriceps"", ""calves""]"
leg,Jumping jack,data/Jumping-jack.gif,1g5bPpA,jack jump (male),"[""cardiovascular system""]","[""quadriceps"", ""calves""]","[""cardio""]","[""body weight""]",https://static.exercisedb.dev/media/1g5bPpA.gif,51.43,matched,"jack jump (male) [""cardiovascular system""] [""quadriceps"", ""calves""]"
leg,Single Leg Broad Jump,data/Single-Leg-Broad-Jump.gif,1kB3Wmk,dumbbell single leg calf raise,"[""calves""]","[""ankles""]","[""lower legs""]","[""dumbbell""]",https://static.exercisedb.dev/media/1kB3Wmk.gif,51.61,matched,"dumbbell single leg calf raise [""calves""] [""ankles""]"
leg,Bodyweight Windmill,data/Bodyweight-Windmill.gif,3xK09Sk,bodyweight squatting row,"[""upper back""]","[""biceps"", ""shoulders""]","[""back""]","[""body weight""]",https://static.exercisedb.dev/media/3xK09Sk.gif,55.17,matched,"bodyweight squatting row [""upper back""] [""biceps"", ""shoulders""]"
leg,Jump Squats,data/Jump-Squats.gif,9E25EOx,split squats,"[""quads""]","[""glutes"", ""hamstrings"", ""calves""]","[""upper legs""]","[""body weight""]",https://static.exercisedb.dev/media/9E25EOx.gif,56.47,matched,"split squats [""quads""] [""glutes"", ""hamstrings"", ""calves""]"
leg,Landmine Squat to Press,data/Landmine-Squat-to-Press.gif,75Bgtjy,potty squat,"[""abs""]","[""quadriceps"", ""glutes""]","[""waist""]","[""body weight""]",https://static.exercisedb.dev/media/75Bgtjy.gif,50.0,matched,"potty squat [""abs""] [""quadriceps"", ""glutes""]"
leg,Barbell Clean and Press,data/Barbell-Clean-and-Press.gif,3TZduzM,barbell incline bench press,"[""pectorals""]","[""shoulders"", ""triceps""]","[""chest""]","[""barbell""]",https://static.exercisedb.dev/media/3TZduzM.gif,60.8,matched,"barbell incline bench press [""pectorals""] [""shoulders"", ""triceps""]"
leg,Dumbbell Lateral Step Up,data/Dumbbell-Lateral-Step-Up.gif,53Ttlck,dumbbell lying rear lateral raise,"[""delts""]","[""traps"", ""rhomboids""]","[""shoulders""]","[""dumbbell""]",https://static.exercisedb.dev/media/53Ttlck.gif,64.0,matched,"dumbbell lying rear lateral raise [""delts""] [""traps"", ""rhomboids""]"
leg,Lateral Step-up,data/Lateral-Step-up.gif,5MRH8H2,ski step,"[""cardiovascular system""]","[""quadriceps"", ""hamstrings"", ""glutes"", ""calves""]","[""cardio""]","[""body weight""]",https://static.exercisedb.dev/media/5MRH8H2.gif,53.33,matched,"ski step [""cardiovascular system""] [""quadriceps"", ""hamstrings"", ""glutes"", ""calves""]"
leg,Step Up + Opposite Elbow to Knee Twist,data/Step-Up-+-Opposite-Elbow-to-Knee-Twist.gif,5MRH8H2,ski step,"[""cardiovascular system""]","[""quadriceps"", ""hamstrings"", ""glutes"", ""calves""]","[""cardio""]","[""body weight""]",https://static.exercisedb.dev/media/5MRH8H2.gif,53.33,matched,"ski step [""cardiovascular system""] [""quadriceps"", ""hamstrings"", ""glutes"", ""calves""]"
leg,Barbell Step-Up,data/Barbell-Step-Up.gif,25GPyDY,barbell curl,"[""biceps""]","[""forearms""]","[""upper arms""]","[""barbell""]",https://static.exercisedb.dev/media/25GPyDY.gif,58.95,matched,"barbell curl [""biceps""] [""forearms""]"
leg,Lying Glute Stretch,data/Lying-Glute-Stretch.gif,1jXLYEw,standing lateral stretch,"[""lats""]","[""shoulders"", ""obliques""]","[""back""]","[""body weight""]",https://static.exercisedb.dev/media/1jXLYEw.gif,55.81,matched,"standing lateral stretch [""lats""] [""shoulders"", ""obliques""]"
leg,Lying Dumbbell Leg Curl,data/Lying-Dumbbell-Leg-Curl.gif,2NImIAG,dumbbell bicep curl on exercise ball with leg raised,"[""biceps""]","[""forearms"", ""shoulders""]","[""upper arms""]","[""dumbbell""]",https://static.exercisedb.dev/media/2NImIAG.gif,68.0,matched,"dumbbell bicep curl on exercise ball with leg raised [""biceps""] [""forearms"", ""shoulders""]"
leg,Plank With Arm And Leg Lift,data/Plank-With-Arm-And-Leg-Lift.gif,84sESNy,dumbbell seated one arm bicep curl on exercise ball with leg raised,"[""biceps""]","[""forearms"", ""shoulders""]","[""upper arms""]","[""dumbbell""]",https://static.exercisedb.dev/media/84sESNy.gif,49.23,matched,"dumbbell seated one arm bicep curl on exercise ball with leg raised [""biceps""] [""forearms"", ""shoulders""]"
leg,Weighted Front Plank,data/Weighted-Front-Plank.gif,5VXmnV5,bodyweight incline side plank,"[""abs""]","[""obliques"", ""shoulders""]","[""waist""]","[""body weight""]",https://static.exercisedb.dev/media/5VXmnV5.gif,48.98,matched,"bodyweight incline side plank [""abs""] [""obliques"", ""shoulders""]"
leg,Smith Machine Good Morning,data/Smith-Machine-Good-Morning.gif,1bQkKZK,smith bent knee good morning,"[""glutes""]","[""hamstrings"", ""lower back""]","[""upper legs""]","[""smith machine""]",https://static.exercisedb.dev/media/1bQkKZK.gif,65.45,matched,"smith bent knee good morning [""glutes""] [""hamstrings"", ""lower back""]"
leg,Bodyweight Walking Lunge,data/Bodyweight-Walking-Lunge.gif,5VXmnV5,bodyweight incline side plank,"[""abs""]","[""obliques"", ""shoulders""]","[""waist""]","[""body weight""]",https://static.exercisedb.dev/media/5VXmnV5.gif,54.34,matched,"bodyweight incline side plank [""abs""] [""obliques"", ""shoulders""]"
leg,Wall Sit,data/Wall-Sit.gif,1GPHRyK,janda sit-up,"[""abs""]","[""hip flexors"", ""lower back""]","[""waist""]","[""body weight""]",https://static.exercisedb.dev/media/1GPHRyK.gif,43.64,matched,"janda sit-up [""abs""] [""hip flexors"", ""lower back""]"
leg,High Knee Squat,data/High-Knee-Squat.gif,9n2149Z,sled lying squat,"[""glutes""]","[""quadriceps"", ""hamstrings"", ""calves""]","[""upper legs""]","[""sled machine""]",https://static.exercisedb.dev/media/9n2149Z.gif,51.61,matched,"sled lying squat [""glutes""] [""quadriceps"", ""hamstrings"", ""calves""]"
leg,Kettlebell Pistol Squats,data/Kettlebell-Pistol-Squats.gif,5bpPTHv,kettlebell pistol squat,"[""glutes""]","[""quadriceps"", ""hamstrings"", ""calves""]","[""upper legs""]","[""kettlebell""]",https://static.exercisedb.dev/media/5bpPTHv.gif,78.3,matched,"kettlebell pistol squat [""glutes""] [""quadriceps"", ""hamstrings"", ""calves""]"
leg,Kettlebell Split Snatch,data/Kettlebell-Split-Snatch.gif,5bpPTHv,kettlebell pistol squat,"[""glutes""]","[""quadriceps"", ""hamstrings"", ""calves""]","[""upper legs""]","[""kettlebell""]",https://static.exercisedb.dev/media/5bpPTHv.gif,55.65,matched,"kettlebell pistol squat [""glutes""] [""quadriceps"", ""hamstrings"", ""calves""]"
leg,Kettlebell Swings,data/Kettlebell-Swings.gif,9Tkqa9O,kettlebell windmill,"[""abs""]","[""obliques"", ""shoulders""]","[""waist""]","[""kettlebell""]",https://static.exercisedb.dev/media/9Tkqa9O.gif,62.22,matched,"kettlebell windmill [""abs""] [""obliques"", ""shoulders""]"
leg,Bodyweight Box Squat,data/Bodyweight-Box-Squat.gif,3xK09Sk,bodyweight squatting row,"[""upper back""]","[""biceps"", ""shoulders""]","[""back""]","[""body weight""]",https://static.exercisedb.dev/media/3xK09Sk.gif,65.45,matched,"bodyweight squatting row [""upper back""] [""biceps"", ""shoulders""]"
leg,Step Up Single Leg Balance with Bicep Curl,data/Step-Up-Single-Leg-Balance-with-Bicep-Curl.gif,76vfTdU,dumbbell step up single leg balance with bicep curl,"[""biceps""]","[""quadriceps"", ""glutes"", ""hamstrings""]","[""upper arms""]","[""dumbbell""]",https://static.exercisedb.dev/media/76vfTdU.gif,80.0,matched,"dumbbell step up single leg balance with bicep curl [""biceps""] [""quadriceps"", ""glutes"", ""hamstrings""]"
leg,Dumbbell Step-Up,data/Dumbbell-Step-Up.gif,76vfTdU,dumbbell step up single leg balance with bicep curl,"[""biceps""]","[""quadriceps"", ""glutes"", ""hamstrings""]","[""upper arms""]","[""dumbbell""]",https://static.exercisedb.dev/media/76vfTdU.gif,80.0,matched,"dumbbell step up single leg balance with bicep curl [""biceps""] [""quadriceps"", ""glutes"", ""hamstrings""]"
leg,Belt Squat,data/Belt-Squat.gif,9E25EOx,split squats,"[""quads""]","[""glutes"", ""hamstrings"", ""calves""]","[""upper legs""]","[""body weight""]",https://static.exercisedb.dev/media/9E25EOx.gif,58.18,matched,"split squats [""quads""] [""glutes"", ""hamstrings"", ""calves""]"
leg,Lever Single Leg Curl,data/Lever-Single-Leg-Curl.gif,17lJ1kr,lever lying leg curl,"[""hamstrings""]","[""calves""]","[""upper legs""]","[""leverage machine""]",https://static.exercisedb.dev/media/17lJ1kr.gif,70.24,matched,"lever lying leg curl [""hamstrings""] [""calves""]"
leg,Reverse Lunge,data/Reverse-Lunge.gif,0IgNjSM,dumbbell standing reverse curl,"[""biceps""]","[""forearms""]","[""upper arms""]","[""dumbbell""]",https://static.exercisedb.dev/media/0IgNjSM.gif,56.0,matched,"dumbbell standing reverse curl [""biceps""] [""forearms""]"
leg,Single Leg Step Down,data/Single-Leg-Step-Down.gif,76vfTdU,dumbbell step up single leg balance with bicep curl,"[""biceps""]","[""quadriceps"", ""glutes"", ""hamstrings""]","[""upper arms""]","[""dumbbell""]",https://static.exercisedb.dev/media/76vfTdU.gif,68.57,matched,"dumbbell step up single leg balance with bicep curl [""biceps""] [""quadriceps"", ""glutes"", ""hamstrings""]"
leg,Boat Pose,data/Boat-Pose.gif,4Leypho,barbell skier,"[""delts""]","[""triceps"", ""core""]","[""shoulders""]","[""barbell""]",https://static.exercisedb.dev/media/4Leypho.gif,36.36,matched,"barbell skier [""delts""] [""triceps"", ""core""]"
leg,Long Jump,data/Long-Jump.gif,1g5bPpA,jack jump (male),"[""cardiovascular system""]","[""quadriceps"", ""calves""]","[""cardio""]","[""body weight""]",https://static.exercisedb.dev/media/1g5bPpA.gif,49.23,matched,"jack jump (male) [""cardiovascular system""] [""quadriceps"", ""calves""]"
leg,Lever Assisted Single Leg Press,data/Lever-Assisted-Single-Leg-Press.gif,7B4F5nZ,lever calf press,"[""calves""]","[""hamstrings""]","[""lower legs""]","[""leverage machine""]",https://static.exercisedb.dev/media/7B4F5nZ.gif,65.19,matched,"lever calf press [""calves""] [""hamstrings""]"
leg,Nordic Hamstring Curl,data/Nordic-Hamstring-Curl.gif,99rWm7w,hamstring stretch,"[""hamstrings""]","[""glutes""]","[""upper legs""]","[""body weight""]",https://static.exercisedb.dev/media/99rWm7w.gif,55.38,matched,"hamstring stretch [""hamstrings""] [""glutes""]"
leg,One Arm Kettlebell Snatch,data/One-Arm-Kettlebell-Snatch.gif,6pTkI99,dumbbell one arm snatch,"[""glutes""]","[""hamstrings"", ""quadriceps"", ""core""]","[""upper legs""]","[""dumbbell""]",https://static.exercisedb.dev/media/6pTkI99.gif,63.33,matched,"dumbbell one arm snatch [""glutes""] [""hamstrings"", ""quadriceps"", ""core""]"
leg,Front Plank With Arm And Leg Lift,data/Front-Plank-With-Arm-And-Leg-Lift.gif,33AzZeV,barbell front raise and pullover,"[""pectorals""]","[""deltoids"", ""triceps""]","[""chest""]","[""barbell""]",https://static.exercisedb.dev/media/33AzZeV.gif,46.77,matched,"barbell front raise and pullover [""pectorals""] [""deltoids"", ""triceps""]"
leg,Horizontal Leg Press,data/Horizontal-Leg-Press.gif,9KU9TYF,lever horizontal one leg press,"[""glutes""]","[""quadriceps"", ""hamstrings"", ""calves""]","[""upper legs""]","[""leverage machine""]",https://static.exercisedb.dev/media/9KU9TYF.gif,80.0,matched,"lever horizontal one leg press [""glutes""] [""quadriceps"", ""hamstrings"", ""calves""]"
leg,Resistance Band Toe Touch,data/Resistance-Band-Toe-Touch.gif,0xDpB4L,resistance band seated hip abduction,"[""abductors""]","[""glutes"", ""hamstrings""]","[""upper legs""]","[""resistance band""]",https://static.exercisedb.dev/media/0xDpB4L.gif,60.0,matched,"resistance band seated hip abduction [""abductors""] [""glutes"", ""hamstrings""]"
leg,Kneeling Hip Flexor Stretch,data/Kneeling-Hip-Flexor-Stretch.gif,2LQkNPW,exercise ball hip flexor stretch,"[""glutes""]","[""quadriceps"", ""hamstrings""]","[""upper legs""]","[""stability ball""]",https://static.exercisedb.dev/media/2LQkNPW.gif,64.0,matched,"exercise ball hip flexor stretch [""glutes""] [""quadriceps"", ""hamstrings""]"
leg,Standing Quadriceps Stretch,data/Standing-Quadriceps-Stretch.gif,1jXLYEw,standing lateral stretch,"[""lats""]","[""shoulders"", ""obliques""]","[""back""]","[""body weight""]",https://static.exercisedb.dev/media/1jXLYEw.gif,64.0,matched,"standing lateral stretch [""lats""] [""shoulders"", ""obliques""]"
leg,Exercise Ball Wall Squat,data/Exercise-Ball-Wall-Squat.gif,2JCuFTU,dumbbell kneeling bicep curl exercise ball,"[""biceps""]","[""forearms""]","[""upper arms""]","[""dumbbell""]",https://static.exercisedb.dev/media/2JCuFTU.gif,56.22,matched,"dumbbell kneeling bicep curl exercise ball [""biceps""] [""forearms""]"
leg,Leg Curl On Stability Ball,data/Leg-Curl-On-Stability-Ball.gif,1IG6gVF,prone twist on stability ball,"[""abs""]","[""obliques"", ""lower back""]","[""waist""]","[""stability ball""]",https://static.exercisedb.dev/media/1IG6gVF.gif,63.26,matched,"prone twist on stability ball [""abs""] [""obliques"", ""lower back""]"
leg,Kettlebell Clean and Jerk,data/Kettlebell-Clean-and-Jerk.gif,7Ba7bQ2,kettlebell two arm clean,"[""delts""]","[""traps"", ""forearms""]","[""shoulders""]","[""kettlebell""]",https://static.exercisedb.dev/media/7Ba7bQ2.gif,64.0,matched,"kettlebell two arm clean [""delts""] [""traps"", ""forearms""]"
leg,Kettlebell Goblet Squat,data/Kettlebell-Goblet-Squat.gif,5bpPTHv,kettlebell pistol squat,"[""glutes""]","[""quadriceps"", ""hamstrings"", ""calves""]","[""upper legs""]","[""kettlebell""]",https://static.exercisedb.dev/media/5bpPTHv.gif,66.09,matched,"kettlebell pistol squat [""glutes""] [""quadriceps"", ""hamstrings"", ""calves""]"
leg,Kettlebell Deadlift,data/Kettlebell-Deadlift.gif,4KJEpzb,kettlebell bottoms up clean from the hang position,"[""biceps""]","[""forearms"", ""shoulders""]","[""upper arms""]","[""kettlebell""]",https://static.exercisedb.dev/media/4KJEpzb.gif,55.17,matched,"kettlebell bottoms up clean from the hang position [""biceps""] [""forearms"", ""shoulders""]"
leg,Barbell Bench Front Squat,data/Barbell-Bench-Front-Squat.gif,1gFNTZV,barbell jump squat,"[""glutes""]","[""quadriceps"", ""hamstrings"", ""calves""]","[""upper legs""]","[""barbell""]",https://static.exercisedb.dev/media/1gFNTZV.gif,67.1,matched,"barbell jump squat [""glutes""] [""quadriceps"", ""hamstrings"", ""calves""]"
leg,Standing Toe Touches,data/Standing-Toe-Touches.gif,1jXLYEw,standing lateral stretch,"[""lats""]","[""shoulders"", ""obliques""]","[""back""]","[""body weight""]",https://static.exercisedb.dev/media/1jXLYEw.gif,54.55,matched,"standing lateral stretch [""lats""] [""shoulders"", ""obliques""]"
leg,Standing Side Toe Touching,data/Standing-Side-Toe-Touching.gif,7OeHptV,assisted standing chin-up,"[""lats""]","[""biceps"", ""forearms""]","[""back""]","[""leverage machine""]",https://static.exercisedb.dev/media/7OeHptV.gif,56.47,matched,"assisted standing chin-up [""lats""] [""biceps"", ""forearms""]"
leg,Dumbbell Split Jump,data/Dumbbell-Split-Jump.gif,7Hg55JG,dumbbell clean,"[""glutes""]","[""hamstrings"", ""quadriceps"", ""calves""]","[""upper legs""]","[""dumbbell""]",https://static.exercisedb.dev/media/7Hg55JG.gif,58.18,matched,"dumbbell clean [""glutes""] [""hamstrings"", ""quadriceps"", ""calves""]"
leg,Banded Step-up,data/Banded-Step-up.gif,1GPHRyK,janda sit-up,"[""abs""]","[""hip flexors"", ""lower back""]","[""waist""]","[""body weight""]",https://static.exercisedb.dev/media/1GPHRyK.gif,55.38,matched,"janda sit-up [""abs""] [""hip flexors"", ""lower back""]"
leg,Barbell Curtsey Lunge,data/Barbell-Curtsey-Lunge.gif,62Nw60O,barbell rear lunge v. 2,"[""glutes""]","[""quadriceps"", ""hamstrings"", ""calves""]","[""upper legs""]","[""barbell""]",https://static.exercisedb.dev/media/62Nw60O.gif,61.18,matched,"barbell rear lunge v. 2 [""glutes""] [""quadriceps"", ""hamstrings"", ""calves""]"
leg,Dumbbell Jump Squat,data/Dumbbell-Jump-Squat.gif,1gFNTZV,barbell jump squat,"[""glutes""]","[""quadriceps"", ""hamstrings"", ""calves""]","[""upper legs""]","[""barbell""]",https://static.exercisedb.dev/media/1gFNTZV.gif,69.19,matched,"barbell jump squat [""glutes""] [""quadriceps"", ""hamstrings"", ""calves""]"
leg,Barbell Split Squat,data/Barbell-Split-Squat.gif,1gFNTZV,barbell jump squat,"[""glutes""]","[""quadriceps"", ""hamstrings"", ""calves""]","[""upper legs""]","[""barbell""]",https://static.exercisedb.dev/media/1gFNTZV.gif,67.1,matched,"barbell jump squat [""glutes""] [""quadriceps"", ""hamstrings"", ""calves""]"
leg,All Fours Squad Stretch,data/All-Fours-Squad-Stretch.gif,17bqEXD,seated calf stretch (male),"[""calves""]","[""hamstrings""]","[""lower legs""]","[""body weight""]",https://static.exercisedb.dev/media/17bqEXD.gif,52.24,matched,"seated calf stretch (male) [""calves""] [""hamstrings""]"
leg,Burpees,data/Burpees.gif,0JtKWum,dumbbell burpee,"[""cardiovascular system""]","[""quadriceps"", ""hamstrings"", ""calves"", ""shoulders"", ""triceps"", ""core""]","[""cardio""]","[""dumbbell""]",https://static.exercisedb.dev/media/0JtKWum.gif,43.64,matched,"dumbbell burpee [""cardiovascular system""] [""quadriceps"", ""hamstrings"", ""calves"", ""shoulders"", ""triceps"", ""core""]"
leg,Lever Kneeling Leg Curl,data/Lever-Kneeling-Leg-Curl.gif,17lJ1kr,lever lying leg curl,"[""hamstrings""]","[""calves""]","[""upper legs""]","[""leverage machine""]",https://static.exercisedb.dev/media/17lJ1kr.gif,70.7,matched,"lever lying leg curl [""hamstrings""] [""calves""]"
leg,Seated Toe Touches,data/Seated-Toe-Touches.gif,8xUv4J7,cable seated crunch,"[""abs""]","[""obliques""]","[""waist""]","[""cable""]",https://static.exercisedb.dev/media/8xUv4J7.gif,51.89,matched,"cable seated crunch [""abs""] [""obliques""]"
leg,Reverse Hack Squat,data/Reverse-Hack-Squat.gif,5VCj6iH,barbell hack squat,"[""glutes""]","[""quadriceps"", ""hamstrings"", ""calves""]","[""upper legs""]","[""barbell""]",https://static.exercisedb.dev/media/5VCj6iH.gif,57.78,matched,"barbell hack squat [""glutes""] [""quadriceps"", ""hamstrings"", ""calves""]"
leg,Duck Walk,data/Duck-Walk.gif,a8VDgLw,stationary bike walk,"[""cardiovascular system""]","[""quadriceps"", ""hamstrings"", ""calves""]","[""cardio""]","[""leverage machine""]",https://static.exercisedb.dev/media/a8VDgLw.gif,49.23,matched,"stationary bike walk [""cardiovascular system""] [""quadriceps"", ""hamstrings"", ""calves""]"
leg,Trap Bar Deadlift,data/Trap-Bar-Deadlift.gif,2DxtqHL,barbell one arm side deadlift,"[""glutes""]","[""hamstrings"", ""quadriceps"", ""lower back""]","[""upper legs""]","[""barbell""]",https://static.exercisedb.dev/media/2DxtqHL.gif,51.2,matched,"barbell one arm side deadlift [""glutes""] [""hamstrings"", ""quadriceps"", ""lower back""]"
leg,Zercher Squat,data/Zercher-Squat.gif,75Bgtjy,potty squat,"[""abs""]","[""quadriceps"", ""glutes""]","[""waist""]","[""body weight""]",https://static.exercisedb.dev/media/75Bgtjy.gif,50.0,matched,"potty squat [""abs""] [""quadriceps"", ""glutes""]"
leg,Front Squat,data/Front-Squat.gif,75Bgtjy,potty squat,"[""abs""]","[""quadriceps"", ""glutes""]","[""waist""]","[""body weight""]",https://static.exercisedb.dev/media/75Bgtjy.gif,58.18,matched,"potty squat [""abs""] [""quadriceps"", ""glutes""]"
leg,Standing Hamstring Stretch,data/Standing-Hamstring-Stretch.gif,99rWm7w,hamstring stretch,"[""hamstrings""]","[""glutes""]","[""upper legs""]","[""body weight""]",https://static.exercisedb.dev/media/99rWm7w.gif,80.0,matched,"hamstring stretch [""hamstrings""] [""glutes""]"
leg,Kettlebell Thruster,data/Kettlebell-Thruster.gif,4KJEpzb,kettlebell bottoms up clean from the hang position,"[""biceps""]","[""forearms"", ""shoulders""]","[""upper arms""]","[""kettlebell""]",https://static.exercisedb.dev/media/4KJEpzb.gif,55.17,matched,"kettlebell bottoms up clean from the hang position [""biceps""] [""forearms"", ""shoulders""]"
leg,One Arm Dumbbell Snatch,data/One-Arm-Dumbbell-Snatch.gif,6pTkI99,dumbbell one arm snatch,"[""glutes""]","[""hamstrings"", ""quadriceps"", ""core""]","[""upper legs""]","[""dumbbell""]",https://static.exercisedb.dev/media/6pTkI99.gif,80.0,matched,"dumbbell one arm snatch [""glutes""] [""hamstrings"", ""quadriceps"", ""core""]"
leg,Single Leg Press,data/Single-Leg-Press.gif,7zdxRTl,smith leg press,"[""glutes""]","[""quadriceps"", ""hamstrings"", ""calves""]","[""upper legs""]","[""smith machine""]",https://static.exercisedb.dev/media/7zdxRTl.gif,61.94,matched,"smith leg press [""glutes""] [""quadriceps"", ""hamstrings"", ""calves""]"
leg,Landmine Lunge,data/Landmine-Lunge.gif,13VW2VO,weighted stretch lunge,"[""glutes""]","[""quadriceps"", ""hamstrings"", ""calves""]","[""upper legs""]","[""weighted""]",https://static.exercisedb.dev/media/13VW2VO.gif,42.11,matched,"weighted stretch lunge [""glutes""] [""quadriceps"", ""hamstrings"", ""calves""]"
leg,Single Leg Extension,data/Single-Leg-Extension.gif,6MfS53i,dumbbell lying single extension,"[""triceps""]","[""shoulders""]","[""upper arms""]","[""dumbbell""]",https://static.exercisedb.dev/media/6MfS53i.gif,71.11,matched,"dumbbell lying single extension [""triceps""] [""shoulders""]"
leg,Smith Machine Leg Press,data/Smith-Machine-Leg-Press.gif,7zdxRTl,smith leg press,"[""glutes""]","[""quadriceps"", ""hamstrings"", ""calves""]","[""upper legs""]","[""smith machine""]",https://static.exercisedb.dev/media/7zdxRTl.gif,80.0,matched,"smith leg press [""glutes""] [""quadriceps"", ""hamstrings"", ""calves""]"
leg,Smith Machine Lunge,data/Smith-Machine-Lunge.gif,7WcQgkm,smith machine incline tricep extension - straight variation,"[""triceps""]","[""shoulders""]","[""upper arms""]","[""smith machine""]",https://static.exercisedb.dev/media/7WcQgkm.gif,65.0,matched,"smith machine incline tricep extension - straight variation [""triceps""] [""shoulders""]"
leg,Skater Squat,data/Skater-Squat.gif,9E25EOx,split squats,"[""quads""]","[""glutes"", ""hamstrings"", ""calves""]","[""upper legs""]","[""body weight""]",https://static.exercisedb.dev/media/9E25EOx.gif,53.33,matched,"split squats [""quads""] [""glutes"", ""hamstrings"", ""calves""]"
leg,Shrimp Squat,data/Shrimp-Squat.gif,9E25EOx,split squats,"[""quads""]","[""glutes"", ""hamstrings"", ""calves""]","[""upper legs""]","[""body weight""]",https://static.exercisedb.dev/media/9E25EOx.gif,53.33,matched,"split squats [""quads""] [""glutes"", ""hamstrings"", ""calves""]"
leg,Towel Leg Curl,data/Towel-Leg-Curl.gif,0rHfvy9,inverse leg curl (on pull-up cable machine),"[""hamstrings""]","[""glutes"", ""calves""]","[""upper legs""]","[""body weight""]",https://static.exercisedb.dev/media/0rHfvy9.gif,58.18,matched,"inverse leg curl (on pull-up cable machine) [""hamstrings""] [""glutes"", ""calves""]"
leg,Foam Roller IT (iliotibial Band) Stretch,data/Foam-Roller-IT-(iliotibial-Band)-Stretch.gif,0L2KwtI,roller hip lat stretch,"[""glutes""]","[""hamstrings"", ""quadriceps""]","[""upper legs""]","[""roller""]",https://static.exercisedb.dev/media/0L2KwtI.gif,62.22,matched,"roller hip lat stretch [""glutes""] [""hamstrings"", ""quadriceps""]"
leg,Foam Roller Quads,data/Foam-Roller-Quads.gif,6YUfHPL,quads,"[""quads""]","[""hamstrings"", ""glutes""]","[""upper legs""]","[""body weight""]",https://static.exercisedb.dev/media/6YUfHPL.gif,80.0,matched,"quads [""quads""] [""hamstrings"", ""glutes""]"
leg,Foam Roller Inner Thigh Adductor Stretch,data/Foam-Roller-Inner-Thigh-Adductor-Stretch.gif,0L2KwtI,roller hip lat stretch,"[""glutes""]","[""hamstrings"", ""quadriceps""]","[""upper legs""]","[""roller""]",https://static.exercisedb.dev/media/0L2KwtI.gif,62.22,matched,"roller hip lat stretch [""glutes""] [""hamstrings"", ""quadriceps""]"
leg,Foam Roller Hamstrings,data/Foam-Roller-Hamstrings.gif,99rWm7w,hamstring stretch,"[""hamstrings""]","[""glutes""]","[""upper legs""]","[""body weight""]",https://static.exercisedb.dev/media/99rWm7w.gif,49.23,matched,"hamstring stretch [""hamstrings""] [""glutes""]"
leg,Foam Roller Plantar Fasciitis,data/Foam-Roller-Plantar-Fasciitis.gif,0L2KwtI,roller hip lat stretch,"[""glutes""]","[""hamstrings"", ""quadriceps""]","[""upper legs""]","[""roller""]",https://static.exercisedb.dev/media/0L2KwtI.gif,40.78,matched,"roller hip lat stretch [""glutes""] [""hamstrings"", ""quadriceps""]"
leg,90/90 Hip Stretch,,0L2KwtI,roller hip lat stretch,"[""glutes""]","[""hamstrings"", ""quadriceps""]","[""upper legs""]","[""roller""]",https://static.exercisedb.dev/media/0L2KwtI.gif,62.86,matched,"roller hip lat stretch [""glutes""] [""hamstrings"", ""quadriceps""]"
leg,Stiff Leg Deadlift,data/Stiff-Leg-Deadlift.gif,2Ty4idJ,advanced dumbbell stiff leg deadlift,"[""glutes""]","[""hamstrings"", ""lower back""]","[""upper legs""]","[""dumbbell""]",https://static.exercisedb.dev/media/2Ty4idJ.gif,80.0,matched,"advanced dumbbell stiff leg deadlift [""glutes""] [""hamstrings"", ""lower back""]"
leg,Dumbbell Goblet Curtsey Lunge,data/Dumbbell-Goblet-Curtsey-Lunge.gif,7Hg55JG,dumbbell clean,"[""glutes""]","[""hamstrings"", ""quadriceps"", ""calves""]","[""upper legs""]","[""dumbbell""]",https://static.exercisedb.dev/media/7Hg55JG.gif,58.18,matched,"dumbbell clean [""glutes""] [""hamstrings"", ""quadriceps"", ""calves""]"
leg,Cable Forward Lunge,data/Cable-Forward-Lunge.gif,62Nw60O,barbell rear lunge v. 2,"[""glutes""]","[""quadriceps"", ""hamstrings"", ""calves""]","[""upper legs""]","[""barbell""]",https://static.exercisedb.dev/media/62Nw60O.gif,49.52,matched,"barbell rear lunge v. 2 [""glutes""] [""quadriceps"", ""hamstrings"", ""calves""]"
leg,Cable Lunge,data/Cable-Lunge.gif,3XFdb1Z,cable squatting curl,"[""biceps""]","[""forearms""]","[""upper arms""]","[""cable""]",https://static.exercisedb.dev/media/3XFdb1Z.gif,51.61,matched,"cable squatting curl [""biceps""] [""forearms""]"
leg,Cable Front Squat,data/Cable-Front-Squat.gif,3XFdb1Z,cable squatting curl,"[""biceps""]","[""forearms""]","[""upper arms""]","[""cable""]",https://static.exercisedb.dev/media/3XFdb1Z.gif,56.22,matched,"cable squatting curl [""biceps""] [""forearms""]"
leg,Bodyweight Kneeling Sissy Squat,data/Bodyweight-Kneeling-Sissy-Squat.gif,0lQnxMZ,weighted sissy squat,"[""quads""]","[""glutes"", ""hamstrings"", ""calves""]","[""upper legs""]","[""weighted""]",https://static.exercisedb.dev/media/0lQnxMZ.gif,59.61,matched,"weighted sissy squat [""quads""] [""glutes"", ""hamstrings"", ""calves""]"
leg,Trap Bar Jump Squat,data/Trap-Bar-Jump-Squat.gif,1gFNTZV,barbell jump squat,"[""glutes""]","[""quadriceps"", ""hamstrings"", ""calves""]","[""upper legs""]","[""barbell""]",https://static.exercisedb.dev/media/1gFNTZV.gif,60.54,matched,"barbell jump squat [""glutes""] [""quadriceps"", ""hamstrings"", ""calves""]"
leg,Box Jump to Pistol Squat,data/Box-Jump-to-Pistol-Squat.gif,1gFNTZV,barbell jump squat,"[""glutes""]","[""quadriceps"", ""hamstrings"", ""calves""]","[""upper legs""]","[""barbell""]",https://static.exercisedb.dev/media/1gFNTZV.gif,57.14,matched,"barbell jump squat [""glutes""] [""quadriceps"", ""hamstrings"", ""calves""]"
leg,Box Jump 2 to 1,data/Box-Jump-2-to-1.gif,1gFNTZV,barbell jump squat,"[""glutes""]","[""quadriceps"", ""hamstrings"", ""calves""]","[""upper legs""]","[""barbell""]",https://static.exercisedb.dev/media/1gFNTZV.gif,38.79,matched,"barbell jump squat [""glutes""] [""quadriceps"", ""hamstrings"", ""calves""]"
leg,Box Jump 1 to 2,data/Box-Jump-1-to-2.gif,1gFNTZV,barbell jump squat,"[""glutes""]","[""quadriceps"", ""hamstrings"", ""calves""]","[""upper legs""]","[""barbell""]",https://static.exercisedb.dev/media/1gFNTZV.gif,38.79,matched,"barbell jump squat [""glutes""] [""quadriceps"", ""hamstrings"", ""calves""]"
leg,Single Leg Box Jump,data/Single-Leg-Box-Jump.gif,1kB3Wmk,dumbbell single leg calf raise,"[""calves""]","[""ankles""]","[""lower legs""]","[""dumbbell""]",https://static.exercisedb.dev/media/1kB3Wmk.gif,55.17,matched,"dumbbell single leg calf raise [""calves""] [""ankles""]"
leg,Bow Pose,data/Bow-Pose.gif,4OaumBr,suspended row,"[""upper back""]","[""biceps"", ""shoulders""]","[""back""]","[""body weight""]",https://static.exercisedb.dev/media/4OaumBr.gif,38.1,matched,"suspended row [""upper back""] [""biceps"", ""shoulders""]"
leg,Seated Straight Leg Calf Stretch,data/Seated-Straight-Leg-Calf-Stretch.gif,17bqEXD,seated calf stretch (male),"[""calves""]","[""hamstrings""]","[""lower legs""]","[""body weight""]",https://static.exercisedb.dev/media/17bqEXD.gif,67.56,matched,"seated calf stretch (male) [""calves""] [""hamstrings""]"
leg,Crouching Heel Back Calf Stretch,data/Crouching-Heel-Back-Calf-Stretch.gif,1LVFcEn,calf stretch with rope,"[""calves""]","[""hamstrings""]","[""lower legs""]","[""rope""]",https://static.exercisedb.dev/media/1LVFcEn.gif,56.47,matched,"calf stretch with rope [""calves""] [""hamstrings""]"
leg,Barbell Jump Squat,data/Barbell-Jump-Squat.gif,1gFNTZV,barbell jump squat,"[""glutes""]","[""quadriceps"", ""hamstrings"", ""calves""]","[""upper legs""]","[""barbell""]",https://static.exercisedb.dev/media/1gFNTZV.gif,80.0,matched,"barbell jump squat [""glutes""] [""quadriceps"", ""hamstrings"", ""calves""]"
leg,Frog Pose,data/Frog-Pose.gif,2Dk4xQV,rocking frog stretch,"[""glutes""]","[""hamstrings"", ""quadriceps""]","[""upper legs""]","[""body weight""]",https://static.exercisedb.dev/media/2Dk4xQV.gif,49.23,matched,"rocking frog stretch [""glutes""] [""hamstrings"", ""quadriceps""]"
leg,ATG Split Squat,data/ATG-Split-Squat.gif,9E25EOx,split squats,"[""quads""]","[""glutes"", ""hamstrings"", ""calves""]","[""upper legs""]","[""body weight""]",https://static.exercisedb.dev/media/9E25EOx.gif,65.19,matched,"split squats [""quads""] [""glutes"", ""hamstrings"", ""calves""]"
leg,Kettlebell Clean and Press,data/Kettlebell-Clean-and-Press.gif,5KLbZWx,kettlebell alternating press,"[""delts""]","[""triceps"", ""core""]","[""shoulders""]","[""kettlebell""]",https://static.exercisedb.dev/media/5KLbZWx.gif,65.19,matched,"kettlebell alternating press [""delts""] [""triceps"", ""core""]"
leg,Seated Piriformis Stretch,data/Seated-Piriformis-Stretch.gif,17bqEXD,seated calf stretch (male),"[""calves""]","[""hamstrings""]","[""lower legs""]","[""body weight""]",https://static.exercisedb.dev/media/17bqEXD.gif,57.44,matched,"seated calf stretch (male) [""calves""] [""hamstrings""]"
leg,Barbell Pin Front Squat,data/Barbell-Pin-Front-Squat.gif,1gFNTZV,barbell jump squat,"[""glutes""]","[""quadriceps"", ""hamstrings"", ""calves""]","[""upper legs""]","[""barbell""]",https://static.exercisedb.dev/media/1gFNTZV.gif,67.1,matched,"barbell jump squat [""glutes""] [""quadriceps"", ""hamstrings"", ""calves""]"
leg,Heel Touch Side Kick Squat,data/Heel-Touch-Side-Kick-Squat.gif,75Bgtjy,potty squat,"[""abs""]","[""quadriceps"", ""glutes""]","[""waist""]","[""body weight""]",https://static.exercisedb.dev/media/75Bgtjy.gif,50.0,matched,"potty squat [""abs""] [""quadriceps"", ""glutes""]"
leg,Decline Bench Dumbbell Lunge,data/Decline-Bench-Dumbbell-Lunge.gif,1qrWgZ2,dumbbell decline hammer press,"[""pectorals""]","[""triceps"", ""shoulders""]","[""chest""]","[""dumbbell""]",https://static.exercisedb.dev/media/1qrWgZ2.gif,58.18,matched,"dumbbell decline hammer press [""pectorals""] [""triceps"", ""shoulders""]"
leg,Lateral Leg Swings,data/Lateral-Leg-Swings.gif,1jXLYEw,standing lateral stretch,"[""lats""]","[""shoulders"", ""obliques""]","[""back""]","[""body weight""]",https://static.exercisedb.dev/media/1jXLYEw.gif,49.52,matched,"standing lateral stretch [""lats""] [""shoulders"", ""obliques""]"
leg,Banded Walk,data/Banded-Walk.gif,a8VDgLw,stationary bike walk,"[""cardiovascular system""]","[""quadriceps"", ""hamstrings"", ""calves""]","[""cardio""]","[""leverage machine""]",https://static.exercisedb.dev/media/a8VDgLw.gif,42.67,matched,"stationary bike walk [""cardiovascular system""] [""quadriceps"", ""hamstrings"", ""calves""]"
leg,Resistance Band Lateral Walk,data/Resistance-Band-Lateral-Walk.gif,0xDpB4L,resistance band seated hip abduction,"[""abductors""]","[""glutes"", ""hamstrings""]","[""upper legs""]","[""resistance band""]",https://static.exercisedb.dev/media/0xDpB4L.gif,55.81,matched,"resistance band seated hip abduction [""abductors""] [""glutes"", ""hamstrings""]"
leg,Kneeling Jump Squat,data/Kneeling-Jump-Squat.gif,1gFNTZV,barbell jump squat,"[""glutes""]","[""quadriceps"", ""hamstrings"", ""calves""]","[""upper legs""]","[""barbell""]",https://static.exercisedb.dev/media/1gFNTZV.gif,57.14,matched,"barbell jump squat [""glutes""] [""quadriceps"", ""hamstrings"", ""calves""]"
leg,Banded Split Squat,data/Banded-Split-Squat.gif,9E25EOx,split squats,"[""quads""]","[""glutes"", ""hamstrings"", ""calves""]","[""upper legs""]","[""body weight""]",https://static.exercisedb.dev/media/9E25EOx.gif,58.67,matched,"split squats [""quads""] [""glutes"", ""hamstrings"", ""calves""]"
leg,Banded Kettlebell Goblet Squat,data/Banded-Kettlebell-Goblet-Squat.gif,5bpPTHv,kettlebell pistol squat,"[""glutes""]","[""quadriceps"", ""hamstrings"", ""calves""]","[""upper legs""]","[""kettlebell""]",https://static.exercisedb.dev/media/5bpPTHv.gif,65.64,matched,"kettlebell pistol squat [""glutes""] [""quadriceps"", ""hamstrings"", ""calves""]"
leg,Banded Lunge,data/Banded-Lunge.gif,13VW2VO,weighted stretch lunge,"[""glutes""]","[""quadriceps"", ""hamstrings"", ""calves""]","[""upper legs""]","[""weighted""]",https://static.exercisedb.dev/media/13VW2VO.gif,47.06,matched,"weighted stretch lunge [""glutes""] [""quadriceps"", ""hamstrings"", ""calves""]"
leg,Banded Leg Curl,data/Banded-Leg-Curl.gif,0rHfvy9,inverse leg curl (on pull-up cable machine),"[""hamstrings""]","[""glutes"", ""calves""]","[""upper legs""]","[""body weight""]",https://static.exercisedb.dev/media/0rHfvy9.gif,55.65,matched,"inverse leg curl (on pull-up cable machine) [""hamstrings""] [""glutes"", ""calves""]"
leg,Standing Single Leg Curl Machine,data/Standing-Single-Leg-Curl-Machine.gif,6MaEjVA,smith standing leg calf raise,"[""calves""]","[""hamstrings"", ""glutes""]","[""lower legs""]","[""smith machine""]",https://static.exercisedb.dev/media/6MaEjVA.gif,57.7,matched,"smith standing leg calf raise [""calves""] [""hamstrings"", ""glutes""]"
leg,Decline Dumbbell Leg Curl,data/Decline-Dumbbell-Leg-Curl.gif,ae9UoXQ,dumbbell incline curl,"[""biceps""]","[""forearms""]","[""upper arms""]","[""dumbbell""]",https://static.exercisedb.dev/media/ae9UoXQ.gif,66.09,matched,"dumbbell incline curl [""biceps""] [""forearms""]"
leg,Kettlebell Front Squat,data/Kettlebell-Front-Squat.gif,5bpPTHv,kettlebell pistol squat,"[""glutes""]","[""quadriceps"", ""hamstrings"", ""calves""]","[""upper legs""]","[""kettlebell""]",https://static.exercisedb.dev/media/5bpPTHv.gif,67.37,matched,"kettlebell pistol squat [""glutes""] [""quadriceps"", ""hamstrings"", ""calves""]"
leg,Single Knee To Chest,data/Single-Knee-To-Chest.gif,9WTm7dq,chest dip,"[""pectorals""]","[""triceps"", ""shoulders""]","[""chest""]","[""body weight""]",https://static.exercisedb.dev/media/9WTm7dq.gif,57.14,matched,"chest dip [""pectorals""] [""triceps"", ""shoulders""]"
leg,Pistol Squat to Box,data/Pistol-Squat-to-Box.gif,5bpPTHv,kettlebell pistol squat,"[""glutes""]","[""quadriceps"", ""hamstrings"", ""calves""]","[""upper legs""]","[""kettlebell""]",https://static.exercisedb.dev/media/5bpPTHv.gif,61.94,matched,"kettlebell pistol squat [""glutes""] [""quadriceps"", ""hamstrings"", ""calves""]"
leg,Landmine Deadlift,data/Landmine-Deadlift.gif,2DxtqHL,barbell one arm side deadlift,"[""glutes""]","[""hamstrings"", ""quadriceps"", ""lower back""]","[""upper legs""]","[""barbell""]",https://static.exercisedb.dev/media/2DxtqHL.gif,51.2,matched,"barbell one arm side deadlift [""glutes""] [""hamstrings"", ""quadriceps"", ""lower back""]"
leg,Landmine Squat,data/Landmine-Squat.gif,9n2149Z,sled lying squat,"[""glutes""]","[""quadriceps"", ""hamstrings"", ""calves""]","[""upper legs""]","[""sled machine""]",https://static.exercisedb.dev/media/9n2149Z.gif,53.33,matched,"sled lying squat [""glutes""] [""quadriceps"", ""hamstrings"", ""calves""]"
leg,Sissy Squat,data/Sissy-Squat.gif,0lQnxMZ,weighted sissy squat,"[""quads""]","[""glutes"", ""hamstrings"", ""calves""]","[""upper legs""]","[""weighted""]",https://static.exercisedb.dev/media/0lQnxMZ.gif,80.0,matched,"weighted sissy squat [""quads""] [""glutes"", ""hamstrings"", ""calves""]"
leg,Rack Pull,data/Rack-Pull.gif,0rHfvy9,inverse leg curl (on pull-up cable machine),"[""hamstrings""]","[""glutes"", ""calves""]","[""upper legs""]","[""body weight""]",https://static.exercisedb.dev/media/0rHfvy9.gif,49.23,matched,"inverse leg curl (on pull-up cable machine) [""hamstrings""] [""glutes"", ""calves""]"
leg,Standing Knee Hugs,data/Standing-Knee-Hugs.gif,0IgNjSM,dumbbell standing reverse curl,"[""biceps""]","[""forearms""]","[""upper arms""]","[""dumbbell""]",https://static.exercisedb.dev/media/0IgNjSM.gif,49.23,matched,"dumbbell standing reverse curl [""biceps""] [""forearms""]"
leg,Step Up with Knee Raises,data/Step-Up-with-Knee-Raises.gif,5MRH8H2,ski step,"[""cardiovascular system""]","[""quadriceps"", ""hamstrings"", ""glutes"", ""calves""]","[""cardio""]","[""body weight""]",https://static.exercisedb.dev/media/5MRH8H2.gif,53.33,matched,"ski step [""cardiovascular system""] [""quadriceps"", ""hamstrings"", ""glutes"", ""calves""]"
leg,Snap Jumps,data/Snap-Jumps.gif,7xeukSt,scapula dips,"[""traps""]","[""rhomboids"", ""deltoids""]","[""back""]","[""body weight""]",https://static.exercisedb.dev/media/7xeukSt.gif,43.64,matched,"scapula dips [""traps""] [""rhomboids"", ""deltoids""]"
leg,Piriformis Stretch,data/Piriformis-Stretch.gif,0mB6wHO,runners stretch,"[""hamstrings""]","[""calves"", ""quadriceps""]","[""upper legs""]","[""body weight""]",https://static.exercisedb.dev/media/0mB6wHO.gif,53.33,matched,"runners stretch [""hamstrings""] [""calves"", ""quadriceps""]"
leg,Half Kneeling Hip Flexor Stretch,data/Half-Kneeling-Hip-Flexor-Stretch.gif,2LQkNPW,exercise ball hip flexor stretch,"[""glutes""]","[""quadriceps"", ""hamstrings""]","[""upper legs""]","[""stability ball""]",https://static.exercisedb.dev/media/2LQkNPW.gif,62.5,matched,"exercise ball hip flexor stretch [""glutes""] [""quadriceps"", ""hamstrings""]"
leg,High Knee Run,data/High-Knee-Run.gif,196HJGw,hip raise (bent knee),"[""abs""]","[""glutes"", ""hamstrings""]","[""waist""]","[""body weight""]",https://static.exercisedb.dev/media/196HJGw.gif,42.35,matched,"hip raise (bent knee) [""abs""] [""glutes"", ""hamstrings""]"
leg,High Knee Skips,data/High-Knee-Skips.gif,196HJGw,hip raise (bent knee),"[""abs""]","[""glutes"", ""hamstrings""]","[""waist""]","[""body weight""]",https://static.exercisedb.dev/media/196HJGw.gif,44.44,matched,"hip raise (bent knee) [""abs""] [""glutes"", ""hamstrings""]"
leg,Inner Thigh Side Stretch,data/Inner-Thigh-Side-Stretch.gif,0mB6wHO,runners stretch,"[""hamstrings""]","[""calves"", ""quadriceps""]","[""upper legs""]","[""body weight""]",https://static.exercisedb.dev/media/0mB6wHO.gif,53.33,matched,"runners stretch [""hamstrings""] [""calves"", ""quadriceps""]"
leg,Skater,data/Skater.gif,5MRH8H2,ski step,"[""cardiovascular system""]","[""quadriceps"", ""hamstrings"", ""glutes"", ""calves""]","[""cardio""]","[""body weight""]",https://static.exercisedb.dev/media/5MRH8H2.gif,45.71,matched,"ski step [""cardiovascular system""] [""quadriceps"", ""hamstrings"", ""glutes"", ""calves""]"
leg,Butterfly Stretch,data/Butterfly-Stretch.gif,0mB6wHO,runners stretch,"[""hamstrings""]","[""calves"", ""quadriceps""]","[""upper legs""]","[""body weight""]",https://static.exercisedb.dev/media/0mB6wHO.gif,55.0,matched,"runners stretch [""hamstrings""] [""calves"", ""quadriceps""]"
leg,Dumbbell Forward Leaning Lunge,data/Dumbbell-Forward-Leaning-Lunge.gif,7Hg55JG,dumbbell clean,"[""glutes""]","[""hamstrings"", ""quadriceps"", ""calves""]","[""upper legs""]","[""dumbbell""]",https://static.exercisedb.dev/media/7Hg55JG.gif,58.18,matched,"dumbbell clean [""glutes""] [""hamstrings"", ""quadriceps"", ""calves""]"
leg,Dumbbell Reverse Lunge,data/Dumbbell-Reverse-Lunge.gif,0IgNjSM,dumbbell standing reverse curl,"[""biceps""]","[""forearms""]","[""upper arms""]","[""dumbbell""]",https://static.exercisedb.dev/media/0IgNjSM.gif,67.37,matched,"dumbbell standing reverse curl [""biceps""] [""forearms""]"
leg,Dumbbell Pistol Squat,data/Dumbbell-Pistol-Squat.gif,5bpPTHv,kettlebell pistol squat,"[""glutes""]","[""quadriceps"", ""hamstrings"", ""calves""]","[""upper legs""]","[""kettlebell""]",https://static.exercisedb.dev/media/5bpPTHv.gif,61.82,matched,"kettlebell pistol squat [""glutes""] [""quadriceps"", ""hamstrings"", ""calves""]"
leg,Bodyweight Bulgarian Split Squat,data/Bodyweight-Bulgarian-Split-Squat.gif,3xK09Sk,bodyweight squatting row,"[""upper back""]","[""biceps"", ""shoulders""]","[""back""]","[""body weight""]",https://static.exercisedb.dev/media/3xK09Sk.gif,51.43,matched,"bodyweight squatting row [""upper back""] [""biceps"", ""shoulders""]"
leg,Dumbbell Sumo Squat,data/Dumbbell-Sumo-Squat.gif,1gFNTZV,barbell jump squat,"[""glutes""]","[""quadriceps"", ""hamstrings"", ""calves""]","[""upper legs""]","[""barbell""]",https://static.exercisedb.dev/media/1gFNTZV.gif,60.54,matched,"barbell jump squat [""glutes""] [""quadriceps"", ""hamstrings"", ""calves""]"
leg,Hip Adduction Machine,data/Hip-Adduction-Machine.gif,7WaDzyL,side hip abduction,"[""abductors""]","[""glutes"", ""quadriceps""]","[""upper legs""]","[""body weight""]",https://static.exercisedb.dev/media/7WaDzyL.gif,61.54,matched,"side hip abduction [""abductors""] [""glutes"", ""quadriceps""]"
leg,Hip Abduction Machine,data/Hip-Abduction-Machine.gif,7WaDzyL,side hip abduction,"[""abductors""]","[""glutes"", ""quadriceps""]","[""upper legs""]","[""body weight""]",https://static.exercisedb.dev/media/7WaDzyL.gif,67.1,matched,"side hip abduction [""abductors""] [""glutes"", ""quadriceps""]"
leg,Seated Banded Leg Extension,data/Seated-Banded-Leg-Extension.gif,4CBIBOM,barbell seated close grip behind neck triceps extension,"[""triceps""]","[""shoulders""]","[""upper arms""]","[""barbell""]",https://static.exercisedb.dev/media/4CBIBOM.gif,59.53,matched,"barbell seated close grip behind neck triceps extension [""triceps""] [""shoulders""]"
leg,Zercher Deadlift,data/Zercher-Deadlift.gif,2DxtqHL,barbell one arm side deadlift,"[""glutes""]","[""hamstrings"", ""quadriceps"", ""lower back""]","[""upper legs""]","[""barbell""]",https://static.exercisedb.dev/media/2DxtqHL.gif,53.33,matched,"barbell one arm side deadlift [""glutes""] [""hamstrings"", ""quadriceps"", ""lower back""]"
leg,Supported Pistol Squat,data/Supported-Pistol-Squat.gif,5bpPTHv,kettlebell pistol squat,"[""glutes""]","[""quadriceps"", ""hamstrings"", ""calves""]","[""upper legs""]","[""kettlebell""]",https://static.exercisedb.dev/media/5bpPTHv.gif,56.47,matched,"kettlebell pistol squat [""glutes""] [""quadriceps"", ""hamstrings"", ""calves""]"
leg,Barbell Thruster,data/Barbell-Thruster.gif,4Leypho,barbell skier,"[""delts""]","[""triceps"", ""core""]","[""shoulders""]","[""barbell""]",https://static.exercisedb.dev/media/4Leypho.gif,60.69,matched,"barbell skier [""delts""] [""triceps"", ""core""]"
leg,Dumbbell Pull Through,data/Dumbbell-Pull-Through.gif,9XjtHvS,dumbbell pullover,"[""pectorals""]","[""latissimus dorsi"", ""triceps""]","[""chest""]","[""dumbbell""]",https://static.exercisedb.dev/media/9XjtHvS.gif,58.95,matched,"dumbbell pullover [""pectorals""] [""latissimus dorsi"", ""triceps""]"
leg,Jefferson Squat,data/Jefferson-Squat.gif,75Bgtjy,potty squat,"[""abs""]","[""quadriceps"", ""glutes""]","[""waist""]","[""body weight""]",https://static.exercisedb.dev/media/75Bgtjy.gif,50.0,matched,"potty squat [""abs""] [""quadriceps"", ""glutes""]"
leg,Glute Ham Raise,data/Glute-Ham-Raise.gif,2ORFMoR,hack calf raise,"[""calves""]","[""hamstrings"", ""glutes""]","[""lower legs""]","[""sled machine""]",https://static.exercisedb.dev/media/2ORFMoR.gif,53.33,matched,"hack calf raise [""calves""] [""hamstrings"", ""glutes""]"
leg,TRX Pistol Squat,data/TRX-Pistol-Squat.gif,5bpPTHv,kettlebell pistol squat,"[""glutes""]","[""quadriceps"", ""hamstrings"", ""calves""]","[""upper legs""]","[""kettlebell""]",https://static.exercisedb.dev/media/5bpPTHv.gif,68.57,matched,"kettlebell pistol squat [""glutes""] [""quadriceps"", ""hamstrings"", ""calves""]"
leg,Sitting Wide Leg Adductor Stretch,data/Sitting-Wide-Leg-Adductor-Stretch.gif,0mB6wHO,runners stretch,"[""hamstrings""]","[""calves"", ""quadriceps""]","[""upper legs""]","[""body weight""]",https://static.exercisedb.dev/media/0mB6wHO.gif,50.91,matched,"runners stretch [""hamstrings""] [""calves"", ""quadriceps""]"
leg,Standing Wide Knees Adductor Stretch,data/Standing-Wide-Knees-Adductor-Stretch.gif,1jXLYEw,standing lateral stretch,"[""lats""]","[""shoulders"", ""obliques""]","[""back""]","[""body weight""]",https://static.exercisedb.dev/media/1jXLYEw.gif,64.0,matched,"standing lateral stretch [""lats""] [""shoulders"", ""obliques""]"
leg,Standing Wide Leg Adductor Stretch,data/Standing-Wide-Leg-Adductor-Stretch.gif,1jXLYEw,standing lateral stretch,"[""lats""]","[""shoulders"", ""obliques""]","[""back""]","[""body weight""]",https://static.exercisedb.dev/media/1jXLYEw.gif,64.0,matched,"standing lateral stretch [""lats""] [""shoulders"", ""obliques""]"
leg,Knee Circles,data/Knee-Circles.gif,2zNKRUB,wrist circles,"[""forearms""]","[""hands"", ""wrists""]","[""lower arms""]","[""body weight""]",https://static.exercisedb.dev/media/2zNKRUB.gif,58.95,matched,"wrist circles [""forearms""] [""hands"", ""wrists""]"
leg,Resistance Band Overhead Squat,data/Resistance-Band-Overhead-Squat.gif,4x5Okof,resistance band seated chest press,"[""pectorals""]","[""shoulders"", ""triceps""]","[""chest""]","[""resistance band""]",https://static.exercisedb.dev/media/4x5Okof.gif,57.5,matched,"resistance band seated chest press [""pectorals""] [""shoulders"", ""triceps""]"
leg,Hell Slide,data/Hell-Slide.gif,4Leypho,barbell skier,"[""delts""]","[""triceps"", ""core""]","[""shoulders""]","[""barbell""]",https://static.exercisedb.dev/media/4Leypho.gif,48.7,matched,"barbell skier [""delts""] [""triceps"", ""core""]"
leg,Wall Ball,data/Wall-Ball.gif,1IG6gVF,prone twist on stability ball,"[""abs""]","[""obliques"", ""lower back""]","[""waist""]","[""stability ball""]",https://static.exercisedb.dev/media/1IG6gVF.gif,49.23,matched,"prone twist on stability ball [""abs""] [""obliques"", ""lower back""]"
leg,Kneeling Leg Out Adductor Stretch,data/Kneeling-Leg-Out-Adductor-Stretch.gif,0mB6wHO,runners stretch,"[""hamstrings""]","[""calves"", ""quadriceps""]","[""upper legs""]","[""body weight""]",https://static.exercisedb.dev/media/0mB6wHO.gif,50.91,matched,"runners stretch [""hamstrings""] [""calves"", ""quadriceps""]"
leg,Half Frog Pose,data/Half-Frog-Pose.gif,2ORFMoR,hack calf raise,"[""calves""]","[""hamstrings"", ""glutes""]","[""lower legs""]","[""sled machine""]",https://static.exercisedb.dev/media/2ORFMoR.gif,38.62,matched,"hack calf raise [""calves""] [""hamstrings"", ""glutes""]"
leg,Happy Baby Pose,data/Happy-Baby-Pose.gif,5VCj6iH,barbell hack squat,"[""glutes""]","[""quadriceps"", ""hamstrings"", ""calves""]","[""upper legs""]","[""barbell""]",https://static.exercisedb.dev/media/5VCj6iH.gif,38.79,matched,"barbell hack squat [""glutes""] [""quadriceps"", ""hamstrings"", ""calves""]"
leg,Kettlebell Figure 8,data/Kettlebell-Figure-8.gif,4KJEpzb,kettlebell bottoms up clean from the hang position,"[""biceps""]","[""forearms"", ""shoulders""]","[""upper arms""]","[""kettlebell""]",https://static.exercisedb.dev/media/4KJEpzb.gif,55.17,matched,"kettlebell bottoms up clean from the hang position [""biceps""] [""forearms"", ""shoulders""]"
leg,Barbell Single Leg Deadlift,data/Barbell-Single-Leg-Deadlift.gif,2DxtqHL,barbell one arm side deadlift,"[""glutes""]","[""hamstrings"", ""quadriceps"", ""lower back""]","[""upper legs""]","[""barbell""]",https://static.exercisedb.dev/media/2DxtqHL.gif,62.86,matched,"barbell one arm side deadlift [""glutes""] [""hamstrings"", ""quadriceps"", ""lower back""]"
leg,Dumbbell Single Leg Deadlift,data/Dumbbell-Single-Leg-Deadlift.gif,5eLRITT,dumbbell stiff leg deadlift,"[""glutes""]","[""hamstrings"", ""lower back""]","[""upper legs""]","[""dumbbell""]",https://static.exercisedb.dev/media/5eLRITT.gif,70.0,matched,"dumbbell stiff leg deadlift [""glutes""] [""hamstrings"", ""lower back""]"
leg,Seated Leg Extension with Resistance Band,data/Seated-Leg-Extension-with-Resistance-Band.gif,4x5Okof,resistance band seated chest press,"[""pectorals""]","[""shoulders"", ""triceps""]","[""chest""]","[""resistance band""]",https://static.exercisedb.dev/media/4x5Okof.gif,62.86,matched,"resistance band seated chest press [""pectorals""] [""shoulders"", ""triceps""]"
leg,Good Morning With Resistance Band,data/Good-Morning-With-Resistance-Band.gif,1bQkKZK,smith bent knee good morning,"[""glutes""]","[""hamstrings"", ""lower back""]","[""upper legs""]","[""smith machine""]",https://static.exercisedb.dev/media/1bQkKZK.gif,57.7,matched,"smith bent knee good morning [""glutes""] [""hamstrings"", ""lower back""]"
leg,Dumbbell Bench Squat,data/Dumbbell-Bench-Squat.gif,3d7wHyd,dumbbell bench seated press,"[""delts""]","[""triceps"", ""chest""]","[""shoulders""]","[""dumbbell""]",https://static.exercisedb.dev/media/3d7wHyd.gif,65.88,matched,"dumbbell bench seated press [""delts""] [""triceps"", ""chest""]"
leg,Pendulum Squat,data/Pendulum-Squat.gif,1gFNTZV,barbell jump squat,"[""glutes""]","[""quadriceps"", ""hamstrings"", ""calves""]","[""upper legs""]","[""barbell""]",https://static.exercisedb.dev/media/1gFNTZV.gif,50.0,matched,"barbell jump squat [""glutes""] [""quadriceps"", ""hamstrings"", ""calves""]"
leg,Dumbbell Iron Cross,data/Dumbbell-Iron-Cross.gif,1RIkUHT,dumbbell iron cross - improved variation,"[""delts""]","[""triceps"", ""chest""]","[""shoulders""]","[""dumbbell""]",https://static.exercisedb.dev/media/1RIkUHT.gif,80.0,matched,"dumbbell iron cross - improved variation [""delts""] [""triceps"", ""chest""]"
leg,Box Pistol Squat,data/Box-Pistol-Squat.gif,5bpPTHv,kettlebell pistol squat,"[""glutes""]","[""quadriceps"", ""hamstrings"", ""calves""]","[""upper legs""]","[""kettlebell""]",https://static.exercisedb.dev/media/5bpPTHv.gif,68.57,matched,"kettlebell pistol squat [""glutes""] [""quadriceps"", ""hamstrings"", ""calves""]"
leg,Sitting Rotation Hip Stretch,data/Sitting-Rotation-Hip-Stretch.gif,0L2KwtI,roller hip lat stretch,"[""glutes""]","[""hamstrings"", ""quadriceps""]","[""upper legs""]","[""roller""]",https://static.exercisedb.dev/media/0L2KwtI.gif,53.33,matched,"roller hip lat stretch [""glutes""] [""hamstrings"", ""quadriceps""]"
leg,Supported One Leg Standing Hip Flexor And Knee Extensor Stretch,data/Supported-One-Leg-Standing-Hip-Flexor-And-Knee-Extensor-Stretch.gif,1jXLYEw,standing lateral stretch,"[""lats""]","[""shoulders"", ""obliques""]","[""back""]","[""body weight""]",https://static.exercisedb.dev/media/1jXLYEw.gif,64.0,matched,"standing lateral stretch [""lats""] [""shoulders"", ""obliques""]"
leg,Squat mobility Complex,data/Squat-mobility-Complex.gif,75Bgtjy,potty squat,"[""abs""]","[""quadriceps"", ""glutes""]","[""waist""]","[""body weight""]",https://static.exercisedb.dev/media/75Bgtjy.gif,50.0,matched,"potty squat [""abs""] [""quadriceps"", ""glutes""]"
leg,Standing Straight Leg Raise With Resistance Band,data/Standing-Straight-Leg-Raise-With-Resistance-Band.gif,4Ml7QFO,hanging straight leg raise,"[""abs""]","[""hip flexors""]","[""waist""]","[""body weight""]",https://static.exercisedb.dev/media/4Ml7QFO.gif,65.45,matched,"hanging straight leg raise [""abs""] [""hip flexors""]"
leg,Standing Leg Raise With Resistance Band,data/Standing-Leg-Raise-With-Resistance-Band.gif,6MaEjVA,smith standing leg calf raise,"[""calves""]","[""hamstrings"", ""glutes""]","[""lower legs""]","[""smith machine""]",https://static.exercisedb.dev/media/6MaEjVA.gif,61.28,matched,"smith standing leg calf raise [""calves""] [""hamstrings"", ""glutes""]"
leg,Standing Leg Extension With Resistance Band,data/Standing-Leg-Extension-With-Resistance-Band.gif,7R4NIjL,assisted standing triceps extension (with towel) with horizontal,"[""triceps""]","[""shoulders""]","[""upper arms""]","[""assisted""]",https://static.exercisedb.dev/media/7R4NIjL.gif,55.76,matched,"assisted standing triceps extension (with towel) with horizontal [""triceps""] [""shoulders""]"
leg,Standing Leg Curl With Resistance Band,data/Standing-Leg-Curl-With-Resistance-Band.gif,AdxxqfF,barbell standing reverse grip curl resistance,"[""biceps""]","[""forearms""]","[""upper arms""]","[""barbell""]",https://static.exercisedb.dev/media/AdxxqfF.gif,61.94,matched,"barbell standing reverse grip curl resistance [""biceps""] [""forearms""]"
leg,Split Squat | Gymstick,data/Split-Squat-|-Gymstick.gif,9E25EOx,split squats,"[""quads""]","[""glutes"", ""hamstrings"", ""calves""]","[""upper legs""]","[""body weight""]",https://static.exercisedb.dev/media/9E25EOx.gif,51.76,matched,"split squats [""quads""] [""glutes"", ""hamstrings"", ""calves""]"
leg,Squat | Gymstick,data/Squat-|-Gymstick.gif,75Bgtjy,potty squat,"[""abs""]","[""quadriceps"", ""glutes""]","[""waist""]","[""body weight""]",https://static.exercisedb.dev/media/75Bgtjy.gif,50.0,matched,"potty squat [""abs""] [""quadriceps"", ""glutes""]"
leg,Banded Lying Leg Curl,data/Banded-Lying-Leg-Curl.gif,17lJ1kr,lever lying leg curl,"[""hamstrings""]","[""calves""]","[""upper legs""]","[""leverage machine""]",https://static.exercisedb.dev/media/17lJ1kr.gif,65.88,matched,"lever lying leg curl [""hamstrings""] [""calves""]"
leg,Lying Alternate Leg Press | Gymstick,data/Lying-Alternate-Leg-Press-|-Gymstick.gif,7zdxRTl,smith leg press,"[""glutes""]","[""quadriceps"", ""hamstrings"", ""calves""]","[""upper legs""]","[""smith machine""]",https://static.exercisedb.dev/media/7zdxRTl.gif,60.0,matched,"smith leg press [""glutes""] [""quadriceps"", ""hamstrings"", ""calves""]"
leg,Pin Squat,data/Pin-Squat.gif,9E25EOx,split squats,"[""quads""]","[""glutes"", ""hamstrings"", ""calves""]","[""upper legs""]","[""body weight""]",https://static.exercisedb.dev/media/9E25EOx.gif,60.95,matched,"split squats [""quads""] [""glutes"", ""hamstrings"", ""calves""]"
leg,The Box Jump,data/The-Box-Jump.gif,1gFNTZV,barbell jump squat,"[""glutes""]","[""quadriceps"", ""hamstrings"", ""calves""]","[""upper legs""]","[""barbell""]",https://static.exercisedb.dev/media/1gFNTZV.gif,42.67,matched,"barbell jump squat [""glutes""] [""quadriceps"", ""hamstrings"", ""calves""]"
cardio,5 Dot Drills,data/5-Dot-Drills.gif,3eGE2JC,dumbbell front raise,"[""delts""]","[""biceps"", ""trapezius""]","[""shoulders""]","[""dumbbell""]",https://static.exercisedb.dev/media/3eGE2JC.gif,35.0,matched,"dumbbell front raise [""delts""] [""biceps"", ""trapezius""]"
cardio,Navy Seal Burpee,data/Navy-Seal-Burpee.gif,0JtKWum,dumbbell burpee,"[""cardiovascular system""]","[""quadriceps"", ""hamstrings"", ""calves"", ""shoulders"", ""triceps"", ""core""]","[""cardio""]","[""dumbbell""]",https://static.exercisedb.dev/media/0JtKWum.gif,46.45,matched,"dumbbell burpee [""cardiovascular system""] [""quadriceps"", ""hamstrings"", ""calves"", ""shoulders"", ""triceps"", ""core""]"
cardio,Depth Jump to Hurdle Hop,data/Depth-Jump-to-Hurdle-Hop.gif,903mzG8,smith shoulder press,"[""delts""]","[""triceps"", ""upper back""]","[""shoulders""]","[""smith machine""]",https://static.exercisedb.dev/media/903mzG8.gif,36.36,matched,"smith shoulder press [""delts""] [""triceps"", ""upper back""]"
cardio,Power Lunge,data/Power-Lunge.gif,13VW2VO,weighted stretch lunge,"[""glutes""]","[""quadriceps"", ""hamstrings"", ""calves""]","[""upper legs""]","[""weighted""]",https://static.exercisedb.dev/media/13VW2VO.gif,50.0,matched,"weighted stretch lunge [""glutes""] [""quadriceps"", ""hamstrings"", ""calves""]"
cardio,Shadow Boxing,data/Shadow-Boxing.gif,3ZflifB,cable pushdown,"[""triceps""]","[""forearms""]","[""upper arms""]","[""cable""]",https://static.exercisedb.dev/media/3ZflifB.gif,41.48,matched,"cable pushdown [""triceps""] [""forearms""]"
cardio,Riding Outdoor Bicycle,data/Riding-Outdoor-Bicycle.gif,61GrD55,cable lying close-grip curl,"[""biceps""]","[""forearms""]","[""upper arms""]","[""cable""]",https://static.exercisedb.dev/media/61GrD55.gif,42.45,matched,"cable lying close-grip curl [""biceps""] [""forearms""]"
cardio,Walking,data/Walking.gif,4Leypho,barbell skier,"[""delts""]","[""triceps"", ""core""]","[""shoulders""]","[""barbell""]",https://static.exercisedb.dev/media/4Leypho.gif,32.0,matched,"barbell skier [""delts""] [""triceps"", ""core""]"
cardio,Briskly Walking,data/Briskly-Walking.gif,a8VDgLw,stationary bike walk,"[""cardiovascular system""]","[""quadriceps"", ""hamstrings"", ""calves""]","[""cardio""]","[""leverage machine""]",https://static.exercisedb.dev/media/a8VDgLw.gif,41.14,matched,"stationary bike walk [""cardiovascular system""] [""quadriceps"", ""hamstrings"", ""calves""]"
cardio,Running,data/Running.gif,9Ap7miY,decline crunch,"[""abs""]","[""hip flexors""]","[""waist""]","[""body weight""]",https://static.exercisedb.dev/media/9Ap7miY.gif,38.1,matched,"decline crunch [""abs""] [""hip flexors""]"
cardio,Sprint,data/Sprint.gif,2jl9K55,spine twist,"[""abs""]","[""obliques"", ""lower back""]","[""waist""]","[""body weight""]",https://static.exercisedb.dev/media/2jl9K55.gif,47.06,matched,"spine twist [""abs""] [""obliques"", ""lower back""]"
cardio,Walk Wave Machine,data/Walk-Wave-Machine.gif,7WcQgkm,smith machine incline tricep extension - straight variation,"[""triceps""]","[""shoulders""]","[""upper arms""]","[""smith machine""]",https://static.exercisedb.dev/media/7WcQgkm.gif,46.67,matched,"smith machine incline tricep extension - straight variation [""triceps""] [""shoulders""]"
cardio,Jump Rope,data/Jump-Rope.gif,1g5bPpA,jack jump (male),"[""cardiovascular system""]","[""quadriceps"", ""calves""]","[""cardio""]","[""body weight""]",https://static.exercisedb.dev/media/1g5bPpA.gif,49.23,matched,"jack jump (male) [""cardiovascular system""] [""quadriceps"", ""calves""]"
cardio,Bike,data/Bike.gif,1ZFqTDN,air bike,"[""abs""]","[""hip flexors""]","[""waist""]","[""body weight""]",https://static.exercisedb.dev/media/1ZFqTDN.gif,80.0,matched,"air bike [""abs""] [""hip flexors""]"
cardio,Treadmill,data/Treadmill.gif,7Hg55JG,dumbbell clean,"[""glutes""]","[""hamstrings"", ""quadriceps"", ""calves""]","[""upper legs""]","[""dumbbell""]",https://static.exercisedb.dev/media/7Hg55JG.gif,41.74,matched,"dumbbell clean [""glutes""] [""hamstrings"", ""quadriceps"", ""calves""]"
cardio,Incline Treadmill,data/Incline-Treadmill.gif,ae9UoXQ,dumbbell incline curl,"[""biceps""]","[""forearms""]","[""upper arms""]","[""dumbbell""]",https://static.exercisedb.dev/media/ae9UoXQ.gif,54.74,matched,"dumbbell incline curl [""biceps""] [""forearms""]"
cardio,Rowing Machine,data/Rowing-Machine.gif,7WcQgkm,smith machine incline tricep extension - straight variation,"[""triceps""]","[""shoulders""]","[""upper arms""]","[""smith machine""]",https://static.exercisedb.dev/media/7WcQgkm.gif,53.33,matched,"smith machine incline tricep extension - straight variation [""triceps""] [""shoulders""]"
cardio,Manual Treadmill,data/Manual-Treadmill.gif,0V2YQjW,pull up (neutral grip),"[""lats""]","[""biceps"", ""forearms""]","[""back""]","[""body weight""]",https://static.exercisedb.dev/media/0V2YQjW.gif,37.89,matched,"pull up (neutral grip) [""lats""] [""biceps"", ""forearms""]"
cardio,Elliptical Machine,data/Elliptical-Machine.gif,7WcQgkm,smith machine incline tricep extension - straight variation,"[""triceps""]","[""shoulders""]","[""upper arms""]","[""smith machine""]",https://static.exercisedb.dev/media/7WcQgkm.gif,44.8,matched,"smith machine incline tricep extension - straight variation [""triceps""] [""shoulders""]"
cardio,Stair Climber Machine,data/Stair-Climber-Machine.gif,9c6T1YX,bridge - mountain climber (cross body),"[""abs""]","[""glutes"", ""quadriceps"", ""hamstrings"", ""shoulders"", ""triceps""]","[""waist""]","[""body weight""]",https://static.exercisedb.dev/media/9c6T1YX.gif,42.11,matched,"bridge - mountain climber (cross body) [""abs""] [""glutes"", ""quadriceps"", ""hamstrings"", ""shoulders"", ""triceps""]"
cardio,Elbow To Knee Twists,data/Elbow-To-Knee-Twists.gif,6sYyrRX,bent knee lying twist (male),"[""glutes""]","[""obliques"", ""hip flexors""]","[""upper legs""]","[""body weight""]",https://static.exercisedb.dev/media/6sYyrRX.gif,46.67,matched,"bent knee lying twist (male) [""glutes""] [""obliques"", ""hip flexors""]"
cardio,Push-up Toe Touch,data/Push-up-Toe-Touch.gif,A9qxk2F,archer push up,"[""pectorals""]","[""triceps"", ""shoulders"", ""core""]","[""chest""]","[""body weight""]",https://static.exercisedb.dev/media/A9qxk2F.gif,53.33,matched,"archer push up [""pectorals""] [""triceps"", ""shoulders"", ""core""]"
cardio,Mountain Climber,data/Mountain-Climber.gif,9c6T1YX,bridge - mountain climber (cross body),"[""abs""]","[""glutes"", ""quadriceps"", ""hamstrings"", ""shoulders"", ""triceps""]","[""waist""]","[""body weight""]",https://static.exercisedb.dev/media/9c6T1YX.gif,80.0,matched,"bridge - mountain climber (cross body) [""abs""] [""glutes"", ""quadriceps"", ""hamstrings"", ""shoulders"", ""triceps""]"
cardio,Bicycle Crunch,data/Bicycle-Crunch.gif,9Ap7miY,decline crunch,"[""abs""]","[""hip flexors""]","[""waist""]","[""body weight""]",https://static.exercisedb.dev/media/9Ap7miY.gif,57.14,matched,"decline crunch [""abs""] [""hip flexors""]"
cardio,T-Cross Sit-up,data/T-Cross-Sit-up.gif,2gPfomN,3/4 sit-up,"[""abs""]","[""hip flexors"", ""lower back""]","[""waist""]","[""body weight""]",https://static.exercisedb.dev/media/2gPfomN.gif,60.0,matched,"3/4 sit-up [""abs""] [""hip flexors"", ""lower back""]"
cardio,Power Skips,data/Power-Skips.gif,11wrviz,isometric wipers,"[""pectorals""]","[""shoulders"", ""triceps"", ""core""]","[""chest""]","[""body weight""]",https://static.exercisedb.dev/media/11wrviz.gif,41.48,matched,"isometric wipers [""pectorals""] [""shoulders"", ""triceps"", ""core""]"
cardio,Plyo Jacks,data/Plyo-Jacks.gif,1g5bPpA,jack jump (male),"[""cardiovascular system""]","[""quadriceps"", ""calves""]","[""cardio""]","[""body weight""]",https://static.exercisedb.dev/media/1g5bPpA.gif,36.92,matched,"jack jump (male) [""cardiovascular system""] [""quadriceps"", ""calves""]"
cardio,Split Jacks,data/Split-Jacks.gif,9E25EOx,split squats,"[""quads""]","[""glutes"", ""hamstrings"", ""calves""]","[""upper legs""]","[""body weight""]",https://static.exercisedb.dev/media/9E25EOx.gif,55.65,matched,"split squats [""quads""] [""glutes"", ""hamstrings"", ""calves""]"
cardio,Butt Kicks,data/Butt-Kicks.gif,7WaDzyL,side hip abduction,"[""abductors""]","[""glutes"", ""quadriceps""]","[""upper legs""]","[""body weight""]",https://static.exercisedb.dev/media/7WaDzyL.gif,34.29,matched,"side hip abduction [""abductors""] [""glutes"", ""quadriceps""]"
cardio,Fast Feet Run,data/Fast-Feet-Run.gif,7F1DVzn,lever front pulldown,"[""lats""]","[""biceps"", ""rhomboids"", ""rear deltoids""]","[""back""]","[""leverage machine""]",https://static.exercisedb.dev/media/7F1DVzn.gif,38.79,matched,"lever front pulldown [""lats""] [""biceps"", ""rhomboids"", ""rear deltoids""]"
cardio,Wheel Run,data/Wheel-Run.gif,9Ap7miY,decline crunch,"[""abs""]","[""hip flexors""]","[""waist""]","[""body weight""]",https://static.exercisedb.dev/media/9Ap7miY.gif,41.74,matched,"decline crunch [""abs""] [""hip flexors""]"
cardio,Zig Zag Hops Plyometric,data/Zig-Zag-Hops-Plyometric.gif,11wrviz,isometric wipers,"[""pectorals""]","[""shoulders"", ""triceps"", ""core""]","[""chest""]","[""body weight""]",https://static.exercisedb.dev/media/11wrviz.gif,41.03,matched,"isometric wipers [""pectorals""] [""shoulders"", ""triceps"", ""core""]"
cardio,Bodyweight Squat,data/Bodyweight-Squat.gif,3xK09Sk,bodyweight squatting row,"[""upper back""]","[""biceps"", ""shoulders""]","[""back""]","[""body weight""]",https://static.exercisedb.dev/media/3xK09Sk.gif,64.0,matched,"bodyweight squatting row [""upper back""] [""biceps"", ""shoulders""]"
cardio,Lateral Speed Step,data/Lateral-Speed-Step.gif,1jXLYEw,standing lateral stretch,"[""lats""]","[""shoulders"", ""obliques""]","[""back""]","[""body weight""]",https://static.exercisedb.dev/media/1jXLYEw.gif,53.33,matched,"standing lateral stretch [""lats""] [""shoulders"", ""obliques""]"
cardio,Curtsy Squat,data/Curtsy-Squat.gif,75Bgtjy,potty squat,"[""abs""]","[""quadriceps"", ""glutes""]","[""waist""]","[""body weight""]",https://static.exercisedb.dev/media/75Bgtjy.gif,55.65,matched,"potty squat [""abs""] [""quadriceps"", ""glutes""]"
cardio,Split Jump Squat,data/Split-Jump-Squat.gif,9E25EOx,split squats,"[""quads""]","[""glutes"", ""hamstrings"", ""calves""]","[""upper legs""]","[""body weight""]",https://static.exercisedb.dev/media/9E25EOx.gif,62.86,matched,"split squats [""quads""] [""glutes"", ""hamstrings"", ""calves""]"
cardio,Backward Jump,data/Backward-Jump.gif,1g5bPpA,jack jump (male),"[""cardiovascular system""]","[""quadriceps"", ""calves""]","[""cardio""]","[""body weight""]",https://static.exercisedb.dev/media/1g5bPpA.gif,44.14,matched,"jack jump (male) [""cardiovascular system""] [""quadriceps"", ""calves""]"
cardio,Jumping jack,data/Jumping-jack.gif,1g5bPpA,jack jump (male),"[""cardiovascular system""]","[""quadriceps"", ""calves""]","[""cardio""]","[""body weight""]",https://static.exercisedb.dev/media/1g5bPpA.gif,51.43,matched,"jack jump (male) [""cardiovascular system""] [""quadriceps"", ""calves""]"
cardio,Single Leg Broad Jump,data/Single-Leg-Broad-Jump.gif,1kB3Wmk,dumbbell single leg calf raise,"[""calves""]","[""ankles""]","[""lower legs""]","[""dumbbell""]",https://static.exercisedb.dev/media/1kB3Wmk.gif,51.61,matched,"dumbbell single leg calf raise [""calves""] [""ankles""]"
cardio,Spider Plank,data/Spider-Plank.gif,2kattbR,ez barbell spider curl,"[""biceps""]","[""forearms""]","[""upper arms""]","[""ez barbell""]",https://static.exercisedb.dev/media/2kattbR.gif,53.33,matched,"ez barbell spider curl [""biceps""] [""forearms""]"
cardio,Run in Place,data/Run-in-Place.gif,9n2149Z,sled lying squat,"[""glutes""]","[""quadriceps"", ""hamstrings"", ""calves""]","[""upper legs""]","[""sled machine""]",https://static.exercisedb.dev/media/9n2149Z.gif,40.0,matched,"sled lying squat [""glutes""] [""quadriceps"", ""hamstrings"", ""calves""]"
cardio,Jump Squats,data/Jump-Squats.gif,9E25EOx,split squats,"[""quads""]","[""glutes"", ""hamstrings"", ""calves""]","[""upper legs""]","[""body weight""]",https://static.exercisedb.dev/media/9E25EOx.gif,56.47,matched,"split squats [""quads""] [""glutes"", ""hamstrings"", ""calves""]"
cardio,Short Stride Run,data/Short-Stride-Run.gif,0mB6wHO,runners stretch,"[""hamstrings""]","[""calves"", ""quadriceps""]","[""upper legs""]","[""body weight""]",https://static.exercisedb.dev/media/0mB6wHO.gif,46.45,matched,"runners stretch [""hamstrings""] [""calves"", ""quadriceps""]"
cardio,Lateral Step-up,data/Lateral-Step-up.gif,5MRH8H2,ski step,"[""cardiovascular system""]","[""quadriceps"", ""hamstrings"", ""glutes"", ""calves""]","[""cardio""]","[""body weight""]",https://static.exercisedb.dev/media/5MRH8H2.gif,53.33,matched,"ski step [""cardiovascular system""] [""quadriceps"", ""hamstrings"", ""glutes"", ""calves""]"
cardio,Step Up + Opposite Elbow to Knee Twist,data/Step-Up-+-Opposite-Elbow-to-Knee-Twist.gif,5MRH8H2,ski step,"[""cardiovascular system""]","[""quadriceps"", ""hamstrings"", ""glutes"", ""calves""]","[""cardio""]","[""body weight""]",https://static.exercisedb.dev/media/5MRH8H2.gif,53.33,matched,"ski step [""cardiovascular system""] [""quadriceps"", ""hamstrings"", ""glutes"", ""calves""]"
cardio,Band Assisted Sprinter Run,data/Band-Assisted-Sprinter-Run.gif,03lzqwk,assisted hanging knee raise,"[""abs""]","[""hip flexors""]","[""waist""]","[""assisted""]",https://static.exercisedb.dev/media/03lzqwk.gif,51.32,matched,"assisted hanging knee raise [""abs""] [""hip flexors""]"
cardio,Backward Running,data/Backward-Running.gif,2qTvJAZ,barbell standing back wrist curl,"[""forearms""]","[""biceps"", ""shoulders""]","[""lower arms""]","[""barbell""]",https://static.exercisedb.dev/media/2qTvJAZ.gif,40.0,matched,"barbell standing back wrist curl [""forearms""] [""biceps"", ""shoulders""]"
cardio,Side Shuttle,data/Side-Shuttle.gif,2DxtqHL,barbell one arm side deadlift,"[""glutes""]","[""hamstrings"", ""quadriceps"", ""lower back""]","[""upper legs""]","[""barbell""]",https://static.exercisedb.dev/media/2DxtqHL.gif,40.0,matched,"barbell one arm side deadlift [""glutes""] [""hamstrings"", ""quadriceps"", ""lower back""]"
cardio,Tuck Jump,data/Tuck-Jump.gif,1g5bPpA,jack jump (male),"[""cardiovascular system""]","[""quadriceps"", ""calves""]","[""cardio""]","[""body weight""]",https://static.exercisedb.dev/media/1g5bPpA.gif,49.23,matched,"jack jump (male) [""cardiovascular system""] [""quadriceps"", ""calves""]"
cardio,High Knee Squat,data/High-Knee-Squat.gif,9n2149Z,sled lying squat,"[""glutes""]","[""quadriceps"", ""hamstrings"", ""calves""]","[""upper legs""]","[""sled machine""]",https://static.exercisedb.dev/media/9n2149Z.gif,51.61,matched,"sled lying squat [""glutes""] [""quadriceps"", ""hamstrings"", ""calves""]"
cardio,Boxer Shuffle Cardio,data/Boxer-Shuffle-Cardio.gif,67n3r98,lever shoulder press,"[""delts""]","[""triceps"", ""chest""]","[""shoulders""]","[""leverage machine""]",https://static.exercisedb.dev/media/67n3r98.gif,40.0,matched,"lever shoulder press [""delts""] [""triceps"", ""chest""]"
cardio,Jab Boxing,data/Jab-Boxing.gif,01qpYSe,upward facing dog,"[""spine""]","[""shoulders"", ""chest""]","[""back""]","[""body weight""]",https://static.exercisedb.dev/media/01qpYSe.gif,35.56,matched,"upward facing dog [""spine""] [""shoulders"", ""chest""]"
cardio,Punches,data/Punches.gif,9WTm7dq,chest dip,"[""pectorals""]","[""triceps"", ""shoulders""]","[""chest""]","[""body weight""]",https://static.exercisedb.dev/media/9WTm7dq.gif,40.0,matched,"chest dip [""pectorals""] [""triceps"", ""shoulders""]"
cardio,Right Uppercut,data/Right-Uppercut.gif,1DN3iz4,smith upright row,"[""delts""]","[""traps"", ""biceps""]","[""shoulders""]","[""smith machine""]",https://static.exercisedb.dev/media/1DN3iz4.gif,41.29,matched,"smith upright row [""delts""] [""traps"", ""biceps""]"
cardio,Right Cross,data/Right-Cross.gif,1DN3iz4,smith upright row,"[""delts""]","[""traps"", ""biceps""]","[""shoulders""]","[""smith machine""]",https://static.exercisedb.dev/media/1DN3iz4.gif,51.43,matched,"smith upright row [""delts""] [""traps"", ""biceps""]"
cardio,Hook Kick,data/Hook-Kick.gif,0br45wL,push-up inside leg kick,"[""glutes""]","[""quadriceps"", ""hamstrings"", ""calves"", ""core""]","[""upper legs""]","[""body weight""]",https://static.exercisedb.dev/media/0br45wL.gif,49.23,matched,"push-up inside leg kick [""glutes""] [""quadriceps"", ""hamstrings"", ""calves"", ""core""]"
cardio,Boxing Right Cross,data/Boxing-Right-Cross.gif,0CXGHya,cable cross-over variation,"[""pectorals""]","[""deltoids"", ""triceps""]","[""chest""]","[""cable""]",https://static.exercisedb.dev/media/0CXGHya.gif,43.64,matched,"cable cross-over variation [""pectorals""] [""deltoids"", ""triceps""]"
cardio,Walking High Knee Lunges,data/Walking-High-Knee-Lunges.gif,225x2Vd,band kneeling twisting crunch,"[""abs""]","[""obliques""]","[""waist""]","[""band""]",https://static.exercisedb.dev/media/225x2Vd.gif,42.26,matched,"band kneeling twisting crunch [""abs""] [""obliques""]"
cardio,High Knees Lift Run,data/High-Knees-Lift-Run.gif,8ARQ9Hw,kettlebell sumo high pull,"[""traps""]","[""shoulders"", ""glutes"", ""hamstrings""]","[""back""]","[""kettlebell""]",https://static.exercisedb.dev/media/8ARQ9Hw.gif,43.64,matched,"kettlebell sumo high pull [""traps""] [""shoulders"", ""glutes"", ""hamstrings""]"
cardio,Jack Burpees,data/Jack-Burpees.gif,0JtKWum,dumbbell burpee,"[""cardiovascular system""]","[""quadriceps"", ""hamstrings"", ""calves"", ""shoulders"", ""triceps"", ""core""]","[""cardio""]","[""dumbbell""]",https://static.exercisedb.dev/media/0JtKWum.gif,41.48,matched,"dumbbell burpee [""cardiovascular system""] [""quadriceps"", ""hamstrings"", ""calves"", ""shoulders"", ""triceps"", ""core""]"
cardio,Astride Jumps,data/Astride-Jumps.gif,1gFNTZV,barbell jump squat,"[""glutes""]","[""quadriceps"", ""hamstrings"", ""calves""]","[""upper legs""]","[""barbell""]",https://static.exercisedb.dev/media/1gFNTZV.gif,46.45,matched,"barbell jump squat [""glutes""] [""quadriceps"", ""hamstrings"", ""calves""]"
cardio,Long Jump,data/Long-Jump.gif,1g5bPpA,jack jump (male),"[""cardiovascular system""]","[""quadriceps"", ""calves""]","[""cardio""]","[""body weight""]",https://static.exercisedb.dev/media/1g5bPpA.gif,49.23,matched,"jack jump (male) [""cardiovascular system""] [""quadriceps"", ""calves""]"
cardio,Front Plank With Arm And Leg Lift,data/Front-Plank-With-Arm-And-Leg-Lift.gif,33AzZeV,barbell front raise and pullover,"[""pectorals""]","[""deltoids"", ""triceps""]","[""chest""]","[""barbell""]",https://static.exercisedb.dev/media/33AzZeV.gif,46.77,matched,"barbell front raise and pullover [""pectorals""] [""deltoids"", ""triceps""]"
cardio,Kettlebell Clean and Jerk,data/Kettlebell-Clean-and-Jerk.gif,7Ba7bQ2,kettlebell two arm clean,"[""delts""]","[""traps"", ""forearms""]","[""shoulders""]","[""kettlebell""]",https://static.exercisedb.dev/media/7Ba7bQ2.gif,64.0,matched,"kettlebell two arm clean [""delts""] [""traps"", ""forearms""]"
cardio,Dumbbell Burpees,data/Dumbbell-Burpees.gif,0JtKWum,dumbbell burpee,"[""cardiovascular system""]","[""quadriceps"", ""hamstrings"", ""calves"", ""shoulders"", ""triceps"", ""core""]","[""cardio""]","[""dumbbell""]",https://static.exercisedb.dev/media/0JtKWum.gif,77.42,matched,"dumbbell burpee [""cardiovascular system""] [""quadriceps"", ""hamstrings"", ""calves"", ""shoulders"", ""triceps"", ""core""]"
cardio,Ski Step,data/Ski-Step.gif,5MRH8H2,ski step,"[""cardiovascular system""]","[""quadriceps"", ""hamstrings"", ""glutes"", ""calves""]","[""cardio""]","[""body weight""]",https://static.exercisedb.dev/media/5MRH8H2.gif,80.0,matched,"ski step [""cardiovascular system""] [""quadriceps"", ""hamstrings"", ""glutes"", ""calves""]"
cardio,Dumbbell Split Jump,data/Dumbbell-Split-Jump.gif,7Hg55JG,dumbbell clean,"[""glutes""]","[""hamstrings"", ""quadriceps"", ""calves""]","[""upper legs""]","[""dumbbell""]",https://static.exercisedb.dev/media/7Hg55JG.gif,58.18,matched,"dumbbell clean [""glutes""] [""hamstrings"", ""quadriceps"", ""calves""]"
cardio,Dumbbell Jump Squat,data/Dumbbell-Jump-Squat.gif,1gFNTZV,barbell jump squat,"[""glutes""]","[""quadriceps"", ""hamstrings"", ""calves""]","[""upper legs""]","[""barbell""]",https://static.exercisedb.dev/media/1gFNTZV.gif,69.19,matched,"barbell jump squat [""glutes""] [""quadriceps"", ""hamstrings"", ""calves""]"
cardio,Burpees,data/Burpees.gif,0JtKWum,dumbbell burpee,"[""cardiovascular system""]","[""quadriceps"", ""hamstrings"", ""calves"", ""shoulders"", ""triceps"", ""core""]","[""cardio""]","[""dumbbell""]",https://static.exercisedb.dev/media/0JtKWum.gif,43.64,matched,"dumbbell burpee [""cardiovascular system""] [""quadriceps"", ""hamstrings"", ""calves"", ""shoulders"", ""triceps"", ""core""]"
cardio,Vibration Plate,data/Vibration-Plate.gif,0CXGHya,cable cross-over variation,"[""pectorals""]","[""deltoids"", ""triceps""]","[""chest""]","[""cable""]",https://static.exercisedb.dev/media/0CXGHya.gif,39.02,matched,"cable cross-over variation [""pectorals""] [""deltoids"", ""triceps""]"
cardio,High Knees Against Wall,data/High-Knees-Against-Wall.gif,03lzqwk,assisted hanging knee raise,"[""abs""]","[""hip flexors""]","[""waist""]","[""assisted""]",https://static.exercisedb.dev/media/03lzqwk.gif,48.0,matched,"assisted hanging knee raise [""abs""] [""hip flexors""]"
cardio,Vertical Mountain Climber,data/Vertical-Mountain-Climber.gif,9c6T1YX,bridge - mountain climber (cross body),"[""abs""]","[""glutes"", ""quadriceps"", ""hamstrings"", ""shoulders"", ""triceps""]","[""waist""]","[""body weight""]",https://static.exercisedb.dev/media/9c6T1YX.gif,62.44,matched,"bridge - mountain climber (cross body) [""abs""] [""glutes"", ""quadriceps"", ""hamstrings"", ""shoulders"", ""triceps""]"
cardio,Single Leg Hip Thrust Jump,data/Single-Leg-Hip-Thrust-Jump.gif,9IxJdtC,lying leg-hip raise,"[""abs""]","[""hip flexors""]","[""waist""]","[""body weight""]",https://static.exercisedb.dev/media/9IxJdtC.gif,49.78,matched,"lying leg-hip raise [""abs""] [""hip flexors""]"
cardio,Cross Body Push-up,data/Cross-Body-Push-up.gif,A9qxk2F,archer push up,"[""pectorals""]","[""triceps"", ""shoulders"", ""core""]","[""chest""]","[""body weight""]",https://static.exercisedb.dev/media/A9qxk2F.gif,53.33,matched,"archer push up [""pectorals""] [""triceps"", ""shoulders"", ""core""]"
cardio,Box Jump to Pistol Squat,data/Box-Jump-to-Pistol-Squat.gif,1gFNTZV,barbell jump squat,"[""glutes""]","[""quadriceps"", ""hamstrings"", ""calves""]","[""upper legs""]","[""barbell""]",https://static.exercisedb.dev/media/1gFNTZV.gif,57.14,matched,"barbell jump squat [""glutes""] [""quadriceps"", ""hamstrings"", ""calves""]"
cardio,Box Jump 2 to 1,data/Box-Jump-2-to-1.gif,1gFNTZV,barbell jump squat,"[""glutes""]","[""quadriceps"", ""hamstrings"", ""calves""]","[""upper legs""]","[""barbell""]",https://static.exercisedb.dev/media/1gFNTZV.gif,38.79,matched,"barbell jump squat [""glutes""] [""quadriceps"", ""hamstrings"", ""calves""]"
cardio,Box Jump 1 to 2,data/Box-Jump-1-to-2.gif,1gFNTZV,barbell jump squat,"[""glutes""]","[""quadriceps"", ""hamstrings"", ""calves""]","[""upper legs""]","[""barbell""]",https://static.exercisedb.dev/media/1gFNTZV.gif,38.79,matched,"barbell jump squat [""glutes""] [""quadriceps"", ""hamstrings"", ""calves""]"
cardio,Single Leg Box Jump,data/Single-Leg-Box-Jump.gif,1kB3Wmk,dumbbell single leg calf raise,"[""calves""]","[""ankles""]","[""lower legs""]","[""dumbbell""]",https://static.exercisedb.dev/media/1kB3Wmk.gif,55.17,matched,"dumbbell single leg calf raise [""calves""] [""ankles""]"
cardio,Stationary Bike Run,data/Stationary-Bike-Run.gif,a8VDgLw,stationary bike walk,"[""cardiovascular system""]","[""quadriceps"", ""hamstrings"", ""calves""]","[""cardio""]","[""leverage machine""]",https://static.exercisedb.dev/media/a8VDgLw.gif,70.59,matched,"stationary bike walk [""cardiovascular system""] [""quadriceps"", ""hamstrings"", ""calves""]"
cardio,Hands Bike,data/Hands-Bike.gif,1ZFqTDN,air bike,"[""abs""]","[""hip flexors""]","[""waist""]","[""body weight""]",https://static.exercisedb.dev/media/1ZFqTDN.gif,53.33,matched,"air bike [""abs""] [""hip flexors""]"
cardio,Squat Tuck Jump,data/Squat-Tuck-Jump.gif,1gFNTZV,barbell jump squat,"[""glutes""]","[""quadriceps"", ""hamstrings"", ""calves""]","[""upper legs""]","[""barbell""]",https://static.exercisedb.dev/media/1gFNTZV.gif,64.0,matched,"barbell jump squat [""glutes""] [""quadriceps"", ""hamstrings"", ""calves""]"
cardio,1-2 Stick Drill,data/1-2-Stick-Drill.gif,0L2KwtI,roller hip lat stretch,"[""glutes""]","[""hamstrings"", ""quadriceps""]","[""upper legs""]","[""roller""]",https://static.exercisedb.dev/media/0L2KwtI.gif,38.92,matched,"roller hip lat stretch [""glutes""] [""hamstrings"", ""quadriceps""]"
cardio,Step Up with Knee Raises,data/Step-Up-with-Knee-Raises.gif,5MRH8H2,ski step,"[""cardiovascular system""]","[""quadriceps"", ""hamstrings"", ""glutes"", ""calves""]","[""cardio""]","[""body weight""]",https://static.exercisedb.dev/media/5MRH8H2.gif,53.33,matched,"ski step [""cardiovascular system""] [""quadriceps"", ""hamstrings"", ""glutes"", ""calves""]"
cardio,Snap Jumps,data/Snap-Jumps.gif,7xeukSt,scapula dips,"[""traps""]","[""rhomboids"", ""deltoids""]","[""back""]","[""body weight""]",https://static.exercisedb.dev/media/7xeukSt.gif,43.64,matched,"scapula dips [""traps""] [""rhomboids"", ""deltoids""]"
cardio,Bear Crawl,data/Bear-Crawl.gif,0Yz8WdV,bear crawl,"[""cardiovascular system""]","[""core"", ""shoulders"", ""triceps""]","[""cardio""]","[""body weight""]",https://static.exercisedb.dev/media/0Yz8WdV.gif,80.0,matched,"bear crawl [""cardiovascular system""] [""core"", ""shoulders"", ""triceps""]"
cardio,High Knee Run,data/High-Knee-Run.gif,196HJGw,hip raise (bent knee),"[""abs""]","[""glutes"", ""hamstrings""]","[""waist""]","[""body weight""]",https://static.exercisedb.dev/media/196HJGw.gif,42.35,matched,"hip raise (bent knee) [""abs""] [""glutes"", ""hamstrings""]"
cardio,High Knee Skips,data/High-Knee-Skips.gif,196HJGw,hip raise (bent knee),"[""abs""]","[""glutes"", ""hamstrings""]","[""waist""]","[""body weight""]",https://static.exercisedb.dev/media/196HJGw.gif,44.44,matched,"hip raise (bent knee) [""abs""] [""glutes"", ""hamstrings""]"
cardio,Skater,data/Skater.gif,5MRH8H2,ski step,"[""cardiovascular system""]","[""quadriceps"", ""hamstrings"", ""glutes"", ""calves""]","[""cardio""]","[""body weight""]",https://static.exercisedb.dev/media/5MRH8H2.gif,45.71,matched,"ski step [""cardiovascular system""] [""quadriceps"", ""hamstrings"", ""glutes"", ""calves""]"
cardio,Assault AirBike,data/Assault-AirBike.gif,1ZFqTDN,air bike,"[""abs""]","[""hip flexors""]","[""waist""]","[""body weight""]",https://static.exercisedb.dev/media/1ZFqTDN.gif,48.7,matched,"air bike [""abs""] [""hip flexors""]"
cardio,Recumbent Exercise Bike,data/Recumbent-Exercise-Bike.gif,1ZFqTDN,air bike,"[""abs""]","[""hip flexors""]","[""waist""]","[""body weight""]",https://static.exercisedb.dev/media/1ZFqTDN.gif,53.33,matched,"air bike [""abs""] [""hip flexors""]"
cardio,The Box Jump,data/The-Box-Jump.gif,1gFNTZV,barbell jump squat,"[""glutes""]","[""quadriceps"", ""hamstrings"", ""calves""]","[""upper legs""]","[""barbell""]",https://static.exercisedb.dev/media/1gFNTZV.gif,42.67,matched,"barbell jump squat [""glutes""] [""quadriceps"", ""hamstrings"", ""calves""]"
cardio,Battle Rope,data/Battle-Rope.gif,aaXr7ld,lever t bar row,"[""upper back""]","[""biceps"", ""forearms""]","[""back""]","[""leverage machine""]",https://static.exercisedb.dev/media/aaXr7ld.gif,43.08,matched,"lever t bar row [""upper back""] [""biceps"", ""forearms""]"
