targetMuscle,title,src,path_url
full-body,One Arm Medicine Ball Slam,https://fitnessprogramer.com/wp-content/uploads/2024/06/One-Arm-Medicine-Ball-Slam.gif,/content/drive/MyDrive/fitness/data/One-Arm-Medicine-Ball-Slam.gif
full-body,Navy Seal Burpee,https://fitnessprogramer.com/wp-content/uploads/2023/10/Navy-Seal-Burpee.gif,/content/drive/MyDrive/fitness/data/Navy-Seal-Burpee.gif
full-body,Dumbbell Walking Lunge,https://fitnessprogramer.com/wp-content/uploads/2023/09/dumbbell-lunges.gif,/content/drive/MyDrive/fitness/data/Dumbbell-Walking-Lunge.gif
full-body,Dumbbell Push Press,https://fitnessprogramer.com/wp-content/uploads/2023/10/Dumbbell-Push-Press.gif,/content/drive/MyDrive/fitness/data/Dumbbell-Push-Press.gif
full-body,Dumbbell Deadlift,https://fitnessprogramer.com/wp-content/uploads/2023/09/dumbbell-deadlifts.gif,/content/drive/MyDrive/fitness/data/Dumbbell-Deadlift.gif
full-body,Dumbbell Sumo Deadlift,https://fitnessprogramer.com/wp-content/uploads/2023/09/dumbbell-sumo-deadlift.gif,/content/drive/MyDrive/fitness/data/Dumbbell-Sumo-Deadlift.gif
full-body,Backward Medicine Ball Throw,https://fitnessprogramer.com/wp-content/uploads/2023/05/Backward-Medicine-Ball-Throw.gif,/content/drive/MyDrive/fitness/data/Backward-Medicine-Ball-Throw.gif
full-body,Zercher Carry,https://fitnessprogramer.com/wp-content/uploads/2023/01/zercher-carry.gif,/content/drive/MyDrive/fitness/data/Zercher-Carry.gif
full-body,Wall Walk,https://fitnessprogramer.com/wp-content/uploads/2022/12/wall-walk-muscles.gif,/content/drive/MyDrive/fitness/data/Wall-Walk.gif
full-body,Kettlebell Hang Clean,https://fitnessprogramer.com/wp-content/uploads/2022/07/Kettlebell-Hang-Clean.gif,/content/drive/MyDrive/fitness/data/Kettlebell-Hang-Clean.gif
full-body,Dumbbell Power Clean,https://fitnessprogramer.com/wp-content/uploads/2022/07/Dumbbell-Power-Clean.gif,/content/drive/MyDrive/fitness/data/Dumbbell-Power-Clean.gif
full-body,Dumbbell Devil Press,https://fitnessprogramer.com/wp-content/uploads/2022/07/Dumbbell-Devil-Press.gif,/content/drive/MyDrive/fitness/data/Dumbbell-Devil-Press.gif
full-body,Overhead Squat,https://fitnessprogramer.com/wp-content/uploads/2022/07/overhead-squat.gif,/content/drive/MyDrive/fitness/data/Overhead-Squat.gif
full-body,Ski Ergometer,https://fitnessprogramer.com/wp-content/uploads/2022/02/Ski-Ergometer.gif,/content/drive/MyDrive/fitness/data/Ski-Ergometer.gif
full-body,Human Flag,https://fitnessprogramer.com/wp-content/uploads/2022/02/Human-Flag.gif,/content/drive/MyDrive/fitness/data/Human-Flag.gif
full-body,Farmer's Walk,https://fitnessprogramer.com/wp-content/uploads/2022/02/Farmers-walk_Cardio.gif,/content/drive/MyDrive/fitness/data/Farmer's-Walk.gif
full-body,Log Lift,https://fitnessprogramer.com/wp-content/uploads/2022/02/Log-Lift.gif,/content/drive/MyDrive/fitness/data/Log-Lift.gif
full-body,Tire Sledge Hammer,https://fitnessprogramer.com/wp-content/uploads/2022/02/Tire-SledgeHammer.gif,/content/drive/MyDrive/fitness/data/Tire-Sledge-Hammer.gif
full-body,Tire Flip,https://fitnessprogramer.com/wp-content/uploads/2022/02/StrongMan-Tire-Flip.gif,/content/drive/MyDrive/fitness/data/Tire-Flip.gif
full-body,Barbell Snatch,https://fitnessprogramer.com/wp-content/uploads/2022/02/Barbell-Snatch.gif,/content/drive/MyDrive/fitness/data/Barbell-Snatch.gif
full-body,Power Snatch,https://fitnessprogramer.com/wp-content/uploads/2022/02/Barbell-Power-Snatch.gif,/content/drive/MyDrive/fitness/data/Power-Snatch.gif
full-body,Muscle Snatch,https://fitnessprogramer.com/wp-content/uploads/2022/02/Barbell-Muscle-Snatch.gif,/content/drive/MyDrive/fitness/data/Muscle-Snatch.gif
full-body,Heaving Snatch Balance,https://fitnessprogramer.com/wp-content/uploads/2022/02/Barbell-Heaving-Snatch-Balance.gif,/content/drive/MyDrive/fitness/data/Heaving-Snatch-Balance.gif
full-body,Barbell Hang Clean,https://fitnessprogramer.com/wp-content/uploads/2022/07/Barbell-Hang-Clean.gif,/content/drive/MyDrive/fitness/data/Barbell-Hang-Clean.gif
full-body,Rowing Machine,https://fitnessprogramer.com/wp-content/uploads/2021/06/Rowing-Machine.gif,/content/drive/MyDrive/fitness/data/Rowing-Machine.gif
full-body,Barbell Bent Over Row,https://fitnessprogramer.com/wp-content/uploads/2021/02/Barbell-Bent-Over-Row.gif,/content/drive/MyDrive/fitness/data/Barbell-Bent-Over-Row.gif
full-body,Legless Rope Climb,https://fitnessprogramer.com/wp-content/uploads/2022/02/Rope-Climb.gif,/content/drive/MyDrive/fitness/data/Legless-Rope-Climb.gif
full-body,Push-up Toe Touch,https://fitnessprogramer.com/wp-content/uploads/2022/02/Push-up-Toe-Touch.gif,/content/drive/MyDrive/fitness/data/Push-up-Toe-Touch.gif
full-body,Bent Over Dumbbell Row,https://fitnessprogramer.com/wp-content/uploads/2021/02/Bent-Over-Dumbbell-Row.gif,/content/drive/MyDrive/fitness/data/Bent-Over-Dumbbell-Row.gif
full-body,Muscle-Up,https://fitnessprogramer.com/wp-content/uploads/2021/05/Muscle-up-vertical-bar.gif,/content/drive/MyDrive/fitness/data/Muscle-Up.gif
full-body,Push Press,https://fitnessprogramer.com/wp-content/uploads/2021/02/push-press-1.gif,/content/drive/MyDrive/fitness/data/Push-Press.gif
full-body,Landmine Squat to Press,https://fitnessprogramer.com/wp-content/uploads/2021/04/Landmine-Press.gif,/content/drive/MyDrive/fitness/data/Landmine-Squat-to-Press.gif
full-body,Barbell Clean and Press,https://fitnessprogramer.com/wp-content/uploads/2021/04/Barbell-Clean-and-Press-.gif,/content/drive/MyDrive/fitness/data/Barbell-Clean-and-Press.gif
full-body,Power Clean,https://fitnessprogramer.com/wp-content/uploads/2021/04/Power-Clean-.gif,/content/drive/MyDrive/fitness/data/Power-Clean.gif
full-body,Turkish Get-up,https://fitnessprogramer.com/wp-content/uploads/2021/04/Turkish-Get-Up-Squat-style.gif,/content/drive/MyDrive/fitness/data/Turkish-Get-up.gif
full-body,Kettlebell Swings,https://fitnessprogramer.com/wp-content/uploads/2021/09/Kettlebell-Swings.gif,/content/drive/MyDrive/fitness/data/Kettlebell-Swings.gif
full-body,One Arm Kettlebell Snatch,https://fitnessprogramer.com/wp-content/uploads/2021/03/One-Arm-Kettlebell-Snatch-exercise.gif,/content/drive/MyDrive/fitness/data/One-Arm-Kettlebell-Snatch.gif
full-body,Impossible Dips,https://fitnessprogramer.com/wp-content/uploads/2022/01/Impossible-Dips.gif,/content/drive/MyDrive/fitness/data/Impossible-Dips.gif
full-body,Korean Dips,https://fitnessprogramer.com/wp-content/uploads/2022/01/Korean-Dips.gif,/content/drive/MyDrive/fitness/data/Korean-Dips.gif
full-body,Straight Bar Dip,https://fitnessprogramer.com/wp-content/uploads/2022/01/Straight-Bar-Dip.gif,/content/drive/MyDrive/fitness/data/Straight-Bar-Dip.gif
full-body,Kettlebell Clean and Jerk,https://fitnessprogramer.com/wp-content/uploads/2021/06/Kettlebell-Clean-and-Jerk.gif,/content/drive/MyDrive/fitness/data/Kettlebell-Clean-and-Jerk.gif
full-body,Dumbbell Burpees,https://fitnessprogramer.com/wp-content/uploads/2021/06/Dumbbell-Burpees.gif,/content/drive/MyDrive/fitness/data/Dumbbell-Burpees.gif
full-body,Dumbbell Jump Squat,https://fitnessprogramer.com/wp-content/uploads/2022/04/Dumbbell-Jump-Squat.gif,/content/drive/MyDrive/fitness/data/Dumbbell-Jump-Squat.gif
full-body,Burpees,https://fitnessprogramer.com/wp-content/uploads/2021/02/burpees.gif,/content/drive/MyDrive/fitness/data/Burpees.gif
full-body,L-Sit Pull-Up,https://fitnessprogramer.com/wp-content/uploads/2023/06/L-Pull-Up.gif,/content/drive/MyDrive/fitness/data/L-Sit-Pull-Up.gif
full-body,Back Lever,https://fitnessprogramer.com/wp-content/uploads/2023/06/Back-Lever.gif,/content/drive/MyDrive/fitness/data/Back-Lever.gif
full-body,Front Lever Pull-up,https://fitnessprogramer.com/wp-content/uploads/2023/06/Front-Lever-Pull-up.gif,/content/drive/MyDrive/fitness/data/Front-Lever-Pull-up.gif
full-body,One Arm Dumbbell Snatch,https://fitnessprogramer.com/wp-content/uploads/2021/05/One-Arm-Dumbbell-Snatch.gif,/content/drive/MyDrive/fitness/data/One-Arm-Dumbbell-Snatch.gif
full-body,Archer Pull-up,https://fitnessprogramer.com/wp-content/uploads/2022/01/Archer-Pull-up.gif,/content/drive/MyDrive/fitness/data/Archer-Pull-up.gif
full-body,Cross Body Push-up,https://fitnessprogramer.com/wp-content/uploads/2022/02/Cross-Body-Push-up_Plyometric.gif,/content/drive/MyDrive/fitness/data/Cross-Body-Push-up.gif
full-body,Trap Bar Jump Squat,https://fitnessprogramer.com/wp-content/uploads/2023/02/trap-bar-jump-squat.gif,/content/drive/MyDrive/fitness/data/Trap-Bar-Jump-Squat.gif
full-body,Medicine Ball-Sit-up Throw,https://fitnessprogramer.com/wp-content/uploads/2023/01/Medicine-Ball-Sit-up-Throw.gif,/content/drive/MyDrive/fitness/data/Medicine-Ball-Sit-up-Throw.gif
full-body,Barbell Jump Squat,https://fitnessprogramer.com/wp-content/uploads/2023/01/Barbell-Jump-Squat.gif,/content/drive/MyDrive/fitness/data/Barbell-Jump-Squat.gif
full-body,Handstand Walk,https://fitnessprogramer.com/wp-content/uploads/2022/12/handstand-walk.gif,/content/drive/MyDrive/fitness/data/Handstand-Walk.gif
full-body,Handstand,https://fitnessprogramer.com/wp-content/uploads/2021/02/handstand-holds.gif,/content/drive/MyDrive/fitness/data/Handstand.gif
full-body,Kettlebell Clean and Press,https://fitnessprogramer.com/wp-content/uploads/2023/06/Kettlebell-Clean-and-Press.gif,/content/drive/MyDrive/fitness/data/Kettlebell-Clean-and-Press.gif
full-body,Climbing Monkey Bars,https://fitnessprogramer.com/wp-content/uploads/2022/12/Climbing-Monkey-Bars.gif,/content/drive/MyDrive/fitness/data/Climbing-Monkey-Bars.gif
full-body,Kipping Handstand Push-up,https://fitnessprogramer.com/wp-content/uploads/2023/07/kipping-handstand-push-up.gif,/content/drive/MyDrive/fitness/data/Kipping-Handstand-Push-up.gif
full-body,Snap Jumps,https://fitnessprogramer.com/wp-content/uploads/2021/02/SNAP-JUMPS.gif,/content/drive/MyDrive/fitness/data/Snap-Jumps.gif
full-body,Barbell Thruster,https://fitnessprogramer.com/wp-content/uploads/2022/10/thruster.gif,/content/drive/MyDrive/fitness/data/Barbell-Thruster.gif
full-body,Bodyweight Skull Crushers,https://fitnessprogramer.com/wp-content/uploads/2022/02/Bodyweight-Skull-Crushers.gif,/content/drive/MyDrive/fitness/data/Bodyweight-Skull-Crushers.gif
full-body,Straddle Planche,https://fitnessprogramer.com/wp-content/uploads/2022/08/Straddle-planche.gif,
full-body,One Arm Kettlebell Swing,https://fitnessprogramer.com/wp-content/uploads/2022/07/One-Arm-Kettlebell-Swing.gif,/content/drive/MyDrive/fitness/data/One-Arm-Kettlebell-Swing.gif
full-body,Medicine ball Overhead Slam,https://fitnessprogramer.com/wp-content/uploads/2022/06/Medicine-ball-Overhead-Slam-exercise.gif,/content/drive/MyDrive/fitness/data/Medicine-ball-Overhead-Slam.gif
full-body,Wall Ball,https://fitnessprogramer.com/wp-content/uploads/2023/01/wall-ball.gif,/content/drive/MyDrive/fitness/data/Wall-Ball.gif
full-body,Kettlebell Renegade Row,https://fitnessprogramer.com/wp-content/uploads/2022/07/Kettlebell-Renegade-Row.gif,/content/drive/MyDrive/fitness/data/Kettlebell-Renegade-Row.gif
full-body,Push-Up to Renegade Row,https://fitnessprogramer.com/wp-content/uploads/2022/07/Push-Up-to-Renegade-Row.gif,/content/drive/MyDrive/fitness/data/Push-Up-to-Renegade-Row.gif
full-body,Modified Hindu Push-up,https://fitnessprogramer.com/wp-content/uploads/2022/07/Modified-Hindu-Push-up.gif,/content/drive/MyDrive/fitness/data/Modified-Hindu-Push-up.gif
full-body,Planche Push-Up,https://fitnessprogramer.com/wp-content/uploads/2022/07/Planche-Push-Up.gif,/content/drive/MyDrive/fitness/data/Planche-Push-Up.gif
full-body,Archer Push-Up,https://fitnessprogramer.com/wp-content/uploads/2022/07/Archer-Push-Up.gif,/content/drive/MyDrive/fitness/data/Archer-Push-Up.gif
full-body,Kettlebell Figure 8,https://fitnessprogramer.com/wp-content/uploads/2022/09/Kettlebell-Figure-8.gif,/content/drive/MyDrive/fitness/data/Kettlebell-Figure-8.gif
full-body,Dumbbell Renegade Row,https://fitnessprogramer.com/wp-content/uploads/2021/01/dumbbell-renegade-row-1.gif,/content/drive/MyDrive/fitness/data/Dumbbell-Renegade-Row.gif
full-body,Dumbbell Iron Cross,https://fitnessprogramer.com/wp-content/uploads/2022/07/Dumbbell-Iron-Cross.gif,/content/drive/MyDrive/fitness/data/Dumbbell-Iron-Cross.gif
full-body,Ring Dips,https://fitnessprogramer.com/wp-content/uploads/2022/07/Ring-Dips.gif,/content/drive/MyDrive/fitness/data/Ring-Dips.gif
full-body,Battle Rope,https://fitnessprogramer.com/wp-content/uploads/2015/07/Battle-Rope.gif,/content/drive/MyDrive/fitness/data/Battle-Rope.gif
neck,Weighted Lateral Neck Flexion,https://fitnessprogramer.com/wp-content/uploads/2022/02/Lying-Weighted-Lateral-Neck-Flexion.gif,/content/drive/MyDrive/fitness/data/Weighted-Lateral-Neck-Flexion.gif
neck,Weighted Lying Neck Extension,https://fitnessprogramer.com/wp-content/uploads/2021/08/Weighted-Lying-Neck-Extension.gif,/content/drive/MyDrive/fitness/data/Weighted-Lying-Neck-Extension.gif
neck,Weighted Lying Neck Flexion,https://fitnessprogramer.com/wp-content/uploads/2021/08/Weighted-Lying-Neck-Flexion.gif,/content/drive/MyDrive/fitness/data/Weighted-Lying-Neck-Flexion.gif
neck,Gittleson Shrug,https://fitnessprogramer.com/wp-content/uploads/2022/01/Dumbbell-Seated-Gittleson-Shrug.gif,/content/drive/MyDrive/fitness/data/Gittleson-Shrug.gif
neck,Diagonal Neck Stretch,https://fitnessprogramer.com/wp-content/uploads/2021/07/Diagonal-Neck-Stretch-360x360.png,/content/drive/MyDrive/fitness/data/Diagonal-Neck-Stretch.gif
neck,Neck Rotation Stretch,https://fitnessprogramer.com/wp-content/uploads/2021/07/Rotating-Neck-Stretch.gif,/content/drive/MyDrive/fitness/data/Neck-Rotation-Stretch.gif
neck,Neck Flexion Stretch,https://fitnessprogramer.com/wp-content/uploads/2021/07/Neck-Flexion-Stretch-360x360.png,/content/drive/MyDrive/fitness/data/Neck-Flexion-Stretch.gif
neck,Neck Extension Stretch,https://fitnessprogramer.com/wp-content/uploads/2021/07/Neck-Extension-Stretching-360x360.png,/content/drive/MyDrive/fitness/data/Neck-Extension-Stretch.gif
neck,Side Neck Stretch,https://fitnessprogramer.com/wp-content/uploads/2021/06/Side-Neck-Stretch.gif,/content/drive/MyDrive/fitness/data/Side-Neck-Stretch.gif
neck,Side Push Neck Stretch,https://fitnessprogramer.com/wp-content/uploads/2021/06/Side-Push-Neck-Stretch.gif,/content/drive/MyDrive/fitness/data/Side-Push-Neck-Stretch.gif
neck,Front and Back Neck Stretch,https://fitnessprogramer.com/wp-content/uploads/2021/06/Front-and-Back-Neck-Stretch.gif,/content/drive/MyDrive/fitness/data/Front-and-Back-Neck-Stretch.gif
neck,Chin Tuck,https://fitnessprogramer.com/wp-content/uploads/2021/06/Chin-Tuck.gif,/content/drive/MyDrive/fitness/data/Chin-Tuck.gif
neck,Prone Cervical Extension,https://fitnessprogramer.com/wp-content/uploads/2022/02/Prone-Cervical-Extension.gif,/content/drive/MyDrive/fitness/data/Prone-Cervical-Extension.gif
neck,Kneeling Neck Stretch,https://fitnessprogramer.com/wp-content/uploads/2022/02/Kneeling-Neck-Stretch.gif,/content/drive/MyDrive/fitness/data/Kneeling-Neck-Stretch.gif
neck,Weighted Neck Harness Extension,https://fitnessprogramer.com/wp-content/uploads/2022/02/Weighted-Neck-Harness-Extension.gif,/content/drive/MyDrive/fitness/data/Weighted-Neck-Harness-Extension.gif
neck,Lying Weighted Neck Flexion,https://fitnessprogramer.com/wp-content/uploads/2022/02/Lying-Weighted-Neck-Flexion.gif,/content/drive/MyDrive/fitness/data/Lying-Weighted-Neck-Flexion.gif
neck,Lying Weighted Neck Extension,https://fitnessprogramer.com/wp-content/uploads/2022/02/Lying-Weighted-Neck-Extension.gif,/content/drive/MyDrive/fitness/data/Lying-Weighted-Neck-Extension.gif
neck,Lever Neck Right Side Flexion (plate loaded),https://fitnessprogramer.com/wp-content/uploads/2022/02/Lever-Neck-Right-Side-Flexion-plate-loaded.gif,/content/drive/MyDrive/fitness/data/Lever-Neck-Right-Side-Flexion-(plate-loaded).gif
neck,Lever Neck Extension (plate loaded),https://fitnessprogramer.com/wp-content/uploads/2022/02/Lever-Neck-Extension-plate-loaded.gif,/content/drive/MyDrive/fitness/data/Lever-Neck-Extension-(plate-loaded).gif
neck,Cable Seated Neck Flexion with head harness,https://fitnessprogramer.com/wp-content/uploads/2022/02/Cable-Seated-Neck-Flexion-with-head-harness.gif,/content/drive/MyDrive/fitness/data/Cable-Seated-Neck-Flexion-with-head-harness.gif
neck,Cable Seated Neck Extension with head harness,https://fitnessprogramer.com/wp-content/uploads/2022/02/Cable-Seated-Neck-Extension-with-head-harness.gif,/content/drive/MyDrive/fitness/data/Cable-Seated-Neck-Extension-with-head-harness.gif
neck,Sphinx Stretch,https://fitnessprogramer.com/wp-content/uploads/2021/05/Sphinx-Stretch.gif,/content/drive/MyDrive/fitness/data/Sphinx-Stretch.gif
neck,Floor Hyperextension,https://fitnessprogramer.com/wp-content/uploads/2021/04/Floor-Hyperextension-1.gif,/content/drive/MyDrive/fitness/data/Floor-Hyperextension.gif
neck,Bhujangasana | Cobra Abdominal Stretch,https://fitnessprogramer.com/wp-content/uploads/2021/06/abdominal-stretch.gif,/content/drive/MyDrive/fitness/data/Bhujangasana-|-Cobra-Abdominal-Stretch.gif
neck,Fish Pose,https://fitnessprogramer.com/wp-content/uploads/2022/02/Fish-Pose-Matsyasana.gif,/content/drive/MyDrive/fitness/data/Fish-Pose.gif
neck,Superman,https://fitnessprogramer.com/wp-content/uploads/2021/02/Superman-exercise.gif,/content/drive/MyDrive/fitness/data/Superman.gif
trapezius,Overhead Shrug,https://fitnessprogramer.com/wp-content/uploads/2022/07/overhead-shrug.gif,/content/drive/MyDrive/fitness/data/Overhead-Shrug.gif
trapezius,Gittleson Shrug,https://fitnessprogramer.com/wp-content/uploads/2022/01/Dumbbell-Seated-Gittleson-Shrug.gif,/content/drive/MyDrive/fitness/data/Gittleson-Shrug.gif
trapezius,45 Degree Incline Row,https://fitnessprogramer.com/wp-content/uploads/2021/02/45-Degree-Incline-Row.gif,/content/drive/MyDrive/fitness/data/45-Degree-Incline-Row.gif
trapezius,Dumbbell Shrug,https://fitnessprogramer.com/wp-content/uploads/2021/04/Dumbbell-Shrug.gif,/content/drive/MyDrive/fitness/data/Dumbbell-Shrug.gif
trapezius,Cable Shrug,https://fitnessprogramer.com/wp-content/uploads/2021/04/Cable-Shrug.gif,/content/drive/MyDrive/fitness/data/Cable-Shrug.gif
trapezius,Barbell Shrug,https://fitnessprogramer.com/wp-content/uploads/2021/02/Barbell-Shrug.gif,/content/drive/MyDrive/fitness/data/Barbell-Shrug.gif
trapezius,Behind The Back Barbell Shrug,https://fitnessprogramer.com/wp-content/uploads/2023/03/Behind-The-Back-Barbell-Shrug-Reverse-Barbell-Shrug.gif,/content/drive/MyDrive/fitness/data/Behind-The-Back-Barbell-Shrug.gif
trapezius,Dumbbell Incline Shrug,https://fitnessprogramer.com/wp-content/uploads/2021/04/Dumbbell-Incline-Shrug.gif,/content/drive/MyDrive/fitness/data/Dumbbell-Incline-Shrug.gif
trapezius,Prone Incline Shrug,https://fitnessprogramer.com/wp-content/uploads/2021/04/Dumbbell-Decline-Shrug.gif,/content/drive/MyDrive/fitness/data/Prone-Incline-Shrug.gif
trapezius,Lever Shrug,https://fitnessprogramer.com/wp-content/uploads/2021/04/Lever-Shrug.gif,/content/drive/MyDrive/fitness/data/Lever-Shrug.gif
trapezius,Rear Delt Fly Machine,https://fitnessprogramer.com/wp-content/uploads/2021/02/Rear-Delt-Machine-Flys.gif,/content/drive/MyDrive/fitness/data/Rear-Delt-Fly-Machine.gif
trapezius,Lever Gripless Shrug,https://fitnessprogramer.com/wp-content/uploads/2021/06/Lever-Gripless-Shrug.gif,/content/drive/MyDrive/fitness/data/Lever-Gripless-Shrug.gif
trapezius,Cable Rear Delt Fly,https://fitnessprogramer.com/wp-content/uploads/2021/02/cable-rear-delt-fly.gif,/content/drive/MyDrive/fitness/data/Cable-Rear-Delt-Fly.gif
trapezius,Bent Over Lateral Raise,https://fitnessprogramer.com/wp-content/uploads/2021/02/Bent-Over-Lateral-Raise.gif,/content/drive/MyDrive/fitness/data/Bent-Over-Lateral-Raise.gif
trapezius,Cable Upright Row,https://fitnessprogramer.com/wp-content/uploads/2021/02/Cable-Upright-Row.gif,/content/drive/MyDrive/fitness/data/Cable-Upright-Row.gif
trapezius,Face Pull,https://fitnessprogramer.com/wp-content/uploads/2021/02/Face-Pull.gif,/content/drive/MyDrive/fitness/data/Face-Pull.gif
trapezius,Half Kneeling High Cable Row Rope,https://fitnessprogramer.com/wp-content/uploads/2021/04/Half-Kneeling-High-Cable-Row-Rope.gif,/content/drive/MyDrive/fitness/data/Half-Kneeling-High-Cable-Row-Rope.gif
trapezius,Dumbbell Raise,https://fitnessprogramer.com/wp-content/uploads/2021/04/Dumbbell-Raise.gif,/content/drive/MyDrive/fitness/data/Dumbbell-Raise.gif
trapezius,Dumbbell Upright Row,https://fitnessprogramer.com/wp-content/uploads/2021/04/Dumbbell-Upright-Row.gif,/content/drive/MyDrive/fitness/data/Dumbbell-Upright-Row.gif
trapezius,Bodyweight Military Press,https://fitnessprogramer.com/wp-content/uploads/2021/04/Bodyweight-Military-Press.gif,/content/drive/MyDrive/fitness/data/Bodyweight-Military-Press.gif
trapezius,Kneeling High Pulley Row,https://fitnessprogramer.com/wp-content/uploads/2021/09/Kneeling-High-Pulley-Row.gif,/content/drive/MyDrive/fitness/data/Kneeling-High-Pulley-Row.gif
trapezius,Ez Bar Upright Row,https://fitnessprogramer.com/wp-content/uploads/2021/02/Barbell-Upright-Row.gif,/content/drive/MyDrive/fitness/data/Ez-Bar-Upright-Row.gif
trapezius,Band Pull-Apart,https://fitnessprogramer.com/wp-content/uploads/2021/06/Band-pull-apart.gif,/content/drive/MyDrive/fitness/data/Band-Pull-Apart.gif
trapezius,Bent Over Reverse Cable Fly,https://fitnessprogramer.com/wp-content/uploads/2021/04/bent-over-reverse-cable-fly.gif,/content/drive/MyDrive/fitness/data/Bent-Over-Reverse-Cable-Fly.gif
trapezius,Bent-Over Barbell Reverse Raise,https://fitnessprogramer.com/wp-content/uploads/2021/04/Bent-Over-Barbell-Reverse-Raise.gif,/content/drive/MyDrive/fitness/data/Bent-Over-Barbell-Reverse-Raise.gif
trapezius,Barbell Rear Delt Raise,https://fitnessprogramer.com/wp-content/uploads/2021/04/Barbell-Rear-Delt-Raise.gif,/content/drive/MyDrive/fitness/data/Barbell-Rear-Delt-Raise.gif
trapezius,Smith Machine Shrug,https://fitnessprogramer.com/wp-content/uploads/2021/10/smith-machine-shrug.gif,/content/drive/MyDrive/fitness/data/Smith-Machine-Shrug.gif
trapezius,Incline Dumbbell Reverse Fly,https://fitnessprogramer.com/wp-content/uploads/2021/02/Dumbbell-Reverse-Fly.gif,/content/drive/MyDrive/fitness/data/Incline-Dumbbell-Reverse-Fly.gif
trapezius,Incline Dumbbell Y-Raise,https://fitnessprogramer.com/wp-content/uploads/2021/10/Incline-Dumbbell-Y-Raise.gif,/content/drive/MyDrive/fitness/data/Incline-Dumbbell-Y-Raise.gif
trapezius,Dumbbell Incline T-Raise,https://fitnessprogramer.com/wp-content/uploads/2021/09/Dumbbell-Incline-T-Raise.gif,/content/drive/MyDrive/fitness/data/Dumbbell-Incline-T-Raise.gif
trapezius,Swimming,https://fitnessprogramer.com/wp-content/uploads/2021/05/Swimming.gif,/content/drive/MyDrive/fitness/data/Swimming.gif
trapezius,Bent Over Rear Delt Fly | Gymstick,https://fitnessprogramer.com/wp-content/uploads/2022/05/Bent-Over-Rear-Delt-Fly-Gymstick.gif,/content/drive/MyDrive/fitness/data/Bent-Over-Rear-Delt-Fly-|-Gymstick.gif
trapezius,Scapular Protraction and Retraction,https://fitnessprogramer.com/wp-content/uploads/2021/10/Scapular-Protraction-and-Retraction.gif,/content/drive/MyDrive/fitness/data/Scapular-Protraction-and-Retraction.gif
trapezius,Cross Cable Face Pull,https://fitnessprogramer.com/wp-content/uploads/2022/04/Cross-Cable-Face-Pull.gif,/content/drive/MyDrive/fitness/data/Cross-Cable-Face-Pull.gif
trapezius,Elbow Reverse Push-Up,https://fitnessprogramer.com/wp-content/uploads/2021/08/Elbow-Reverse-Push-Up.gif,/content/drive/MyDrive/fitness/data/Elbow-Reverse-Push-Up.gif
trapezius,Scapula Dips,https://fitnessprogramer.com/wp-content/uploads/2021/09/Scapula-Dips.gif,/content/drive/MyDrive/fitness/data/Scapula-Dips.gif
trapezius,Push-Up Plus,https://fitnessprogramer.com/wp-content/uploads/2021/06/Push-Up-Plus.gif,/content/drive/MyDrive/fitness/data/Push-Up-Plus.gif
trapezius,Seated Ballerina Exercise,https://fitnessprogramer.com/wp-content/uploads/2022/02/Seated-Ballerina.gif,/content/drive/MyDrive/fitness/data/Seated-Ballerina-Exercise.gif
trapezius,Seated Scapular Retraction Exercise,https://fitnessprogramer.com/wp-content/uploads/2022/02/Seated-Scapular-Retraction-Exercise.gif,/content/drive/MyDrive/fitness/data/Seated-Scapular-Retraction-Exercise.gif
trapezius,Foam Roller Rhomboids,https://fitnessprogramer.com/wp-content/uploads/2022/02/Roll-Rhomboids.gif,/content/drive/MyDrive/fitness/data/Foam-Roller-Rhomboids.gif
trapezius,Foam Roller Upper Back,https://fitnessprogramer.com/wp-content/uploads/2022/02/Foam-Roller-Upper-Back.gif,/content/drive/MyDrive/fitness/data/Foam-Roller-Upper-Back.gif
trapezius,Scapula Pull-up,https://fitnessprogramer.com/wp-content/uploads/2022/01/Scapula-Pull-up.gif,/content/drive/MyDrive/fitness/data/Scapula-Pull-up.gif
trapezius,Serratus Wall Slide With Foam Roller,https://fitnessprogramer.com/wp-content/uploads/2022/02/Serratus-Wall-Slide-With-Foam-Roller.gif,/content/drive/MyDrive/fitness/data/Serratus-Wall-Slide-With-Foam-Roller.gif
trapezius,Dip Shrugs (Serratus Shrugs),https://fitnessprogramer.com/wp-content/uploads/2022/02/Dip-Shrugs.gif,/content/drive/MyDrive/fitness/data/Dip-Shrugs-(Serratus-Shrugs).gif
trapezius,Wide Grip Barbell Bent Over Row Plus,https://fitnessprogramer.com/wp-content/uploads/2023/02/Wide-Grip-Barbell-Bent-Over-Row-Plus.gif,/content/drive/MyDrive/fitness/data/Wide-Grip-Barbell-Bent-Over-Row-Plus.gif
trapezius,Wide Grip Alternate Barbell Bent Over Row Plus,https://fitnessprogramer.com/wp-content/uploads/2023/02/Wide-Grip-Alternate-Barbell-Bent-Over-Row-Plus.gif,/content/drive/MyDrive/fitness/data/Wide-Grip-Alternate-Barbell-Bent-Over-Row-Plus.gif
trapezius,One-Arm Dumbbell Upright Row,https://fitnessprogramer.com/wp-content/uploads/2022/12/One-Arm-Dumbbell-Upright-Row.gif,/content/drive/MyDrive/fitness/data/One-Arm-Dumbbell-Upright-Row.gif
trapezius,Cable Y Raise,https://fitnessprogramer.com/wp-content/uploads/2022/12/cable-y-raise.gif,/content/drive/MyDrive/fitness/data/Cable-Y-Raise.gif
trapezius,Barbell Upright Row,https://fitnessprogramer.com/wp-content/uploads/2021/02/barbell-uprightrow.gif,/content/drive/MyDrive/fitness/data/Barbell-Upright-Row.gif
trapezius,Resistance Band Bent Over Rear Delt Fly,https://fitnessprogramer.com/wp-content/uploads/2023/01/Resistance-Band-Bent-Over-Rear-Delt-Fly.gif,/content/drive/MyDrive/fitness/data/Resistance-Band-Bent-Over-Rear-Delt-Fly.gif
trapezius,Resistance Band Pull Apart,https://fitnessprogramer.com/wp-content/uploads/2022/12/Resistance-Band-Pull-Apart.gif,/content/drive/MyDrive/fitness/data/Resistance-Band-Pull-Apart.gif
trapezius,Single Arm Upright Row | Gymstick,https://fitnessprogramer.com/wp-content/uploads/2022/05/Standing-Single-Arm-Upright-Row.gif,/content/drive/MyDrive/fitness/data/Single-Arm-Upright-Row-|-Gymstick.gif
trapezius,Face Pull With Resistance Band,https://fitnessprogramer.com/wp-content/uploads/2022/05/Face-pull.gif,/content/drive/MyDrive/fitness/data/Face-Pull-With-Resistance-Band.gif
shoulders,One Arm Medicine Ball Slam,https://fitnessprogramer.com/wp-content/uploads/2024/06/One-Arm-Medicine-Ball-Slam.gif,/content/drive/MyDrive/fitness/data/One-Arm-Medicine-Ball-Slam.gif
shoulders,Seated Barbell Shoulder Press,https://fitnessprogramer.com/wp-content/uploads/2021/02/Barbell-Shoulder-Press.gif,/content/drive/MyDrive/fitness/data/Seated-Barbell-Shoulder-Press.gif
shoulders,Medicine Ball Overhead Throw,https://fitnessprogramer.com/wp-content/uploads/2023/09/Medicine-Ball-Overhead-Throw.gif,/content/drive/MyDrive/fitness/data/Medicine-Ball-Overhead-Throw.gif
shoulders,Dumbbell Push Press,https://fitnessprogramer.com/wp-content/uploads/2023/10/Dumbbell-Push-Press.gif,/content/drive/MyDrive/fitness/data/Dumbbell-Push-Press.gif
shoulders,Standing Dumbbell Shoulder Press,https://fitnessprogramer.com/wp-content/uploads/2023/09/Standing-Dumbbell-Overhead-Press.gif,/content/drive/MyDrive/fitness/data/Standing-Dumbbell-Shoulder-Press.gif
shoulders,Arm Scissors,https://fitnessprogramer.com/wp-content/uploads/2022/02/Arm-Scissors.gif,/content/drive/MyDrive/fitness/data/Arm-Scissors.gif
shoulders,Side Arm Raises,https://fitnessprogramer.com/wp-content/uploads/2021/02/arm-circles.gif,/content/drive/MyDrive/fitness/data/Side-Arm-Raises.gif
shoulders,Arm Circles,https://fitnessprogramer.com/wp-content/uploads/2021/07/Arm-Circles_Shoulders.gif,/content/drive/MyDrive/fitness/data/Arm-Circles.gif
shoulders,Dumbbell Lateral Raise,https://fitnessprogramer.com/wp-content/uploads/2021/02/Dumbbell-Lateral-Raise.gif,/content/drive/MyDrive/fitness/data/Dumbbell-Lateral-Raise.gif
shoulders,Dumbbell Shoulder Press,https://fitnessprogramer.com/wp-content/uploads/2021/02/Dumbbell-Shoulder-Press.gif,/content/drive/MyDrive/fitness/data/Dumbbell-Shoulder-Press.gif
shoulders,Smith Machine Behind Neck Press,https://fitnessprogramer.com/wp-content/uploads/2021/06/Smith-Machine-Behind-Neck-Press.gif,/content/drive/MyDrive/fitness/data/Smith-Machine-Behind-Neck-Press.gif
shoulders,Smith Machine Shoulder Press,https://fitnessprogramer.com/wp-content/uploads/2021/02/Smith-Machine-Shoulder-Press.gif,/content/drive/MyDrive/fitness/data/Smith-Machine-Shoulder-Press.gif
shoulders,Cable Lateral Raise,https://fitnessprogramer.com/wp-content/uploads/2021/02/Cable-Lateral-Raise.gif,/content/drive/MyDrive/fitness/data/Cable-Lateral-Raise.gif
shoulders,45 Degree Incline Row,https://fitnessprogramer.com/wp-content/uploads/2021/02/45-Degree-Incline-Row.gif,/content/drive/MyDrive/fitness/data/45-Degree-Incline-Row.gif
shoulders,Lever Shoulder Press,https://fitnessprogramer.com/wp-content/uploads/2021/04/Lever-Shoulder-Press.gif,/content/drive/MyDrive/fitness/data/Lever-Shoulder-Press.gif
shoulders,Standing Close Grip Military Press,https://fitnessprogramer.com/wp-content/uploads/2021/10/Standing-Barbell-Close-Grip-Military-Press.gif,/content/drive/MyDrive/fitness/data/Standing-Close-Grip-Military-Press.gif
shoulders,Barbell Military Press (Overhead press),https://fitnessprogramer.com/wp-content/uploads/2021/07/Barbell-Standing-Military-Press.gif,/content/drive/MyDrive/fitness/data/Barbell-Military-Press-(Overhead-press).gif
shoulders,Dumbbell Chest Supported Lateral Raises,https://fitnessprogramer.com/wp-content/uploads/2022/02/Dumbbell-Chest-Supported-Lateral-Raises.gif,/content/drive/MyDrive/fitness/data/Dumbbell-Chest-Supported-Lateral-Raises.gif
shoulders,Dumbbell 6 Way Raise,https://fitnessprogramer.com/wp-content/uploads/2022/02/Dumbbell-6-Ways-Raise.gif,/content/drive/MyDrive/fitness/data/Dumbbell-6-Way-Raise.gif
shoulders,Dumbbell 4 Way Lateral Raise,https://fitnessprogramer.com/wp-content/uploads/2022/02/Dumbbell-4-Ways-Lateral-Raise.gif,/content/drive/MyDrive/fitness/data/Dumbbell-4-Way-Lateral-Raise.gif
shoulders,Alternating Dumbbell Front Raise,https://fitnessprogramer.com/wp-content/uploads/2021/06/Alternating-Dumbbell-Front-Raise.gif,/content/drive/MyDrive/fitness/data/Alternating-Dumbbell-Front-Raise.gif
shoulders,Two Arm Cable Front Raise,https://fitnessprogramer.com/wp-content/uploads/2021/08/Two-Arm-Cable-Front-Raise.gif,/content/drive/MyDrive/fitness/data/Two-Arm-Cable-Front-Raise.gif
shoulders,Two Arm Dumbbell Front Raise,https://fitnessprogramer.com/wp-content/uploads/2021/08/Two-Arm-Dumbbell-Front-Raise.gif,/content/drive/MyDrive/fitness/data/Two-Arm-Dumbbell-Front-Raise.gif
shoulders,Dumbbell Front Raise,https://fitnessprogramer.com/wp-content/uploads/2021/02/Dumbbell-Front-Raise.gif,/content/drive/MyDrive/fitness/data/Dumbbell-Front-Raise.gif
shoulders,Cable Front Raise,https://fitnessprogramer.com/wp-content/uploads/2021/02/Cable-Front-Raise.gif,/content/drive/MyDrive/fitness/data/Cable-Front-Raise.gif
shoulders,Leaning Single Arm Dumbbell Lateral Raise,https://fitnessprogramer.com/wp-content/uploads/2021/06/Leaning-Single-Arm-Dumbbell-Lateral-Raise.gif,/content/drive/MyDrive/fitness/data/Leaning-Single-Arm-Dumbbell-Lateral-Raise.gif
shoulders,Seated Behind Neck Press,https://fitnessprogramer.com/wp-content/uploads/2021/05/Seated-Behind-the-Neck-Press.gif,/content/drive/MyDrive/fitness/data/Seated-Behind-Neck-Press.gif
shoulders,Rear Delt Fly Machine,https://fitnessprogramer.com/wp-content/uploads/2021/02/Rear-Delt-Machine-Flys.gif,/content/drive/MyDrive/fitness/data/Rear-Delt-Fly-Machine.gif
shoulders,Seated Rear Lateral Dumbbell Raise,https://fitnessprogramer.com/wp-content/uploads/2021/02/Seated-Rear-Lateral-Dumbbell-Raise.gif,/content/drive/MyDrive/fitness/data/Seated-Rear-Lateral-Dumbbell-Raise.gif
shoulders,Half Arnold Press,https://fitnessprogramer.com/wp-content/uploads/2021/10/Half-Arnold-Press.gif,/content/drive/MyDrive/fitness/data/Half-Arnold-Press.gif
shoulders,Arnold Press,https://fitnessprogramer.com/wp-content/uploads/2021/02/Arnold-Press.gif,/content/drive/MyDrive/fitness/data/Arnold-Press.gif
shoulders,Seated Dumbbell Lateral Raise,https://fitnessprogramer.com/wp-content/uploads/2021/04/Seated-Dumbbell-Lateral-Raise.gif,/content/drive/MyDrive/fitness/data/Seated-Dumbbell-Lateral-Raise.gif
shoulders,Cable Rear Delt Fly,https://fitnessprogramer.com/wp-content/uploads/2021/02/cable-rear-delt-fly.gif,/content/drive/MyDrive/fitness/data/Cable-Rear-Delt-Fly.gif
shoulders,Bent Over Lateral Raise,https://fitnessprogramer.com/wp-content/uploads/2021/02/Bent-Over-Lateral-Raise.gif,/content/drive/MyDrive/fitness/data/Bent-Over-Lateral-Raise.gif
shoulders,Bent Arm Lateral Raise,https://fitnessprogramer.com/wp-content/uploads/2021/06/Dumbbell-Bent-Arm-Laterl-Raise.gif,/content/drive/MyDrive/fitness/data/Bent-Arm-Lateral-Raise.gif
shoulders,Cable Upright Row,https://fitnessprogramer.com/wp-content/uploads/2021/02/Cable-Upright-Row.gif,/content/drive/MyDrive/fitness/data/Cable-Upright-Row.gif
shoulders,Face Pull,https://fitnessprogramer.com/wp-content/uploads/2021/02/Face-Pull.gif,/content/drive/MyDrive/fitness/data/Face-Pull.gif
shoulders,Half Kneeling High Cable Row Rope,https://fitnessprogramer.com/wp-content/uploads/2021/04/Half-Kneeling-High-Cable-Row-Rope.gif,/content/drive/MyDrive/fitness/data/Half-Kneeling-High-Cable-Row-Rope.gif
shoulders,Leaning Cable Lateral Raise,https://fitnessprogramer.com/wp-content/uploads/2021/09/Leaning-Cable-Lateral-Raise.gif,/content/drive/MyDrive/fitness/data/Leaning-Cable-Lateral-Raise.gif
shoulders,Dumbbell Raise,https://fitnessprogramer.com/wp-content/uploads/2021/04/Dumbbell-Raise.gif,/content/drive/MyDrive/fitness/data/Dumbbell-Raise.gif
shoulders,Dumbbell Upright Row,https://fitnessprogramer.com/wp-content/uploads/2021/04/Dumbbell-Upright-Row.gif,/content/drive/MyDrive/fitness/data/Dumbbell-Upright-Row.gif
shoulders,Bodyweight Military Press,https://fitnessprogramer.com/wp-content/uploads/2021/04/Bodyweight-Military-Press.gif,/content/drive/MyDrive/fitness/data/Bodyweight-Military-Press.gif
shoulders,Push Press,https://fitnessprogramer.com/wp-content/uploads/2021/02/push-press-1.gif,/content/drive/MyDrive/fitness/data/Push-Press.gif
shoulders,Ez Bar Upright Row,https://fitnessprogramer.com/wp-content/uploads/2021/02/Barbell-Upright-Row.gif,/content/drive/MyDrive/fitness/data/Ez-Bar-Upright-Row.gif
shoulders,Dumbbell Lying One-Arm Rear Lateral Raise,https://fitnessprogramer.com/wp-content/uploads/2021/06/Dumbbell-Lying-One-Arm-Rear-Lateral-Raise.gif,/content/drive/MyDrive/fitness/data/Dumbbell-Lying-One-Arm-Rear-Lateral-Raise.gif
shoulders,Lateral Raise Machine,https://fitnessprogramer.com/wp-content/uploads/2021/06/Lateral-Raise-Machine.gif,/content/drive/MyDrive/fitness/data/Lateral-Raise-Machine.gif
shoulders,Scott Press,https://fitnessprogramer.com/wp-content/uploads/2021/06/scott-press.gif,/content/drive/MyDrive/fitness/data/Scott-Press.gif
shoulders,Band Pull-Apart,https://fitnessprogramer.com/wp-content/uploads/2021/06/Band-pull-apart.gif,/content/drive/MyDrive/fitness/data/Band-Pull-Apart.gif
shoulders,Bent Over Reverse Cable Fly,https://fitnessprogramer.com/wp-content/uploads/2021/04/bent-over-reverse-cable-fly.gif,/content/drive/MyDrive/fitness/data/Bent-Over-Reverse-Cable-Fly.gif
shoulders,Bent-Over Barbell Reverse Raise,https://fitnessprogramer.com/wp-content/uploads/2021/04/Bent-Over-Barbell-Reverse-Raise.gif,/content/drive/MyDrive/fitness/data/Bent-Over-Barbell-Reverse-Raise.gif
shoulders,Weighted Round Arm,https://fitnessprogramer.com/wp-content/uploads/2021/04/weighted-round-arm.gif,/content/drive/MyDrive/fitness/data/Weighted-Round-Arm.gif
shoulders,Weight Plate Front Raise,https://fitnessprogramer.com/wp-content/uploads/2021/04/Weight-Plate-Front-Raise-1.gif,/content/drive/MyDrive/fitness/data/Weight-Plate-Front-Raise.gif
shoulders,Two Arm Cable Lateral Raise,https://fitnessprogramer.com/wp-content/uploads/2021/04/Two-Arm-Cable-Lateral-Raise.gif,/content/drive/MyDrive/fitness/data/Two-Arm-Cable-Lateral-Raise.gif
shoulders,Landmine Squat to Press,https://fitnessprogramer.com/wp-content/uploads/2021/04/Landmine-Press.gif,/content/drive/MyDrive/fitness/data/Landmine-Squat-to-Press.gif
shoulders,Cable Shoulder Press,https://fitnessprogramer.com/wp-content/uploads/2021/04/Cable-Shoulder-Press.gif,/content/drive/MyDrive/fitness/data/Cable-Shoulder-Press.gif
shoulders,Barbell Rear Delt Raise,https://fitnessprogramer.com/wp-content/uploads/2021/04/Barbell-Rear-Delt-Raise.gif,/content/drive/MyDrive/fitness/data/Barbell-Rear-Delt-Raise.gif
shoulders,Double Cable Front Raise,https://fitnessprogramer.com/wp-content/uploads/2021/04/Double-Cable-Front-Raise.gif,/content/drive/MyDrive/fitness/data/Double-Cable-Front-Raise.gif
shoulders,Standing Smith Machine Shoulder Press,https://fitnessprogramer.com/wp-content/uploads/2021/06/Standing-Smith-Machine-Shoulder-Press.gif,/content/drive/MyDrive/fitness/data/Standing-Smith-Machine-Shoulder-Press.gif
shoulders,Dumbbell W Press,https://fitnessprogramer.com/wp-content/uploads/2021/04/Dumbbell-W-Press.gif,/content/drive/MyDrive/fitness/data/Dumbbell-W-Press.gif
shoulders,Dumbbell One Arm Shoulder Press,https://fitnessprogramer.com/wp-content/uploads/2021/04/Dumbbell-One-Arm-Shoulder-Press.gif,/content/drive/MyDrive/fitness/data/Dumbbell-One-Arm-Shoulder-Press.gif
shoulders,Dumbbell Scaption,https://fitnessprogramer.com/wp-content/uploads/2021/04/Dumbbell-Scaption.gif,/content/drive/MyDrive/fitness/data/Dumbbell-Scaption.gif
shoulders,Barbell Clean and Press,https://fitnessprogramer.com/wp-content/uploads/2021/04/Barbell-Clean-and-Press-.gif,/content/drive/MyDrive/fitness/data/Barbell-Clean-and-Press.gif
shoulders,Dumbbell Cuban Press,https://fitnessprogramer.com/wp-content/uploads/2021/04/dumbbell-cuban-press-.gif,/content/drive/MyDrive/fitness/data/Dumbbell-Cuban-Press.gif
shoulders,Dumbbell Cuban External Rotation,https://fitnessprogramer.com/wp-content/uploads/2021/04/Dumbbell-Cuban-External-Rotation.gif,/content/drive/MyDrive/fitness/data/Dumbbell-Cuban-External-Rotation.gif
shoulders,Standing Alternating Dumbbell Shoulder Press,https://fitnessprogramer.com/wp-content/uploads/2021/06/Standing-Alternating-Dumbbell-Shoulder-Press.gif,/content/drive/MyDrive/fitness/data/Standing-Alternating-Dumbbell-Shoulder-Press.gif
shoulders,Cable External Shoulder Rotation,https://fitnessprogramer.com/wp-content/uploads/2021/04/Cable-External-Shoulder-Rotation.gif,/content/drive/MyDrive/fitness/data/Cable-External-Shoulder-Rotation.gif
shoulders,Cable Internal Shoulder Rotation,https://fitnessprogramer.com/wp-content/uploads/2021/04/Cable-Internal-Shoulder-Rotation.gif,/content/drive/MyDrive/fitness/data/Cable-Internal-Shoulder-Rotation.gif
shoulders,Across Chest Shoulder Stretch,https://fitnessprogramer.com/wp-content/uploads/2021/04/Across-Chest-Shoulder-Stretch.gif,/content/drive/MyDrive/fitness/data/Across-Chest-Shoulder-Stretch.gif
shoulders,Standing Reach Up Back rotation Stretch,https://fitnessprogramer.com/wp-content/uploads/2021/04/Standing-Reach-Up-Back-rotation-Stretch.gif,/content/drive/MyDrive/fitness/data/Standing-Reach-Up-Back-rotation-Stretch.gif
shoulders,Shoulder Stretch Behind Back,https://fitnessprogramer.com/wp-content/uploads/2021/04/Shoulder-Stretch-Behind-Back.gif,/content/drive/MyDrive/fitness/data/Shoulder-Stretch-Behind-Back.gif
shoulders,Incline Dumbbell Side Lateral Raise,https://fitnessprogramer.com/wp-content/uploads/2021/06/Incline-Dumbbell-Side-Lateral-Raise.gif,/content/drive/MyDrive/fitness/data/Incline-Dumbbell-Side-Lateral-Raise.gif
shoulders,Dumbbell Side Lying Rear Delt Raise,https://fitnessprogramer.com/wp-content/uploads/2021/09/Dumbbell-Side-Lying-Rear-Delt-Raise.gif,/content/drive/MyDrive/fitness/data/Dumbbell-Side-Lying-Rear-Delt-Raise.gif
shoulders,Lying Cable Reverse Fly,https://fitnessprogramer.com/wp-content/uploads/2021/04/Lying-Cable-Reverse-Fly.gif,/content/drive/MyDrive/fitness/data/Lying-Cable-Reverse-Fly.gif
shoulders,Single Arm Circles,https://fitnessprogramer.com/wp-content/uploads/2022/04/Single-Arm-Circles.gif,/content/drive/MyDrive/fitness/data/Single-Arm-Circles.gif
shoulders,Dumbbell Lateral to Front Raise,https://fitnessprogramer.com/wp-content/uploads/2021/10/Dumbbell-Lateral-to-Front-Raise.gif,/content/drive/MyDrive/fitness/data/Dumbbell-Lateral-to-Front-Raise.gif
shoulders,One-Arm Bent Over Cable Lateral Raise,https://fitnessprogramer.com/wp-content/uploads/2021/09/One-Arm-Bent-Over-Cable-Lateral-Raise.gif,/content/drive/MyDrive/fitness/data/One-Arm-Bent-Over-Cable-Lateral-Raise.gif
shoulders,Handstand Push-Up,https://fitnessprogramer.com/wp-content/uploads/2021/06/handstand-push-up.gif,/content/drive/MyDrive/fitness/data/Handstand-Push-Up.gif
shoulders,EZ Bar Underhand Press,https://fitnessprogramer.com/wp-content/uploads/2021/06/EZ-Bar-Underhand-Press.gif,/content/drive/MyDrive/fitness/data/EZ-Bar-Underhand-Press.gif
shoulders,Dumbbell Lying External Shoulder Rotation,https://fitnessprogramer.com/wp-content/uploads/2021/09/Dumbbell-Lying-External-Shoulder-Rotation.gif,/content/drive/MyDrive/fitness/data/Dumbbell-Lying-External-Shoulder-Rotation.gif
shoulders,Incline Dumbbell Reverse Fly,https://fitnessprogramer.com/wp-content/uploads/2021/02/Dumbbell-Reverse-Fly.gif,/content/drive/MyDrive/fitness/data/Incline-Dumbbell-Reverse-Fly.gif
shoulders,Incline Dumbbell Y-Raise,https://fitnessprogramer.com/wp-content/uploads/2021/10/Incline-Dumbbell-Y-Raise.gif,/content/drive/MyDrive/fitness/data/Incline-Dumbbell-Y-Raise.gif
shoulders,Dumbbell Incline T-Raise,https://fitnessprogramer.com/wp-content/uploads/2021/09/Dumbbell-Incline-T-Raise.gif,/content/drive/MyDrive/fitness/data/Dumbbell-Incline-T-Raise.gif
shoulders,Bench Supported Dumbbell External Rotation,https://fitnessprogramer.com/wp-content/uploads/2021/09/Bench-Supported-Dumbbell-External-Rotation.gif,/content/drive/MyDrive/fitness/data/Bench-Supported-Dumbbell-External-Rotation.gif
shoulders,Dumbbell Seated Bent Over Rear Delt Row,https://fitnessprogramer.com/wp-content/uploads/2021/09/Dumbbell-Seated-Bent-Over-Rear-Delt-Row.gif,/content/drive/MyDrive/fitness/data/Dumbbell-Seated-Bent-Over-Rear-Delt-Row.gif
shoulders,Dumbbell Standing Palms In Press,https://fitnessprogramer.com/wp-content/uploads/2021/09/Dumbbell-Standing-Palms-In-Press.gif,/content/drive/MyDrive/fitness/data/Dumbbell-Standing-Palms-In-Press.gif
shoulders,Lying Shoulder Press,https://fitnessprogramer.com/wp-content/uploads/2021/09/Lying-Shoulder-Press.gif,/content/drive/MyDrive/fitness/data/Lying-Shoulder-Press.gif
shoulders,Dumbbell Rear Delt Row,https://fitnessprogramer.com/wp-content/uploads/2022/01/Dumbbell-Rear-Delt-Row.gif,/content/drive/MyDrive/fitness/data/Dumbbell-Rear-Delt-Row.gif
shoulders,Lever Lateral Raise,https://fitnessprogramer.com/wp-content/uploads/2021/09/Lever-Lateral-Raise.gif,/content/drive/MyDrive/fitness/data/Lever-Lateral-Raise.gif
shoulders,Kettlebell One-Arm Military Press,https://fitnessprogramer.com/wp-content/uploads/2021/09/Kettlebell-One-Arm-Military-Press.gif,/content/drive/MyDrive/fitness/data/Kettlebell-One-Arm-Military-Press.gif
shoulders,Kettlebell Split Snatch,https://fitnessprogramer.com/wp-content/uploads/2021/09/Kettlebell-Split-Snatch.gif,/content/drive/MyDrive/fitness/data/Kettlebell-Split-Snatch.gif
shoulders,Kettlebell Windmill,https://fitnessprogramer.com/wp-content/uploads/2021/09/Kettlebell-Windmill.gif,/content/drive/MyDrive/fitness/data/Kettlebell-Windmill.gif
shoulders,Kettlebell Swings,https://fitnessprogramer.com/wp-content/uploads/2021/09/Kettlebell-Swings.gif,/content/drive/MyDrive/fitness/data/Kettlebell-Swings.gif
shoulders,Kettlebell Arnold Press,https://fitnessprogramer.com/wp-content/uploads/2021/09/Kettlebell-Arnold-Press.gif,/content/drive/MyDrive/fitness/data/Kettlebell-Arnold-Press.gif
shoulders,Bent Over Rear Delt Fly | Gymstick,https://fitnessprogramer.com/wp-content/uploads/2022/05/Bent-Over-Rear-Delt-Fly-Gymstick.gif,/content/drive/MyDrive/fitness/data/Bent-Over-Rear-Delt-Fly-|-Gymstick.gif
shoulders,Cable Seated Shoulder Internal Rotation,https://fitnessprogramer.com/wp-content/uploads/2021/10/Cable-Seated-Shoulder-Internal-Rotation.gif,/content/drive/MyDrive/fitness/data/Cable-Seated-Shoulder-Internal-Rotation.gif
shoulders,Half Kneeling Cable External Rotation,https://fitnessprogramer.com/wp-content/uploads/2021/10/Half-Kneeling-Cable-External-Rotation.gif,/content/drive/MyDrive/fitness/data/Half-Kneeling-Cable-External-Rotation.gif
shoulders,Landmine Lateral Raise,https://fitnessprogramer.com/wp-content/uploads/2021/10/Landmine-Lateral-Raise.gif,/content/drive/MyDrive/fitness/data/Landmine-Lateral-Raise.gif
shoulders,Seated Dumbbell Front Raise,https://fitnessprogramer.com/wp-content/uploads/2021/10/seated-dumbbell-front-raise.gif,/content/drive/MyDrive/fitness/data/Seated-Dumbbell-Front-Raise.gif
shoulders,Scapular Protraction and Retraction,https://fitnessprogramer.com/wp-content/uploads/2021/10/Scapular-Protraction-and-Retraction.gif,/content/drive/MyDrive/fitness/data/Scapular-Protraction-and-Retraction.gif
shoulders,One Arm Kettlebell Snatch,https://fitnessprogramer.com/wp-content/uploads/2021/03/One-Arm-Kettlebell-Snatch-exercise.gif,/content/drive/MyDrive/fitness/data/One-Arm-Kettlebell-Snatch.gif
shoulders,Cross Cable Face Pull,https://fitnessprogramer.com/wp-content/uploads/2022/04/Cross-Cable-Face-Pull.gif,/content/drive/MyDrive/fitness/data/Cross-Cable-Face-Pull.gif
shoulders,One Arm Landmine Row,https://fitnessprogramer.com/wp-content/uploads/2021/10/One-Arm-Landmine-Row.gif,/content/drive/MyDrive/fitness/data/One-Arm-Landmine-Row.gif
shoulders,Resistance Band Seated Shoulder Press,https://fitnessprogramer.com/wp-content/uploads/2021/08/Resistance-Band-Seated-Shoulder-Press.gif,/content/drive/MyDrive/fitness/data/Resistance-Band-Seated-Shoulder-Press.gif
shoulders,Bench Pike Push-up,https://fitnessprogramer.com/wp-content/uploads/2021/06/Bench-Pike-Push-up.gif,/content/drive/MyDrive/fitness/data/Bench-Pike-Push-up.gif
shoulders,Pike Push-up,https://fitnessprogramer.com/wp-content/uploads/2021/06/Pike-Push-up.gif,/content/drive/MyDrive/fitness/data/Pike-Push-up.gif
shoulders,Tall Kneeling One Arm Kettlebell Press,https://fitnessprogramer.com/wp-content/uploads/2021/06/Half-Kneeling-One-Arm-Kettlebell-Press.gif,/content/drive/MyDrive/fitness/data/Tall-Kneeling-One-Arm-Kettlebell-Press.gif
shoulders,Kettlebell Clean and Jerk,https://fitnessprogramer.com/wp-content/uploads/2021/06/Kettlebell-Clean-and-Jerk.gif,/content/drive/MyDrive/fitness/data/Kettlebell-Clean-and-Jerk.gif
shoulders,Full Range Of Motion Lat Pulldown,https://fitnessprogramer.com/wp-content/uploads/2022/04/Full-Range-Of-Motion-Lat-Pulldown.gif,/content/drive/MyDrive/fitness/data/Full-Range-Of-Motion-Lat-Pulldown.gif
shoulders,Lever Shoulder Press (Hammer Grip),https://fitnessprogramer.com/wp-content/uploads/2022/04/Lever-Shoulder-Press-Hammer-Grip.gif,/content/drive/MyDrive/fitness/data/Lever-Shoulder-Press-(Hammer-Grip).gif
shoulders,Dumbbell Lying Rear Lateral Raise,https://fitnessprogramer.com/wp-content/uploads/2022/03/Dumbbell-Lying-Rear-Lateral-Raise.gif,/content/drive/MyDrive/fitness/data/Dumbbell-Lying-Rear-Lateral-Raise.gif
shoulders,Lever Reverse Shoulder Press,https://fitnessprogramer.com/wp-content/uploads/2021/09/Lever-Reverse-Shoulder-Press.gif,/content/drive/MyDrive/fitness/data/Lever-Reverse-Shoulder-Press.gif
shoulders,Side Lying Rear Delt Dumbbell Raise,https://fitnessprogramer.com/wp-content/uploads/2021/09/Side-Lying-Rear-Delt-Dumbbell-Raise.gif,/content/drive/MyDrive/fitness/data/Side-Lying-Rear-Delt-Dumbbell-Raise.gif
shoulders,Scapula Dips,https://fitnessprogramer.com/wp-content/uploads/2021/09/Scapula-Dips.gif,/content/drive/MyDrive/fitness/data/Scapula-Dips.gif
shoulders,Ez-Bar Incline Front Raise,https://fitnessprogramer.com/wp-content/uploads/2021/09/Incline-Front-Raise.gif,/content/drive/MyDrive/fitness/data/Ez-Bar-Incline-Front-Raise.gif
shoulders,Back Lever,https://fitnessprogramer.com/wp-content/uploads/2023/06/Back-Lever.gif,/content/drive/MyDrive/fitness/data/Back-Lever.gif
shoulders,Barbell Front Raise Twist,https://fitnessprogramer.com/wp-content/uploads/2021/10/Barbell-Front-Raise-Twist.gif,/content/drive/MyDrive/fitness/data/Barbell-Front-Raise-Twist.gif
shoulders,Kettlebell Shoulder Press,https://fitnessprogramer.com/wp-content/uploads/2021/11/Kettlebell-Shoulder-Press.gif,/content/drive/MyDrive/fitness/data/Kettlebell-Shoulder-Press.gif
shoulders,Wall-Supported Handstand Push-Ups,https://fitnessprogramer.com/wp-content/uploads/2023/07/wall-supported-handstand-push-up.gif,/content/drive/MyDrive/fitness/data/Wall-Supported-Handstand-Push-Ups.gif
shoulders,Towel Shoulder Stretch,https://fitnessprogramer.com/wp-content/uploads/2021/10/Stretch-With-Towel.gif,/content/drive/MyDrive/fitness/data/Towel-Shoulder-Stretch.gif
shoulders,Kettlebell Thruster,https://fitnessprogramer.com/wp-content/uploads/2021/05/Kettlebell-Thruster.gif,/content/drive/MyDrive/fitness/data/Kettlebell-Thruster.gif
shoulders,One Arm Dumbbell Snatch,https://fitnessprogramer.com/wp-content/uploads/2021/05/One-Arm-Dumbbell-Snatch.gif,/content/drive/MyDrive/fitness/data/One-Arm-Dumbbell-Snatch.gif
shoulders,Band Front Lateral Raise,https://fitnessprogramer.com/wp-content/uploads/2022/07/Band-Front-Lateral-Raise.gif,/content/drive/MyDrive/fitness/data/Band-Front-Lateral-Raise.gif
shoulders,Shoulder Pendulum,https://fitnessprogramer.com/wp-content/uploads/2023/02/pendulum.gif,/content/drive/MyDrive/fitness/data/Shoulder-Pendulum.gif
shoulders,90-Degree Cable External Rotation,https://fitnessprogramer.com/wp-content/uploads/2022/10/90-Degree-Cable-External-Rotation-.gif,/content/drive/MyDrive/fitness/data/90-Degree-Cable-External-Rotation.gif
shoulders,90-degree Cable Internal Rotation,https://fitnessprogramer.com/wp-content/uploads/2023/06/Cable-Shoulder-90-degrees-Internal-Rotation.gif,/content/drive/MyDrive/fitness/data/90-degree-Cable-Internal-Rotation.gif
shoulders,Seated Ballerina Exercise,https://fitnessprogramer.com/wp-content/uploads/2022/02/Seated-Ballerina.gif,/content/drive/MyDrive/fitness/data/Seated-Ballerina-Exercise.gif
shoulders,Seated Scapular Retraction Exercise,https://fitnessprogramer.com/wp-content/uploads/2022/02/Seated-Scapular-Retraction-Exercise.gif,/content/drive/MyDrive/fitness/data/Seated-Scapular-Retraction-Exercise.gif
shoulders,Foam Roller Posterior Shoulder,https://fitnessprogramer.com/wp-content/uploads/2022/02/Foam-Roller-Posterior-Shoulder.gif,/content/drive/MyDrive/fitness/data/Foam-Roller-Posterior-Shoulder.gif
shoulders,Foam Roller Front Shoulder and Chest,https://fitnessprogramer.com/wp-content/uploads/2022/02/Roll-Front-Shoulder-and-Chest-Lying-on-Floor.gif,/content/drive/MyDrive/fitness/data/Foam-Roller-Front-Shoulder-and-Chest.gif
shoulders,Rotator Cuff Stretch,https://fitnessprogramer.com/wp-content/uploads/2022/02/Rotator-Cuff-Stretch.gif,/content/drive/MyDrive/fitness/data/Rotator-Cuff-Stretch.gif
shoulders,Assisted Reverse Stretch (Chest And Shoulder),https://fitnessprogramer.com/wp-content/uploads/2022/02/Reverse-Shoulder-Stretch.gif,/content/drive/MyDrive/fitness/data/Assisted-Reverse-Stretch-(Chest-And-Shoulder).gif
shoulders,Lying Upper Body Rotation,https://fitnessprogramer.com/wp-content/uploads/2022/02/Lying-Upper-Body-Rotation.gif,/content/drive/MyDrive/fitness/data/Lying-Upper-Body-Rotation.gif
shoulders,Kneeling Back Rotation,https://fitnessprogramer.com/wp-content/uploads/2022/02/Kneeling-Back-Rotation-Stretch.gif,/content/drive/MyDrive/fitness/data/Kneeling-Back-Rotation.gif
shoulders,Serratus Wall Slide With Foam Roller,https://fitnessprogramer.com/wp-content/uploads/2022/02/Serratus-Wall-Slide-With-Foam-Roller.gif,/content/drive/MyDrive/fitness/data/Serratus-Wall-Slide-With-Foam-Roller.gif
shoulders,Wall Supported Arm Raises,https://fitnessprogramer.com/wp-content/uploads/2022/02/Wall-Supported-Arm-Raises.gif,/content/drive/MyDrive/fitness/data/Wall-Supported-Arm-Raises.gif
shoulders,Backhand Raise,https://fitnessprogramer.com/wp-content/uploads/2022/02/Backhand-Raise.gif,/content/drive/MyDrive/fitness/data/Backhand-Raise.gif
shoulders,Dumbbell Seated Cuban Press,https://fitnessprogramer.com/wp-content/uploads/2022/02/Dumbbell-Seated-Cuban-Press.gif,/content/drive/MyDrive/fitness/data/Dumbbell-Seated-Cuban-Press.gif
shoulders,Kneeling Cable Shoulder Press,https://fitnessprogramer.com/wp-content/uploads/2022/02/Kneeling-Cable-Shoulder-Press.gif,/content/drive/MyDrive/fitness/data/Kneeling-Cable-Shoulder-Press.gif
shoulders,Wall Slides,https://fitnessprogramer.com/wp-content/uploads/2021/02/wall-slide.gif,/content/drive/MyDrive/fitness/data/Wall-Slides.gif
shoulders,Kneeling T-spine Rotation,https://fitnessprogramer.com/wp-content/uploads/2022/08/Kneeling-T-spine-Rotation.gif,/content/drive/MyDrive/fitness/data/Kneeling-T-spine-Rotation.gif
shoulders,Plate Loaded Shoulder Press,https://fitnessprogramer.com/wp-content/uploads/2022/04/Plate-Loaded-Shoulder-Press.gif,/content/drive/MyDrive/fitness/data/Plate-Loaded-Shoulder-Press.gif
shoulders,Chest Supported Dumbbell Front Raises,https://fitnessprogramer.com/wp-content/uploads/2022/02/Chest-Supported-Dumbbell-Front-Raises.gif,/content/drive/MyDrive/fitness/data/Chest-Supported-Dumbbell-Front-Raises.gif
shoulders,One-Arm Dumbbell Upright Row,https://fitnessprogramer.com/wp-content/uploads/2022/12/One-Arm-Dumbbell-Upright-Row.gif,/content/drive/MyDrive/fitness/data/One-Arm-Dumbbell-Upright-Row.gif
shoulders,Single Arm Arnold Press,https://fitnessprogramer.com/wp-content/uploads/2022/12/Single-Arm-Arnold-Press.gif,/content/drive/MyDrive/fitness/data/Single-Arm-Arnold-Press.gif
shoulders,Kneeling Landmine Press,https://fitnessprogramer.com/wp-content/uploads/2022/12/Kneeling-Landmine-Press.gif,/content/drive/MyDrive/fitness/data/Kneeling-Landmine-Press.gif
shoulders,Pike Push-Up Between Chairs,https://fitnessprogramer.com/wp-content/uploads/2022/12/Pike-Push-Up-Between-Chairs.gif,/content/drive/MyDrive/fitness/data/Pike-Push-Up-Between-Chairs.gif
shoulders,Kettlebell Clean and Press,https://fitnessprogramer.com/wp-content/uploads/2023/06/Kettlebell-Clean-and-Press.gif,/content/drive/MyDrive/fitness/data/Kettlebell-Clean-and-Press.gif
shoulders,Dumbbell Z Press,https://fitnessprogramer.com/wp-content/uploads/2022/12/Dumbbell-Z-Press.gif,/content/drive/MyDrive/fitness/data/Dumbbell-Z-Press.gif
shoulders,Cable Y Raise,https://fitnessprogramer.com/wp-content/uploads/2022/12/cable-y-raise.gif,/content/drive/MyDrive/fitness/data/Cable-Y-Raise.gif
shoulders,Alternate Dumbbell Lateral Raise,https://fitnessprogramer.com/wp-content/uploads/2022/12/Alternate-Dumbbell-Lateral-Raise.gif,/content/drive/MyDrive/fitness/data/Alternate-Dumbbell-Lateral-Raise.gif
shoulders,Back Slaps Wrap Around Stretch,https://fitnessprogramer.com/wp-content/uploads/2022/12/Back-Slaps-Wrap-Around-Stretch.gif,/content/drive/MyDrive/fitness/data/Back-Slaps-Wrap-Around-Stretch.gif
shoulders,Reaction Ball Throw,https://fitnessprogramer.com/wp-content/uploads/2023/08/Reaction-Ball-Throw-Agility-Ball-Drill-.gif,/content/drive/MyDrive/fitness/data/Reaction-Ball-Throw.gif
shoulders,Front Rack PVC Stretch,https://fitnessprogramer.com/wp-content/uploads/2023/06/PVC-Front-Rack-Stretch.gif,/content/drive/MyDrive/fitness/data/Front-Rack-PVC-Stretch.gif
shoulders,Lever High Row,https://fitnessprogramer.com/wp-content/uploads/2023/06/Lever-High-Row.gif,/content/drive/MyDrive/fitness/data/Lever-High-Row.gif
shoulders,Cable Half Kneeling Pallof Press,https://fitnessprogramer.com/wp-content/uploads/2022/02/Cable-Half-Kneeling-Pallof-Press.gif,/content/drive/MyDrive/fitness/data/Cable-Half-Kneeling-Pallof-Press.gif
shoulders,Chest and Front of Shoulder Stretch,https://fitnessprogramer.com/wp-content/uploads/2022/02/Chest-and-Front-of-Shoulder-Stretch.gif,/content/drive/MyDrive/fitness/data/Chest-and-Front-of-Shoulder-Stretch.gif
shoulders,Shoulder External Rotation,https://fitnessprogramer.com/wp-content/uploads/2023/06/shoulder-external-rotation-stretch.gif,/content/drive/MyDrive/fitness/data/Shoulder-External-Rotation.gif
shoulders,Shoulder Internal Rotation,https://fitnessprogramer.com/wp-content/uploads/2023/06/shoulder-internal-rotation-stretch.gif,/content/drive/MyDrive/fitness/data/Shoulder-Internal-Rotation.gif
shoulders,Lateral Raise with Towel on Wall,https://fitnessprogramer.com/wp-content/uploads/2023/06/Lateral-Raise-with-Towel-on-Wall.gif,/content/drive/MyDrive/fitness/data/Lateral-Raise-with-Towel-on-Wall.gif
shoulders,Alternating Shoulder Flexion,https://fitnessprogramer.com/wp-content/uploads/2023/06/Back-to-Wall-Alternating-Shoulder-Flexion.gif,/content/drive/MyDrive/fitness/data/Alternating-Shoulder-Flexion.gif
shoulders,Banded Shoulder External Rotation,https://fitnessprogramer.com/wp-content/uploads/2023/06/Banded-Shoulder-External-Rotation.gif,/content/drive/MyDrive/fitness/data/Banded-Shoulder-External-Rotation.gif
shoulders,Banded Shoulder Flexion,https://fitnessprogramer.com/wp-content/uploads/2023/06/Banded-Shoulder-Flexion.gif,/content/drive/MyDrive/fitness/data/Banded-Shoulder-Flexion.gif
shoulders,Banded Shoulder Extension,https://fitnessprogramer.com/wp-content/uploads/2023/06/Banded-Shoulder-Extension.gif,/content/drive/MyDrive/fitness/data/Banded-Shoulder-Extension.gif
shoulders,Band Single Arm Shoulder Press,https://fitnessprogramer.com/wp-content/uploads/2022/02/Band-Single-Arm-Shoulder-Press.gif,/content/drive/MyDrive/fitness/data/Band-Single-Arm-Shoulder-Press.gif
shoulders,Handstand Push-ups Between Benches,https://fitnessprogramer.com/wp-content/uploads/2023/07/Handstand-Push-ups-Between-Benches.gif,/content/drive/MyDrive/fitness/data/Handstand-Push-ups-Between-Benches.gif
shoulders,Kipping Handstand Push-up,https://fitnessprogramer.com/wp-content/uploads/2023/07/kipping-handstand-push-up.gif,/content/drive/MyDrive/fitness/data/Kipping-Handstand-Push-up.gif
shoulders,Bent-Over Dumbbell Rear Delt Raise With Head On Bench,https://fitnessprogramer.com/wp-content/uploads/2021/02/Bent-Over-Dumbbell-Rear-Delt-Raise-With-Head-On-Bench.gif,/content/drive/MyDrive/fitness/data/Bent-Over-Dumbbell-Rear-Delt-Raise-With-Head-On-Bench.gif
shoulders,Hindu Push-ups,https://fitnessprogramer.com/wp-content/uploads/2021/02/Pike-to-Cobra.gif,/content/drive/MyDrive/fitness/data/Hindu-Push-ups.gif
shoulders,Barbell Upright Row,https://fitnessprogramer.com/wp-content/uploads/2021/02/barbell-uprightrow.gif,/content/drive/MyDrive/fitness/data/Barbell-Upright-Row.gif
shoulders,Barbell Front Raise,https://fitnessprogramer.com/wp-content/uploads/2021/02/Barbell-Front-Raise.gif,/content/drive/MyDrive/fitness/data/Barbell-Front-Raise.gif
shoulders,Corner Wall Stretch,https://fitnessprogramer.com/wp-content/uploads/2022/07/Corner-Wall-Stretch.gif,/content/drive/MyDrive/fitness/data/Corner-Wall-Stretch.gif
shoulders,Barbell Thruster,https://fitnessprogramer.com/wp-content/uploads/2022/10/thruster.gif,/content/drive/MyDrive/fitness/data/Barbell-Thruster.gif
shoulders,One Arm Kettlebell Swing,https://fitnessprogramer.com/wp-content/uploads/2022/07/One-Arm-Kettlebell-Swing.gif,/content/drive/MyDrive/fitness/data/One-Arm-Kettlebell-Swing.gif
shoulders,Standing Reverse Shoulder Stretch,https://fitnessprogramer.com/wp-content/uploads/2021/04/Standing-Reverse-Shoulder-Stretch.gif,/content/drive/MyDrive/fitness/data/Standing-Reverse-Shoulder-Stretch.gif
shoulders,Resistance Band Bent Over Rear Delt Fly,https://fitnessprogramer.com/wp-content/uploads/2023/01/Resistance-Band-Bent-Over-Rear-Delt-Fly.gif,/content/drive/MyDrive/fitness/data/Resistance-Band-Bent-Over-Rear-Delt-Fly.gif
shoulders,Medicine ball Overhead Slam,https://fitnessprogramer.com/wp-content/uploads/2022/06/Medicine-ball-Overhead-Slam-exercise.gif,/content/drive/MyDrive/fitness/data/Medicine-ball-Overhead-Slam.gif
shoulders,Doorway Pec and Shoulder Stretch,https://fitnessprogramer.com/wp-content/uploads/2021/01/Doorway-chest-and-sshoulder-stretch.gif,/content/drive/MyDrive/fitness/data/Doorway-Pec-and-Shoulder-Stretch.gif
shoulders,Wall Ball,https://fitnessprogramer.com/wp-content/uploads/2023/01/wall-ball.gif,/content/drive/MyDrive/fitness/data/Wall-Ball.gif
shoulders,Resistance Band Pull Apart,https://fitnessprogramer.com/wp-content/uploads/2022/12/Resistance-Band-Pull-Apart.gif,/content/drive/MyDrive/fitness/data/Resistance-Band-Pull-Apart.gif
shoulders,Kettlebell Lateral Raise,https://fitnessprogramer.com/wp-content/uploads/2022/09/Kettlebell-Lateral-Raise.gif,/content/drive/MyDrive/fitness/data/Kettlebell-Lateral-Raise.gif
shoulders,Dumbbell Windmill,https://fitnessprogramer.com/wp-content/uploads/2022/07/Dumbbell-Windmill.gif,/content/drive/MyDrive/fitness/data/Dumbbell-Windmill.gif
shoulders,Dumbbell Iron Cross,https://fitnessprogramer.com/wp-content/uploads/2022/07/Dumbbell-Iron-Cross.gif,/content/drive/MyDrive/fitness/data/Dumbbell-Iron-Cross.gif
shoulders,Incline Landmine Press,https://fitnessprogramer.com/wp-content/uploads/2022/07/Incline-Landmine-Press.gif,/content/drive/MyDrive/fitness/data/Incline-Landmine-Press.gif
shoulders,Dumbbell Single Arm Lateral Raise,https://fitnessprogramer.com/wp-content/uploads/2022/06/Dumbbell-Single-Arm-Lateral-Raise.gif,/content/drive/MyDrive/fitness/data/Dumbbell-Single-Arm-Lateral-Raise.gif
shoulders,Dumbbell Seated Alternate Front Raise,https://fitnessprogramer.com/wp-content/uploads/2022/06/Dumbbell-Seated-Alternate-Front-Raises.gif,/content/drive/MyDrive/fitness/data/Dumbbell-Seated-Alternate-Front-Raise.gif
shoulders,Swing | Gymstick,https://fitnessprogramer.com/wp-content/uploads/2022/05/Swing-Gymstick.gif,/content/drive/MyDrive/fitness/data/Swing-|-Gymstick.gif
shoulders,Side Bend Press | Gymstick,https://fitnessprogramer.com/wp-content/uploads/2022/05/Side-Bend-Press.gif,/content/drive/MyDrive/fitness/data/Side-Bend-Press-|-Gymstick.gif
shoulders,Single Arm Upright Row | Gymstick,https://fitnessprogramer.com/wp-content/uploads/2022/05/Standing-Single-Arm-Upright-Row.gif,/content/drive/MyDrive/fitness/data/Single-Arm-Upright-Row-|-Gymstick.gif
shoulders,Behind the Head Military Press | Gymstick,https://fitnessprogramer.com/wp-content/uploads/2022/05/Standing-Behind-Head-Military-Press.gif,/content/drive/MyDrive/fitness/data/Behind-the-Head-Military-Press-|-Gymstick.gif
shoulders,Skier | Gymstick,https://fitnessprogramer.com/wp-content/uploads/2022/05/Skier-Gymstick.gif,/content/drive/MyDrive/fitness/data/Skier-|-Gymstick.gif
shoulders,Face Pull With Resistance Band,https://fitnessprogramer.com/wp-content/uploads/2022/05/Face-pull.gif,/content/drive/MyDrive/fitness/data/Face-Pull-With-Resistance-Band.gif
shoulders,Bent Over Row | Gymstick,https://fitnessprogramer.com/wp-content/uploads/2022/05/Bent-Over-Row-Gymstick.gif,/content/drive/MyDrive/fitness/data/Bent-Over-Row-|-Gymstick.gif
shoulders,Battle Rope,https://fitnessprogramer.com/wp-content/uploads/2015/07/Battle-Rope.gif,/content/drive/MyDrive/fitness/data/Battle-Rope.gif
chest,One Arm Medicine Ball Slam,https://fitnessprogramer.com/wp-content/uploads/2024/06/One-Arm-Medicine-Ball-Slam.gif,/content/drive/MyDrive/fitness/data/One-Arm-Medicine-Ball-Slam.gif
chest,Medicine Ball Overhead Throw,https://fitnessprogramer.com/wp-content/uploads/2023/09/Medicine-Ball-Overhead-Throw.gif,/content/drive/MyDrive/fitness/data/Medicine-Ball-Overhead-Throw.gif
chest,Standing Medicine Ball Chest Pass,https://fitnessprogramer.com/wp-content/uploads/2023/08/Standing-Medicine-Ball-Chest-Pass.gif,/content/drive/MyDrive/fitness/data/Standing-Medicine-Ball-Chest-Pass.gif
chest,Arm Scissors,https://fitnessprogramer.com/wp-content/uploads/2022/02/Arm-Scissors.gif,/content/drive/MyDrive/fitness/data/Arm-Scissors.gif
chest,Incline Chest Fly Machine,https://fitnessprogramer.com/wp-content/uploads/2023/06/Incline-Chest-Fly-Machine.gif,/content/drive/MyDrive/fitness/data/Incline-Chest-Fly-Machine.gif
chest,Bench Press,https://fitnessprogramer.com/wp-content/uploads/2021/02/Barbell-Bench-Press.gif,/content/drive/MyDrive/fitness/data/Bench-Press.gif
chest,Pec Deck Fly,https://fitnessprogramer.com/wp-content/uploads/2021/02/Pec-Deck-Fly.gif,/content/drive/MyDrive/fitness/data/Pec-Deck-Fly.gif
chest,Dumbbell Pullover,https://fitnessprogramer.com/wp-content/uploads/2021/02/Dumbbell-Pullover.gif,/content/drive/MyDrive/fitness/data/Dumbbell-Pullover.gif
chest,Low Cable Crossover,https://fitnessprogramer.com/wp-content/uploads/2021/02/Low-Cable-Crossover.gif,/content/drive/MyDrive/fitness/data/Low-Cable-Crossover.gif
chest,High Cable Crossover,https://fitnessprogramer.com/wp-content/uploads/2021/02/High-Cable-Crossover.gif,/content/drive/MyDrive/fitness/data/High-Cable-Crossover.gif
chest,Cable Upper Chest Crossovers,https://fitnessprogramer.com/wp-content/uploads/2021/10/Cable-Upper-Chest-Crossovers.gif,/content/drive/MyDrive/fitness/data/Cable-Upper-Chest-Crossovers.gif
chest,Incline Barbell Bench Press,https://fitnessprogramer.com/wp-content/uploads/2021/02/Incline-Barbell-Bench-Press.gif,/content/drive/MyDrive/fitness/data/Incline-Barbell-Bench-Press.gif
chest,Dumbbell Fly,https://fitnessprogramer.com/wp-content/uploads/2021/02/Dumbbell-Fly.gif,/content/drive/MyDrive/fitness/data/Dumbbell-Fly.gif
chest,Dumbbell Bench Press,https://fitnessprogramer.com/wp-content/uploads/2021/02/Dumbbell-Press-1.gif,/content/drive/MyDrive/fitness/data/Dumbbell-Bench-Press.gif
chest,Cable Crossover,https://fitnessprogramer.com/wp-content/uploads/2021/02/Cable-Crossover.gif,/content/drive/MyDrive/fitness/data/Cable-Crossover.gif
chest,One-Arm Cable Chest Press,https://fitnessprogramer.com/wp-content/uploads/2021/12/One-Arm-Cable-Chest-Press.gif,/content/drive/MyDrive/fitness/data/One-Arm-Cable-Chest-Press.gif
chest,Single-Arm Cable Crossover,https://fitnessprogramer.com/wp-content/uploads/2021/10/Single-Arm-Cable-Crossover.gif,/content/drive/MyDrive/fitness/data/Single-Arm-Cable-Crossover.gif
chest,Incline Dumbbell Fly,https://fitnessprogramer.com/wp-content/uploads/2021/02/Incline-dumbbell-Fly.gif,/content/drive/MyDrive/fitness/data/Incline-Dumbbell-Fly.gif
chest,Incline Dumbbell Press,https://fitnessprogramer.com/wp-content/uploads/2021/02/Incline-Dumbbell-Press.gif,/content/drive/MyDrive/fitness/data/Incline-Dumbbell-Press.gif
chest,Reverse Grip Incline Dumbbell Press,https://fitnessprogramer.com/wp-content/uploads/2021/09/Reverse-Grip-Incline-Dumbbell-Press.gif,/content/drive/MyDrive/fitness/data/Reverse-Grip-Incline-Dumbbell-Press.gif
chest,Machine Fly,https://fitnessprogramer.com/wp-content/uploads/2021/05/10301301-Lever-Pec-Deck-Fly_Chest_720.gif,/content/drive/MyDrive/fitness/data/Machine-Fly.gif
chest,Decline Dumbbell Press,https://fitnessprogramer.com/wp-content/uploads/2021/02/Decline-Dumbbell-Press.gif,/content/drive/MyDrive/fitness/data/Decline-Dumbbell-Press.gif
chest,Lever Incline Chest Press,https://fitnessprogramer.com/wp-content/uploads/2021/06/Lever-Incline-Chest-Press.gif,/content/drive/MyDrive/fitness/data/Lever-Incline-Chest-Press.gif
chest,Chest Dips,https://fitnessprogramer.com/wp-content/uploads/2021/06/Chest-Dips.gif,/content/drive/MyDrive/fitness/data/Chest-Dips.gif
chest,Assisted Chest Dip,https://fitnessprogramer.com/wp-content/uploads/2021/06/Assisted-Chest-Dip.gif,/content/drive/MyDrive/fitness/data/Assisted-Chest-Dip.gif
chest,Lying Cable Fly,https://fitnessprogramer.com/wp-content/uploads/2021/06/Lying-Cable-Fly.gif,/content/drive/MyDrive/fitness/data/Lying-Cable-Fly.gif
chest,Drop Push-Up,https://fitnessprogramer.com/wp-content/uploads/2021/06/Drop-Push-Up.gif,/content/drive/MyDrive/fitness/data/Drop-Push-Up.gif
chest,Inner Chest Press Machine,https://fitnessprogramer.com/wp-content/uploads/2021/06/Inner-Chest-Press-Machine.gif,/content/drive/MyDrive/fitness/data/Inner-Chest-Press-Machine.gif
chest,Decline Dumbbell Fly,https://fitnessprogramer.com/wp-content/uploads/2021/06/Decline-Dumbbell-Fly.gif,/content/drive/MyDrive/fitness/data/Decline-Dumbbell-Fly.gif
chest,Incline Dumbbell Hammer Press,https://fitnessprogramer.com/wp-content/uploads/2021/06/Incline-Dumbbel-Hammer-Press.gif,/content/drive/MyDrive/fitness/data/Incline-Dumbbell-Hammer-Press.gif
chest,Dumbbell Upward Fly,https://fitnessprogramer.com/wp-content/uploads/2021/10/Dumbbell-Upward-Fly.gif,/content/drive/MyDrive/fitness/data/Dumbbell-Upward-Fly.gif
chest,Narrow Grip Wall Push-Up,https://fitnessprogramer.com/wp-content/uploads/2021/06/Narrow-Grip-Wall-Push-Up.gif,/content/drive/MyDrive/fitness/data/Narrow-Grip-Wall-Push-Up.gif
chest,Shoulder Stretch Behind Back,https://fitnessprogramer.com/wp-content/uploads/2021/04/Shoulder-Stretch-Behind-Back.gif,/content/drive/MyDrive/fitness/data/Shoulder-Stretch-Behind-Back.gif
chest,Decline Chest Press Machine,https://fitnessprogramer.com/wp-content/uploads/2021/08/Decline-Chest-Press-Machine.gif,/content/drive/MyDrive/fitness/data/Decline-Chest-Press-Machine.gif
chest,Lying Chest Press Machine,https://fitnessprogramer.com/wp-content/uploads/2021/08/Lying-Chest-Press-Machine.gif,/content/drive/MyDrive/fitness/data/Lying-Chest-Press-Machine.gif
chest,Wall Push-up,https://fitnessprogramer.com/wp-content/uploads/2021/04/Wall-Push-ups.gif,/content/drive/MyDrive/fitness/data/Wall-Push-up.gif
chest,Smith Machine Hex Press,https://fitnessprogramer.com/wp-content/uploads/2021/09/Smith-Machine-Hex-Press.gif,/content/drive/MyDrive/fitness/data/Smith-Machine-Hex-Press.gif
chest,Close-grip Incline Dumbbell Press,https://fitnessprogramer.com/wp-content/uploads/2021/09/Close-grip-Incline-Dumbbell-Press.gif,/content/drive/MyDrive/fitness/data/Close-grip-Incline-Dumbbell-Press.gif
chest,Kneeling Push-up,https://fitnessprogramer.com/wp-content/uploads/2022/01/Kneeling-Push-up.gif,/content/drive/MyDrive/fitness/data/Kneeling-Push-up.gif
chest,Decline Cable Fly,https://fitnessprogramer.com/wp-content/uploads/2021/06/Decline-Cable-Fly.gif,/content/drive/MyDrive/fitness/data/Decline-Cable-Fly.gif
chest,Smith Machine Bench Press,https://fitnessprogramer.com/wp-content/uploads/2021/06/Smith-Machine-Bench-Press.gif,/content/drive/MyDrive/fitness/data/Smith-Machine-Bench-Press.gif
chest,Smith Machine Incline Bench Press,https://fitnessprogramer.com/wp-content/uploads/2021/06/Smith-Machine-Incline-Bench-Press.gif,/content/drive/MyDrive/fitness/data/Smith-Machine-Incline-Bench-Press.gif
chest,Parallel Bar Dips,https://fitnessprogramer.com/wp-content/uploads/2022/04/parallel-bar-dip.gif,/content/drive/MyDrive/fitness/data/Parallel-Bar-Dips.gif
chest,Back Pec Stretch,https://fitnessprogramer.com/wp-content/uploads/2021/05/Back-Pec-Stretch.gif,/content/drive/MyDrive/fitness/data/Back-Pec-Stretch.gif
chest,Lever Incline Hammer Chest Press,https://fitnessprogramer.com/wp-content/uploads/2021/09/Lever-Incline-Hammer-Chest-Press.gif,/content/drive/MyDrive/fitness/data/Lever-Incline-Hammer-Chest-Press.gif
chest,Lever Crossovers,https://fitnessprogramer.com/wp-content/uploads/2021/09/Lever-Crossovers.gif,/content/drive/MyDrive/fitness/data/Lever-Crossovers.gif
chest,Reverse Grip Dumbbell Bench Press,https://fitnessprogramer.com/wp-content/uploads/2021/06/Reverse-Grip-Dumbbell-Bench-Press.gif,/content/drive/MyDrive/fitness/data/Reverse-Grip-Dumbbell-Bench-Press.gif
chest,Lever Chest Press,https://fitnessprogramer.com/wp-content/uploads/2021/06/Lever-Chest-Press.gif,/content/drive/MyDrive/fitness/data/Lever-Chest-Press.gif
chest,Incline Push-up,https://fitnessprogramer.com/wp-content/uploads/2021/06/Incline-Push-Up.gif,/content/drive/MyDrive/fitness/data/Incline-Push-up.gif
chest,Svend Press,https://fitnessprogramer.com/wp-content/uploads/2021/06/Svend-Press.gif,/content/drive/MyDrive/fitness/data/Svend-Press.gif
chest,Reverse Push-up,https://fitnessprogramer.com/wp-content/uploads/2021/09/Reverse-Push-up.gif,/content/drive/MyDrive/fitness/data/Reverse-Push-up.gif
chest,Alternate Dumbbell Bench Press,https://fitnessprogramer.com/wp-content/uploads/2021/09/Alternate-Dumbbell-Bench-Press.gif,/content/drive/MyDrive/fitness/data/Alternate-Dumbbell-Bench-Press.gif
chest,Close-Grip Dumbbell Press,https://fitnessprogramer.com/wp-content/uploads/2021/10/Close-Grip-Dumbbell-Press.gif,/content/drive/MyDrive/fitness/data/Close-Grip-Dumbbell-Press.gif
chest,Clap Push-Up,https://fitnessprogramer.com/wp-content/uploads/2021/06/Clap-Push-Up.gif,/content/drive/MyDrive/fitness/data/Clap-Push-Up.gif
chest,Above Head Chest Stretch,https://fitnessprogramer.com/wp-content/uploads/2021/06/Above-Head-Chest-Stretch.gif,/content/drive/MyDrive/fitness/data/Above-Head-Chest-Stretch.gif
chest,Dynamic Chest Stretch,https://fitnessprogramer.com/wp-content/uploads/2021/06/Dynamic-Chest-Stretch.gif,/content/drive/MyDrive/fitness/data/Dynamic-Chest-Stretch.gif
chest,Single Dumbbell Close-grip Press,https://fitnessprogramer.com/wp-content/uploads/2021/10/Single-Dumbbell-Close-grip-Press.gif,/content/drive/MyDrive/fitness/data/Single-Dumbbell-Close-grip-Press.gif
chest,Kneeling Diamond Push-Up,https://fitnessprogramer.com/wp-content/uploads/2021/04/Knee-Push-Up.gif,/content/drive/MyDrive/fitness/data/Kneeling-Diamond-Push-Up.gif
chest,Dips Between Chairs,https://fitnessprogramer.com/wp-content/uploads/2022/04/Dips-Between-Chairs.gif,/content/drive/MyDrive/fitness/data/Dips-Between-Chairs.gif
chest,Push-up With Push-up Bars,https://fitnessprogramer.com/wp-content/uploads/2021/10/Push-up-With-Push-up-Bars.gif,/content/drive/MyDrive/fitness/data/Push-up-With-Push-up-Bars.gif
chest,Inverted Row,https://fitnessprogramer.com/wp-content/uploads/2021/06/Inverted-Row.gif,/content/drive/MyDrive/fitness/data/Inverted-Row.gif
chest,Smith Machine Decline Bench Press,https://fitnessprogramer.com/wp-content/uploads/2021/06/Smith-Machine-Decline-Bench-Press.gif,/content/drive/MyDrive/fitness/data/Smith-Machine-Decline-Bench-Press.gif
chest,One Arm Decline Cable Fly,https://fitnessprogramer.com/wp-content/uploads/2021/06/One-Arm-Decline-Cable-Fly.gif,/content/drive/MyDrive/fitness/data/One-Arm-Decline-Cable-Fly.gif
chest,Korean Dips,https://fitnessprogramer.com/wp-content/uploads/2022/01/Korean-Dips.gif,/content/drive/MyDrive/fitness/data/Korean-Dips.gif
chest,Straight Bar Dip,https://fitnessprogramer.com/wp-content/uploads/2022/01/Straight-Bar-Dip.gif,/content/drive/MyDrive/fitness/data/Straight-Bar-Dip.gif
chest,Dumbbell One Arm Reverse Grip Press,https://fitnessprogramer.com/wp-content/uploads/2022/01/Dumbbell-One-Arm-Reverse-Grip-Press.gif,/content/drive/MyDrive/fitness/data/Dumbbell-One-Arm-Reverse-Grip-Press.gif
chest,Lever One Arm Chest Press,https://fitnessprogramer.com/wp-content/uploads/2021/08/Lever-One-Arm-Chest-Press.gif,/content/drive/MyDrive/fitness/data/Lever-One-Arm-Chest-Press.gif
chest,Standing One Arm Chest Stretch,https://fitnessprogramer.com/wp-content/uploads/2021/08/Standing-one-arm-chest-stretch.gif,/content/drive/MyDrive/fitness/data/Standing-One-Arm-Chest-Stretch.gif
chest,Single Arm Medicine Ball Push-Up,https://fitnessprogramer.com/wp-content/uploads/2021/08/Push-Up-Medicine-Ball.gif,/content/drive/MyDrive/fitness/data/Single-Arm-Medicine-Ball-Push-Up.gif
chest,Stability Ball Decline Push-Up,https://fitnessprogramer.com/wp-content/uploads/2021/08/stability-ball-decline-push-ups.gif,/content/drive/MyDrive/fitness/data/Stability-Ball-Decline-Push-Up.gif
chest,Dumbbell Pullover On Stability Ball,https://fitnessprogramer.com/wp-content/uploads/2021/08/Dumbbell-Pullover-On-Stability-Ball.gif,/content/drive/MyDrive/fitness/data/Dumbbell-Pullover-On-Stability-Ball.gif
chest,Stability Ball Push-Up,https://fitnessprogramer.com/wp-content/uploads/2021/08/stability-ball-push-up.gif,/content/drive/MyDrive/fitness/data/Stability-Ball-Push-Up.gif
chest,Dumbbell Decline One-Arm Hammer Press,https://fitnessprogramer.com/wp-content/uploads/2021/09/Dumbbell-Decline-One-Arm-Hammer-Press.gif,/content/drive/MyDrive/fitness/data/Dumbbell-Decline-One-Arm-Hammer-Press.gif
chest,Pike Push-up,https://fitnessprogramer.com/wp-content/uploads/2021/06/Pike-Push-up.gif,/content/drive/MyDrive/fitness/data/Pike-Push-up.gif
chest,Weighted Push-up,https://fitnessprogramer.com/wp-content/uploads/2022/04/Weighted-Push-up.gif,/content/drive/MyDrive/fitness/data/Weighted-Push-up.gif
chest,Push-Up Plus,https://fitnessprogramer.com/wp-content/uploads/2021/06/Push-Up-Plus.gif,/content/drive/MyDrive/fitness/data/Push-Up-Plus.gif
chest,Single Arm Push-up,https://fitnessprogramer.com/wp-content/uploads/2021/09/Single-Arm-Push-up.gif,/content/drive/MyDrive/fitness/data/Single-Arm-Push-up.gif
chest,One-Arm Kettlebell Chest Press,https://fitnessprogramer.com/wp-content/uploads/2022/10/One-Arm-Kettlebell-Chest-Press-on-the-Bench.gif,/content/drive/MyDrive/fitness/data/One-Arm-Kettlebell-Chest-Press.gif
chest,Kettlebell Chest Press on the Floor,https://fitnessprogramer.com/wp-content/uploads/2022/10/Kettlebell-Chest-Press-on-the-Floor.gif,/content/drive/MyDrive/fitness/data/Kettlebell-Chest-Press-on-the-Floor.gif
chest,Wide Grip Bench Press,https://fitnessprogramer.com/wp-content/uploads/2021/07/Wide-Grip-Barbell-Bench-Press.gif,/content/drive/MyDrive/fitness/data/Wide-Grip-Bench-Press.gif
chest,Decline Barbell Bench Press,https://fitnessprogramer.com/wp-content/uploads/2021/03/Decline-Barbell-Bench-Press.gif,/content/drive/MyDrive/fitness/data/Decline-Barbell-Bench-Press.gif
chest,One Arm Push Ups With Support,https://fitnessprogramer.com/wp-content/uploads/2022/01/One-Arm-Push-Ups-With-Support.gif,/content/drive/MyDrive/fitness/data/One-Arm-Push-Ups-With-Support.gif
chest,Band Standing Chest Press,https://fitnessprogramer.com/wp-content/uploads/2022/01/Band-Standing-Chest-Press.gif,/content/drive/MyDrive/fitness/data/Band-Standing-Chest-Press.gif
chest,Seated Chest Stretch,https://fitnessprogramer.com/wp-content/uploads/2022/02/Seated-Chest-Stretch.gif,/content/drive/MyDrive/fitness/data/Seated-Chest-Stretch.gif
chest,Foam Roller Chest Stretch,https://fitnessprogramer.com/wp-content/uploads/2022/02/Foam-Roller-Chest-Stretch.gif,/content/drive/MyDrive/fitness/data/Foam-Roller-Chest-Stretch.gif
chest,Foam Roller Front Shoulder and Chest,https://fitnessprogramer.com/wp-content/uploads/2022/02/Roll-Front-Shoulder-and-Chest-Lying-on-Floor.gif,/content/drive/MyDrive/fitness/data/Foam-Roller-Front-Shoulder-and-Chest.gif
chest,Assisted Reverse Stretch (Chest And Shoulder),https://fitnessprogramer.com/wp-content/uploads/2022/02/Reverse-Shoulder-Stretch.gif,/content/drive/MyDrive/fitness/data/Assisted-Reverse-Stretch-(Chest-And-Shoulder).gif
chest,Lying Upper Body Rotation,https://fitnessprogramer.com/wp-content/uploads/2022/02/Lying-Upper-Body-Rotation.gif,/content/drive/MyDrive/fitness/data/Lying-Upper-Body-Rotation.gif
chest,Lever Decline Chest Press,https://fitnessprogramer.com/wp-content/uploads/2022/01/Lever-Decline-Chest-Press.gif,/content/drive/MyDrive/fitness/data/Lever-Decline-Chest-Press.gif
chest,Fish Pose,https://fitnessprogramer.com/wp-content/uploads/2022/02/Fish-Pose-Matsyasana.gif,/content/drive/MyDrive/fitness/data/Fish-Pose.gif
chest,Incline Chest Press Machine,https://fitnessprogramer.com/wp-content/uploads/2021/02/Incline-Chest-Press-Machine.gif,/content/drive/MyDrive/fitness/data/Incline-Chest-Press-Machine.gif
chest,İncline Cable Fly,https://fitnessprogramer.com/wp-content/uploads/2021/02/Incline-Cable-Fly.gif,/content/drive/MyDrive/fitness/data/İncline-Cable-Fly.gif
chest,Reverse Chest Stretch,https://fitnessprogramer.com/wp-content/uploads/2022/11/Reverse-Chest-Stretch.gif,/content/drive/MyDrive/fitness/data/Reverse-Chest-Stretch.gif
chest,Kneeling Landmine Press,https://fitnessprogramer.com/wp-content/uploads/2022/12/Kneeling-Landmine-Press.gif,/content/drive/MyDrive/fitness/data/Kneeling-Landmine-Press.gif
chest,Pike Push-Up Between Chairs,https://fitnessprogramer.com/wp-content/uploads/2022/12/Pike-Push-Up-Between-Chairs.gif,/content/drive/MyDrive/fitness/data/Pike-Push-Up-Between-Chairs.gif
chest,Back Slaps Wrap Around Stretch,https://fitnessprogramer.com/wp-content/uploads/2022/12/Back-Slaps-Wrap-Around-Stretch.gif,/content/drive/MyDrive/fitness/data/Back-Slaps-Wrap-Around-Stretch.gif
chest,Reaction Ball Throw,https://fitnessprogramer.com/wp-content/uploads/2023/08/Reaction-Ball-Throw-Agility-Ball-Drill-.gif,/content/drive/MyDrive/fitness/data/Reaction-Ball-Throw.gif
chest,Seated Cable Chest Press,https://fitnessprogramer.com/wp-content/uploads/2022/02/Seated-Cable-Chest-Press.gif,/content/drive/MyDrive/fitness/data/Seated-Cable-Chest-Press.gif
chest,Seated Cable Close Grip Chest Press,https://fitnessprogramer.com/wp-content/uploads/2022/02/Seated-Cable-Close-Grip-Chest-Press.gif,/content/drive/MyDrive/fitness/data/Seated-Cable-Close-Grip-Chest-Press.gif
chest,Cable Half Kneeling Pallof Press,https://fitnessprogramer.com/wp-content/uploads/2022/02/Cable-Half-Kneeling-Pallof-Press.gif,/content/drive/MyDrive/fitness/data/Cable-Half-Kneeling-Pallof-Press.gif
chest,Chest and Front of Shoulder Stretch,https://fitnessprogramer.com/wp-content/uploads/2022/02/Chest-and-Front-of-Shoulder-Stretch.gif,/content/drive/MyDrive/fitness/data/Chest-and-Front-of-Shoulder-Stretch.gif
chest,Forearm Push-up,https://fitnessprogramer.com/wp-content/uploads/2022/02/Forearm-Push-up.gif,/content/drive/MyDrive/fitness/data/Forearm-Push-up.gif
chest,Banded Shoulder Adduction,https://fitnessprogramer.com/wp-content/uploads/2023/06/Banded-Shoulder-Adduction.gif,/content/drive/MyDrive/fitness/data/Banded-Shoulder-Adduction.gif
chest,Band Alternate Incline Chest Press,https://fitnessprogramer.com/wp-content/uploads/2022/02/Band-Alternate-Incline-Chest-Press-.gif,/content/drive/MyDrive/fitness/data/Band-Alternate-Incline-Chest-Press.gif
chest,Incline Close-Grip Bench Press,https://fitnessprogramer.com/wp-content/uploads/2022/04/Incline-Close-Grip-Bench-Press.gif,/content/drive/MyDrive/fitness/data/Incline-Close-Grip-Bench-Press.gif
chest,Close Grip Bench Press,https://fitnessprogramer.com/wp-content/uploads/2021/02/Close-Grip-Bench-Press.gif,/content/drive/MyDrive/fitness/data/Close-Grip-Bench-Press.gif
chest,Diamond Push-up,https://fitnessprogramer.com/wp-content/uploads/2021/02/Diamond-Push-up.gif,/content/drive/MyDrive/fitness/data/Diamond-Push-up.gif
chest,Push-Up,https://fitnessprogramer.com/wp-content/uploads/2021/02/Push-Up.gif,/content/drive/MyDrive/fitness/data/Push-Up.gif
chest,Hammer Press,https://fitnessprogramer.com/wp-content/uploads/2021/02/Hammer-Press.gif,/content/drive/MyDrive/fitness/data/Hammer-Press.gif
chest,Chest Press Machine,https://fitnessprogramer.com/wp-content/uploads/2021/02/Chest-Press-Machine.gif,/content/drive/MyDrive/fitness/data/Chest-Press-Machine.gif
chest,Corner Wall Stretch,https://fitnessprogramer.com/wp-content/uploads/2022/07/Corner-Wall-Stretch.gif,/content/drive/MyDrive/fitness/data/Corner-Wall-Stretch.gif
chest,Barbell Floor Press,https://fitnessprogramer.com/wp-content/uploads/2022/07/Barbell-Floor-Press.gif,/content/drive/MyDrive/fitness/data/Barbell-Floor-Press.gif
chest,Landmine Floor Chest Fly,https://fitnessprogramer.com/wp-content/uploads/2022/10/Landmine-Floor-Chest-Fly.gif,/content/drive/MyDrive/fitness/data/Landmine-Floor-Chest-Fly.gif
chest,Decline Hammer Press,https://fitnessprogramer.com/wp-content/uploads/2022/01/Decline-hammer-press.gif,/content/drive/MyDrive/fitness/data/Decline-Hammer-Press.gif
chest,Close-Grip Reverse Bench Press,https://fitnessprogramer.com/wp-content/uploads/2022/02/Barbell-Reverse-Close-grip-Bench-Press.gif,/content/drive/MyDrive/fitness/data/Close-Grip-Reverse-Bench-Press.gif
chest,Wide-Grip Reverse Bench Press,https://fitnessprogramer.com/wp-content/uploads/2022/10/Wide-Grip-Reverse-Bench-Press.gif,/content/drive/MyDrive/fitness/data/Wide-Grip-Reverse-Bench-Press.gif
chest,Straddle Planche,https://fitnessprogramer.com/wp-content/uploads/2022/08/Straddle-planche.gif,
chest,Close Grip Knee Push-up,https://fitnessprogramer.com/wp-content/uploads/2022/07/Close-Grip-Knee-Push-up.gif,/content/drive/MyDrive/fitness/data/Close-Grip-Knee-Push-up.gif
chest,Push-up With Rotation,https://fitnessprogramer.com/wp-content/uploads/2023/01/push-up-with-rotation.gif,/content/drive/MyDrive/fitness/data/Push-up-With-Rotation.gif
chest,Supine Medicine Ball Chest Throw,https://fitnessprogramer.com/wp-content/uploads/2022/06/Supine-Medicine-Ball-Chest-Throw-exercise.gif,/content/drive/MyDrive/fitness/data/Supine-Medicine-Ball-Chest-Throw.gif
chest,Reverse Dips,https://fitnessprogramer.com/wp-content/uploads/2022/04/Reverse-Dips.gif,/content/drive/MyDrive/fitness/data/Reverse-Dips.gif
chest,Trx Chest Press,https://fitnessprogramer.com/wp-content/uploads/2022/12/Trx-Chest-Press.gif,/content/drive/MyDrive/fitness/data/Trx-Chest-Press.gif
chest,Dumbbell Straight Arm Pullover (knees at 90 degrees),https://fitnessprogramer.com/wp-content/uploads/2022/11/Dumbbell-Straight-Arm-Pullover-knees-at-90-degrees.gif,/content/drive/MyDrive/fitness/data/Dumbbell-Straight-Arm-Pullover-(knees-at-90-degrees).gif
chest,Trx Chest Fly,https://fitnessprogramer.com/wp-content/uploads/2022/12/Trx-Chest-Flyes.gif,/content/drive/MyDrive/fitness/data/Trx-Chest-Fly.gif
chest,Doorway Pec and Shoulder Stretch,https://fitnessprogramer.com/wp-content/uploads/2021/01/Doorway-chest-and-sshoulder-stretch.gif,/content/drive/MyDrive/fitness/data/Doorway-Pec-and-Shoulder-Stretch.gif
chest,Kettlebell Renegade Row,https://fitnessprogramer.com/wp-content/uploads/2022/07/Kettlebell-Renegade-Row.gif,/content/drive/MyDrive/fitness/data/Kettlebell-Renegade-Row.gif
chest,Push-Up to Renegade Row,https://fitnessprogramer.com/wp-content/uploads/2022/07/Push-Up-to-Renegade-Row.gif,/content/drive/MyDrive/fitness/data/Push-Up-to-Renegade-Row.gif
chest,Modified Hindu Push-up,https://fitnessprogramer.com/wp-content/uploads/2022/07/Modified-Hindu-Push-up.gif,/content/drive/MyDrive/fitness/data/Modified-Hindu-Push-up.gif
chest,Knuckle Push-Up,https://fitnessprogramer.com/wp-content/uploads/2022/07/Knuckle-Push-Up.gif,/content/drive/MyDrive/fitness/data/Knuckle-Push-Up.gif
chest,Planche Push-Up,https://fitnessprogramer.com/wp-content/uploads/2022/07/Planche-Push-Up.gif,/content/drive/MyDrive/fitness/data/Planche-Push-Up.gif
chest,Finger Push-up,https://fitnessprogramer.com/wp-content/uploads/2022/07/Finger-Push-up.gif,/content/drive/MyDrive/fitness/data/Finger-Push-up.gif
chest,Chest Tap Push-up,https://fitnessprogramer.com/wp-content/uploads/2022/07/Chest-Tap-Push-up.gif,/content/drive/MyDrive/fitness/data/Chest-Tap-Push-up.gif
chest,Kettlebell Deep Push-Up,https://fitnessprogramer.com/wp-content/uploads/2022/07/Kettlebell-Deep-Push-Up.gif,/content/drive/MyDrive/fitness/data/Kettlebell-Deep-Push-Up.gif
chest,Archer Push-Up,https://fitnessprogramer.com/wp-content/uploads/2022/07/Archer-Push-Up.gif,/content/drive/MyDrive/fitness/data/Archer-Push-Up.gif
chest,One Leg Push-Up,https://fitnessprogramer.com/wp-content/uploads/2022/07/One-Leg-Push-Up.gif,/content/drive/MyDrive/fitness/data/One-Leg-Push-Up.gif
chest,Bosu Ball Push-Up,https://fitnessprogramer.com/wp-content/uploads/2022/07/Bosu-Ball-Push-Up.gif,/content/drive/MyDrive/fitness/data/Bosu-Ball-Push-Up.gif
chest,Resistance Band Alternating Chest Fly,https://fitnessprogramer.com/wp-content/uploads/2022/09/Resistance-Band-Alternating-Chest-Fly.gif,/content/drive/MyDrive/fitness/data/Resistance-Band-Alternating-Chest-Fly.gif
chest,Dumbbell Reverse Grip 30 Degrees Incline Bench Press,https://fitnessprogramer.com/wp-content/uploads/2022/07/Dumbbell-Reverse-Grip-30-Degrees-Incline-Bench-Press.gif,/content/drive/MyDrive/fitness/data/Dumbbell-Reverse-Grip-30-Degrees-Incline-Bench-Press.gif
chest,Incline Landmine Press,https://fitnessprogramer.com/wp-content/uploads/2022/07/Incline-Landmine-Press.gif,/content/drive/MyDrive/fitness/data/Incline-Landmine-Press.gif
chest,Ring Dips,https://fitnessprogramer.com/wp-content/uploads/2022/07/Ring-Dips.gif,/content/drive/MyDrive/fitness/data/Ring-Dips.gif
chest,Cobra Push-up,https://fitnessprogramer.com/wp-content/uploads/2022/08/Cobra-Push-up.gif,/content/drive/MyDrive/fitness/data/Cobra-Push-up.gif
chest,Shoulder Tap Push-up,https://fitnessprogramer.com/wp-content/uploads/2022/08/Shoulder-Tap-Push-up.gif,/content/drive/MyDrive/fitness/data/Shoulder-Tap-Push-up.gif
chest,Single Arm Raise Push-up,https://fitnessprogramer.com/wp-content/uploads/2022/08/Single-Arm-Raise-Push-up.gif,/content/drive/MyDrive/fitness/data/Single-Arm-Raise-Push-up.gif
chest,Suspended Push-Up,https://fitnessprogramer.com/wp-content/uploads/2022/08/Suspended-Push-Up.gif,/content/drive/MyDrive/fitness/data/Suspended-Push-Up.gif
chest,Close-grip Dumbbell Push-Up,https://fitnessprogramer.com/wp-content/uploads/2022/08/Close-grip-Dumbbell-Push-Up.gif,/content/drive/MyDrive/fitness/data/Close-grip-Dumbbell-Push-Up.gif
chest,Medicine Ball Push-Up,https://fitnessprogramer.com/wp-content/uploads/2022/08/Medicine-Ball-Push-Up.gif,/content/drive/MyDrive/fitness/data/Medicine-Ball-Push-Up.gif
chest,Single Arm Push-Up on Medicine Ball,https://fitnessprogramer.com/wp-content/uploads/2022/08/Single-Arm-Push-Up-on-Medicine-Ball.gif,/content/drive/MyDrive/fitness/data/Single-Arm-Push-Up-on-Medicine-Ball.gif
chest,Weighted Vest Push-up,https://fitnessprogramer.com/wp-content/uploads/2022/08/Weighted-Vest-Push-up.gif,/content/drive/MyDrive/fitness/data/Weighted-Vest-Push-up.gif
chest,Standing incline chest press With Resistance Band,https://fitnessprogramer.com/wp-content/uploads/2022/05/Standing-incline-chest-press.gif,/content/drive/MyDrive/fitness/data/Standing-incline-chest-press-With-Resistance-Band.gif
chest,Middle Chest fly With Resistance Band,https://fitnessprogramer.com/wp-content/uploads/2022/05/Middle-fly.gif,/content/drive/MyDrive/fitness/data/Middle-Chest-fly-With-Resistance-Band.gif
chest,Kneeling Incline Press | Gymstick,https://fitnessprogramer.com/wp-content/uploads/2022/05/Kneeling-Incline-Press-Gymstick.gif,/content/drive/MyDrive/fitness/data/Kneeling-Incline-Press-|-Gymstick.gif
chest,Low Chest Fly With Resistance Band,https://fitnessprogramer.com/wp-content/uploads/2022/05/Low-fly.gif,/content/drive/MyDrive/fitness/data/Low-Chest-Fly-With-Resistance-Band.gif
chest,High Chest Fly With Resistance Band,https://fitnessprogramer.com/wp-content/uploads/2022/05/High-Chest-Fly-With-Resistance-Band.gif,/content/drive/MyDrive/fitness/data/High-Chest-Fly-With-Resistance-Band.gif
chest,Decline Push-up,https://fitnessprogramer.com/wp-content/uploads/2015/07/Decline-Push-Up.gif,/content/drive/MyDrive/fitness/data/Decline-Push-up.gif
back,Rowing Machine,https://fitnessprogramer.com/wp-content/uploads/2021/06/Rowing-Machine.gif,/content/drive/MyDrive/fitness/data/Rowing-Machine.gif
back,Lever Front Pulldown,https://fitnessprogramer.com/wp-content/uploads/2021/05/Front-Pulldown.gif,/content/drive/MyDrive/fitness/data/Lever-Front-Pulldown.gif
back,Pull-Up,https://fitnessprogramer.com/wp-content/uploads/2021/02/Pull-up.gif,/content/drive/MyDrive/fitness/data/Pull-Up.gif
back,Cable Rear Pulldown,https://fitnessprogramer.com/wp-content/uploads/2021/08/Cable-Rear-Pulldown.gif,/content/drive/MyDrive/fitness/data/Cable-Rear-Pulldown.gif
back,Lat Pulldown,https://fitnessprogramer.com/wp-content/uploads/2021/02/Lat-Pulldown.gif,/content/drive/MyDrive/fitness/data/Lat-Pulldown.gif
back,Seated Cable Row,https://fitnessprogramer.com/wp-content/uploads/2021/02/Seated-Cable-Row.gif,/content/drive/MyDrive/fitness/data/Seated-Cable-Row.gif
back,Barbell Bent Over Row,https://fitnessprogramer.com/wp-content/uploads/2021/02/Barbell-Bent-Over-Row.gif,/content/drive/MyDrive/fitness/data/Barbell-Bent-Over-Row.gif
back,Cable Straight Arm Pulldown,https://fitnessprogramer.com/wp-content/uploads/2021/05/Cable-Straight-Arm-Pulldown.gif,/content/drive/MyDrive/fitness/data/Cable-Straight-Arm-Pulldown.gif
back,Legless Rope Climb,https://fitnessprogramer.com/wp-content/uploads/2022/02/Rope-Climb.gif,/content/drive/MyDrive/fitness/data/Legless-Rope-Climb.gif
back,Lever T-Bar Row,https://fitnessprogramer.com/wp-content/uploads/2021/02/Lever-T-bar-Row.gif,/content/drive/MyDrive/fitness/data/Lever-T-Bar-Row.gif
back,Dumbbell Row,https://fitnessprogramer.com/wp-content/uploads/2021/02/Dumbbell-Row.gif,/content/drive/MyDrive/fitness/data/Dumbbell-Row.gif
back,Bent Over Dumbbell Row,https://fitnessprogramer.com/wp-content/uploads/2021/02/Bent-Over-Dumbbell-Row.gif,/content/drive/MyDrive/fitness/data/Bent-Over-Dumbbell-Row.gif
back,Dumbbell Bent Over Reverse Grip Row,https://fitnessprogramer.com/wp-content/uploads/2021/10/Dumbbell-Bent-Over-Reverse-Row.gif,/content/drive/MyDrive/fitness/data/Dumbbell-Bent-Over-Reverse-Grip-Row.gif
back,Reverse Lat-Pulldown,https://fitnessprogramer.com/wp-content/uploads/2021/04/Reverse-Lat-Pulldown.gif,/content/drive/MyDrive/fitness/data/Reverse-Lat-Pulldown.gif
back,Muscle-Up,https://fitnessprogramer.com/wp-content/uploads/2021/05/Muscle-up-vertical-bar.gif,/content/drive/MyDrive/fitness/data/Muscle-Up.gif
back,Seated Row Machine,https://fitnessprogramer.com/wp-content/uploads/2021/02/Seated-Row-Machine.gif,/content/drive/MyDrive/fitness/data/Seated-Row-Machine.gif
back,One Arm Cable Row,https://fitnessprogramer.com/wp-content/uploads/2021/02/One-arm-Cable-Row.gif,/content/drive/MyDrive/fitness/data/One-Arm-Cable-Row.gif
back,Reverse Grip Barbell Row,https://fitnessprogramer.com/wp-content/uploads/2021/04/Reverse-Grip-Barbell-Row.gif,/content/drive/MyDrive/fitness/data/Reverse-Grip-Barbell-Row.gif
back,Deadlift,https://fitnessprogramer.com/wp-content/uploads/2021/02/Barbell-Deadlift.gif,/content/drive/MyDrive/fitness/data/Deadlift.gif
back,Romanian Deadlift,https://fitnessprogramer.com/wp-content/uploads/2021/02/Barbell-Romanian-Deadlift.gif,/content/drive/MyDrive/fitness/data/Romanian-Deadlift.gif
back,Upper Back Stretch,https://fitnessprogramer.com/wp-content/uploads/2021/05/Upper-Back-Stretch.gif,/content/drive/MyDrive/fitness/data/Upper-Back-Stretch.gif
back,Kneeling High Pulley Row,https://fitnessprogramer.com/wp-content/uploads/2021/09/Kneeling-High-Pulley-Row.gif,/content/drive/MyDrive/fitness/data/Kneeling-High-Pulley-Row.gif
back,Sumo Deadlift,https://fitnessprogramer.com/wp-content/uploads/2021/04/Barbell-Sumo-Deadlift.gif,/content/drive/MyDrive/fitness/data/Sumo-Deadlift.gif
back,Half Kneeling Lat Pulldown,https://fitnessprogramer.com/wp-content/uploads/2021/06/Half-Kneeling-Lat-Pulldown.gif,/content/drive/MyDrive/fitness/data/Half-Kneeling-Lat-Pulldown.gif
back,Dumbbell Straight Leg Deadlift,https://fitnessprogramer.com/wp-content/uploads/2021/04/Dumbbell-Straight-Leg-Deadlift.gif,/content/drive/MyDrive/fitness/data/Dumbbell-Straight-Leg-Deadlift.gif
back,Across Chest Shoulder Stretch,https://fitnessprogramer.com/wp-content/uploads/2021/04/Across-Chest-Shoulder-Stretch.gif,/content/drive/MyDrive/fitness/data/Across-Chest-Shoulder-Stretch.gif
back,Standing Reach Up Back rotation Stretch,https://fitnessprogramer.com/wp-content/uploads/2021/04/Standing-Reach-Up-Back-rotation-Stretch.gif,/content/drive/MyDrive/fitness/data/Standing-Reach-Up-Back-rotation-Stretch.gif
back,Shoulder Stretch Behind Back,https://fitnessprogramer.com/wp-content/uploads/2021/04/Shoulder-Stretch-Behind-Back.gif,/content/drive/MyDrive/fitness/data/Shoulder-Stretch-Behind-Back.gif
back,Smith Machine Bent Over Row,https://fitnessprogramer.com/wp-content/uploads/2021/06/Smith-Machine-Bent-Over-Row.gif,/content/drive/MyDrive/fitness/data/Smith-Machine-Bent-Over-Row.gif
back,Incline Reverse Grip Dumbbell Row,https://fitnessprogramer.com/wp-content/uploads/2021/06/Incline-Reverse-Grip-Dumbbell-Row.gif,/content/drive/MyDrive/fitness/data/Incline-Reverse-Grip-Dumbbell-Row.gif
back,Barbell Pullover,https://fitnessprogramer.com/wp-content/uploads/2021/04/Barbell-Bent-Arm-Pullover.gif,/content/drive/MyDrive/fitness/data/Barbell-Pullover.gif
back,Cable Pullover,https://fitnessprogramer.com/wp-content/uploads/2021/04/Lying-Extension-Pullover.gif,/content/drive/MyDrive/fitness/data/Cable-Pullover.gif
back,Weighted Pull-up,https://fitnessprogramer.com/wp-content/uploads/2021/04/Weighted-Pull-up.gif,/content/drive/MyDrive/fitness/data/Weighted-Pull-up.gif
back,Reverse grip Pull-up,https://fitnessprogramer.com/wp-content/uploads/2021/04/Reverse-grip-Pull-up.gif,/content/drive/MyDrive/fitness/data/Reverse-grip-Pull-up.gif
back,Close Grip Chin Up,https://fitnessprogramer.com/wp-content/uploads/2021/04/Close-Grip-Chin-Up.gif,/content/drive/MyDrive/fitness/data/Close-Grip-Chin-Up.gif
back,Assisted Pull-up,https://fitnessprogramer.com/wp-content/uploads/2021/04/Assisted-Pull-up.gif,/content/drive/MyDrive/fitness/data/Assisted-Pull-up.gif
back,Table Inverted Row,https://fitnessprogramer.com/wp-content/uploads/2022/04/Table-Inverted-Row.gif,/content/drive/MyDrive/fitness/data/Table-Inverted-Row.gif
back,Cable One Arm Lat Pulldown,https://fitnessprogramer.com/wp-content/uploads/2021/06/Cable-One-Arm-Lat-Pulldown.gif,/content/drive/MyDrive/fitness/data/Cable-One-Arm-Lat-Pulldown.gif
back,Reverse Grip Machine Row,https://fitnessprogramer.com/wp-content/uploads/2021/08/Reverse-Grip-Machine-Row.gif,/content/drive/MyDrive/fitness/data/Reverse-Grip-Machine-Row.gif
back,Close Grip Cable Row,https://fitnessprogramer.com/wp-content/uploads/2021/06/close-grip-cable-row.gif,/content/drive/MyDrive/fitness/data/Close-Grip-Cable-Row.gif
back,Rope Straight Arm Pulldown,https://fitnessprogramer.com/wp-content/uploads/2021/06/Rope-Straight-Arm-Pulldown.gif,/content/drive/MyDrive/fitness/data/Rope-Straight-Arm-Pulldown.gif
back,V-bar Lat Pulldown,https://fitnessprogramer.com/wp-content/uploads/2021/06/V-bar-Lat-Pulldown.gif,/content/drive/MyDrive/fitness/data/V-bar-Lat-Pulldown.gif
back,One-Arm Barbell Row,https://fitnessprogramer.com/wp-content/uploads/2021/06/One-Arm-Barbell-Row-.gif,/content/drive/MyDrive/fitness/data/One-Arm-Barbell-Row.gif
back,T-Bar Row,https://fitnessprogramer.com/wp-content/uploads/2021/04/t-bar-rows.gif,/content/drive/MyDrive/fitness/data/T-Bar-Row.gif
back,Incline Cable Row,https://fitnessprogramer.com/wp-content/uploads/2021/09/Incline-Cable-Row.gif,/content/drive/MyDrive/fitness/data/Incline-Cable-Row.gif
back,Cable Bent Over Row,https://fitnessprogramer.com/wp-content/uploads/2021/09/Cable-Bent-Over-Row.gif,/content/drive/MyDrive/fitness/data/Cable-Bent-Over-Row.gif
back,Standing Side Bend Stretch,https://fitnessprogramer.com/wp-content/uploads/2021/09/Standing-Side-Bend-Stretch.gif,/content/drive/MyDrive/fitness/data/Standing-Side-Bend-Stretch.gif
back,Back Pec Stretch,https://fitnessprogramer.com/wp-content/uploads/2021/05/Back-Pec-Stretch.gif,/content/drive/MyDrive/fitness/data/Back-Pec-Stretch.gif
back,Double Cable Neutral Grip Lat Pulldown On Floor,https://fitnessprogramer.com/wp-content/uploads/2021/09/Double-Cable-Neutral-Grip-Lat-Pulldown-On-Floor.gif,/content/drive/MyDrive/fitness/data/Double-Cable-Neutral-Grip-Lat-Pulldown-On-Floor.gif
back,Incline Barbell Row,https://fitnessprogramer.com/wp-content/uploads/2021/06/Incline-Barbell-Row.gif,/content/drive/MyDrive/fitness/data/Incline-Barbell-Row.gif
back,Kneeling Single Arm High Pulley Row,https://fitnessprogramer.com/wp-content/uploads/2021/09/Kneeling-Single-Arm-High-Pulley-Row.gif,/content/drive/MyDrive/fitness/data/Kneeling-Single-Arm-High-Pulley-Row.gif
back,Upside Down Pull-up,https://fitnessprogramer.com/wp-content/uploads/2021/09/Upside-Down-Pull-up.gif,/content/drive/MyDrive/fitness/data/Upside-Down-Pull-up.gif
back,Swimming,https://fitnessprogramer.com/wp-content/uploads/2021/05/Swimming.gif,/content/drive/MyDrive/fitness/data/Swimming.gif
back,Brachialis Pull-up,https://fitnessprogramer.com/wp-content/uploads/2021/04/Brachialis-Pull-up.gif,/content/drive/MyDrive/fitness/data/Brachialis-Pull-up.gif
back,Close Grip Lat-Pulldown,https://fitnessprogramer.com/wp-content/uploads/2021/06/Close-Grip-Lat-Pulldown.gif,/content/drive/MyDrive/fitness/data/Close-Grip-Lat-Pulldown.gif
back,Seated Cable Rope Row,https://fitnessprogramer.com/wp-content/uploads/2021/06/Seated-Cable-Rope-Row.gif,/content/drive/MyDrive/fitness/data/Seated-Cable-Rope-Row.gif
back,Cable Seated Pullover,https://fitnessprogramer.com/wp-content/uploads/2021/10/Cable-Seated-Pullover.gif,/content/drive/MyDrive/fitness/data/Cable-Seated-Pullover.gif
back,Scapular Protraction and Retraction,https://fitnessprogramer.com/wp-content/uploads/2021/10/Scapular-Protraction-and-Retraction.gif,/content/drive/MyDrive/fitness/data/Scapular-Protraction-and-Retraction.gif
back,Ring Inverted Row,https://fitnessprogramer.com/wp-content/uploads/2022/01/Ring-Inverted-Row.gif,/content/drive/MyDrive/fitness/data/Ring-Inverted-Row.gif
back,Inverted Row,https://fitnessprogramer.com/wp-content/uploads/2021/06/Inverted-Row.gif,/content/drive/MyDrive/fitness/data/Inverted-Row.gif
back,Lever Cable Rear Pulldown,https://fitnessprogramer.com/wp-content/uploads/2021/08/Lever-Cable-Rear-Pulldown.gif,/content/drive/MyDrive/fitness/data/Lever-Cable-Rear-Pulldown.gif
back,Shotgun Row,https://fitnessprogramer.com/wp-content/uploads/2021/06/shotgun-row.gif,/content/drive/MyDrive/fitness/data/Shotgun-Row.gif
back,Elbow Reverse Push-Up,https://fitnessprogramer.com/wp-content/uploads/2021/08/Elbow-Reverse-Push-Up.gif,/content/drive/MyDrive/fitness/data/Elbow-Reverse-Push-Up.gif
back,Weighted One Arm Pull-up,https://fitnessprogramer.com/wp-content/uploads/2022/01/Weighted-One-Arm-Pull-up.gif,/content/drive/MyDrive/fitness/data/Weighted-One-Arm-Pull-up.gif
back,Cable Crossover Lat Pulldown,https://fitnessprogramer.com/wp-content/uploads/2022/01/Cable-Crossover-Lat-Pulldown.gif,/content/drive/MyDrive/fitness/data/Cable-Crossover-Lat-Pulldown.gif
back,One Arm Landmine Row,https://fitnessprogramer.com/wp-content/uploads/2021/10/One-Arm-Landmine-Row.gif,/content/drive/MyDrive/fitness/data/One-Arm-Landmine-Row.gif
back,Lever Reverse T-Bar Row,https://fitnessprogramer.com/wp-content/uploads/2021/08/Lever-Reverse-T-Bar-Row.gif,/content/drive/MyDrive/fitness/data/Lever-Reverse-T-Bar-Row.gif
back,Kettlebell Bent Over Row,https://fitnessprogramer.com/wp-content/uploads/2021/06/Kettlebell-Bent-Over-Row.gif,/content/drive/MyDrive/fitness/data/Kettlebell-Bent-Over-Row.gif
back,Full Range Of Motion Lat Pulldown,https://fitnessprogramer.com/wp-content/uploads/2022/04/Full-Range-Of-Motion-Lat-Pulldown.gif,/content/drive/MyDrive/fitness/data/Full-Range-Of-Motion-Lat-Pulldown.gif
back,Chin-Up,https://fitnessprogramer.com/wp-content/uploads/2021/03/Chin-Up.gif,/content/drive/MyDrive/fitness/data/Chin-Up.gif
back,Seated Toe Touches,https://fitnessprogramer.com/wp-content/uploads/2021/06/Seated-Toe-Touches.gif,/content/drive/MyDrive/fitness/data/Seated-Toe-Touches.gif
back,L-Sit Pull-Up,https://fitnessprogramer.com/wp-content/uploads/2023/06/L-Pull-Up.gif,/content/drive/MyDrive/fitness/data/L-Sit-Pull-Up.gif
back,Back Lever,https://fitnessprogramer.com/wp-content/uploads/2023/06/Back-Lever.gif,/content/drive/MyDrive/fitness/data/Back-Lever.gif
back,Swing 360,https://fitnessprogramer.com/wp-content/uploads/2023/06/Swing-360.gif,/content/drive/MyDrive/fitness/data/Swing-360.gif
back,Front Lever Pull-up,https://fitnessprogramer.com/wp-content/uploads/2023/06/Front-Lever-Pull-up.gif,/content/drive/MyDrive/fitness/data/Front-Lever-Pull-up.gif
back,Towel Shoulder Stretch,https://fitnessprogramer.com/wp-content/uploads/2021/10/Stretch-With-Towel.gif,/content/drive/MyDrive/fitness/data/Towel-Shoulder-Stretch.gif
back,Foam Roller Back Stretch,https://fitnessprogramer.com/wp-content/uploads/2022/02/Roll-Upper-Back.gif,/content/drive/MyDrive/fitness/data/Foam-Roller-Back-Stretch.gif
back,Foam Roller Rhomboids,https://fitnessprogramer.com/wp-content/uploads/2022/02/Roll-Rhomboids.gif,/content/drive/MyDrive/fitness/data/Foam-Roller-Rhomboids.gif
back,Foam Roller Upper Back,https://fitnessprogramer.com/wp-content/uploads/2022/02/Foam-Roller-Upper-Back.gif,/content/drive/MyDrive/fitness/data/Foam-Roller-Upper-Back.gif
back,Foam Roller Lat Stretch,https://fitnessprogramer.com/wp-content/uploads/2022/02/Foam-Roller-Lat-Stretch.gif,/content/drive/MyDrive/fitness/data/Foam-Roller-Lat-Stretch.gif
back,Lying Upper Body Rotation,https://fitnessprogramer.com/wp-content/uploads/2022/02/Lying-Upper-Body-Rotation.gif,/content/drive/MyDrive/fitness/data/Lying-Upper-Body-Rotation.gif
back,Lever Pullover,https://fitnessprogramer.com/wp-content/uploads/2022/02/Lever-Pullover-plate-loaded.gif,/content/drive/MyDrive/fitness/data/Lever-Pullover.gif
back,One Arm Chin-Up,https://fitnessprogramer.com/wp-content/uploads/2022/01/One-Arm-Chin-Up.gif,/content/drive/MyDrive/fitness/data/One-Arm-Chin-Up.gif
back,Scapula Pull-up,https://fitnessprogramer.com/wp-content/uploads/2022/01/Scapula-Pull-up.gif,/content/drive/MyDrive/fitness/data/Scapula-Pull-up.gif
back,Archer Pull-up,https://fitnessprogramer.com/wp-content/uploads/2022/01/Archer-Pull-up.gif,/content/drive/MyDrive/fitness/data/Archer-Pull-up.gif
back,Jumping Pull-up,https://fitnessprogramer.com/wp-content/uploads/2022/01/jumping-pull-up.gif,/content/drive/MyDrive/fitness/data/Jumping-Pull-up.gif
back,Commando Pull-up,https://fitnessprogramer.com/wp-content/uploads/2022/01/commander-pull-up.gif,/content/drive/MyDrive/fitness/data/Commando-Pull-up.gif
back,Behind The Neck Pull-up,https://fitnessprogramer.com/wp-content/uploads/2022/01/Behind-The-Neck-Pull-up.gif,/content/drive/MyDrive/fitness/data/Behind-The-Neck-Pull-up.gif
back,Cable One-Arm Pulldown,https://fitnessprogramer.com/wp-content/uploads/2022/01/Cable-One-Arm-Pulldown.gif,/content/drive/MyDrive/fitness/data/Cable-One-Arm-Pulldown.gif
back,Barbell Decline Bent Arm Pullover,https://fitnessprogramer.com/wp-content/uploads/2022/01/Barbell-Decline-Bent-Arm-Pullover.gif,/content/drive/MyDrive/fitness/data/Barbell-Decline-Bent-Arm-Pullover.gif
back,Dead Hang,https://fitnessprogramer.com/wp-content/uploads/2021/02/dead-hang-360x360.png,/content/drive/MyDrive/fitness/data/Dead-Hang.gif
back,Isometric Pull-Up,https://fitnessprogramer.com/wp-content/uploads/2022/08/Isometric-Pull-Up.gif,/content/drive/MyDrive/fitness/data/Isometric-Pull-Up.gif
back,Wide Grip Barbell Bent Over Row Plus,https://fitnessprogramer.com/wp-content/uploads/2023/02/Wide-Grip-Barbell-Bent-Over-Row-Plus.gif,/content/drive/MyDrive/fitness/data/Wide-Grip-Barbell-Bent-Over-Row-Plus.gif
back,Wide Grip Alternate Barbell Bent Over Row Plus,https://fitnessprogramer.com/wp-content/uploads/2023/02/Wide-Grip-Alternate-Barbell-Bent-Over-Row-Plus.gif,/content/drive/MyDrive/fitness/data/Wide-Grip-Alternate-Barbell-Bent-Over-Row-Plus.gif
back,Wall Slides,https://fitnessprogramer.com/wp-content/uploads/2021/02/wall-slide.gif,/content/drive/MyDrive/fitness/data/Wall-Slides.gif
back,Kneeling T-spine Rotation,https://fitnessprogramer.com/wp-content/uploads/2022/08/Kneeling-T-spine-Rotation.gif,/content/drive/MyDrive/fitness/data/Kneeling-T-spine-Rotation.gif
back,Climbing Monkey Bars,https://fitnessprogramer.com/wp-content/uploads/2022/12/Climbing-Monkey-Bars.gif,/content/drive/MyDrive/fitness/data/Climbing-Monkey-Bars.gif
back,Supine Spinal Twist,https://fitnessprogramer.com/wp-content/uploads/2022/12/Supine-Spinal-Twist.gif,/content/drive/MyDrive/fitness/data/Supine-Spinal-Twist.gif
back,Back Slaps Wrap Around Stretch,https://fitnessprogramer.com/wp-content/uploads/2022/12/Back-Slaps-Wrap-Around-Stretch.gif,/content/drive/MyDrive/fitness/data/Back-Slaps-Wrap-Around-Stretch.gif
back,Bodyweight Row in Doorway,https://fitnessprogramer.com/wp-content/uploads/2023/06/Bodyweight-Row-in-Doorway.gif,/content/drive/MyDrive/fitness/data/Bodyweight-Row-in-Doorway.gif
back,Lever High Row,https://fitnessprogramer.com/wp-content/uploads/2023/06/Lever-High-Row.gif,/content/drive/MyDrive/fitness/data/Lever-High-Row.gif
back,Incline Dumbbell Hammer Row,https://fitnessprogramer.com/wp-content/uploads/2022/02/Incline-Dumbbell-Hammer-Row.gif,/content/drive/MyDrive/fitness/data/Incline-Dumbbell-Hammer-Row.gif
back,Plate Loaded Seated Row,https://fitnessprogramer.com/wp-content/uploads/2022/02/Plate-Loaded-Seated-Row.gif,/content/drive/MyDrive/fitness/data/Plate-Loaded-Seated-Row.gif
back,Chin Up Around the Bar,https://fitnessprogramer.com/wp-content/uploads/2022/02/Chin-Up-Around-the-Bar.gif,/content/drive/MyDrive/fitness/data/Chin-Up-Around-the-Bar.gif
back,EZ-Bar Bent Arm Pullover,https://fitnessprogramer.com/wp-content/uploads/2022/02/EZ-Bar-Bent-Arm-Pullover.gif,/content/drive/MyDrive/fitness/data/EZ-Bar-Bent-Arm-Pullover.gif
back,Banded Shoulder Extension,https://fitnessprogramer.com/wp-content/uploads/2023/06/Banded-Shoulder-Extension.gif,/content/drive/MyDrive/fitness/data/Banded-Shoulder-Extension.gif
back,Banded Shoulder Adduction,https://fitnessprogramer.com/wp-content/uploads/2023/06/Banded-Shoulder-Adduction.gif,/content/drive/MyDrive/fitness/data/Banded-Shoulder-Adduction.gif
back,Landmine T-Bar Row,https://fitnessprogramer.com/wp-content/uploads/2021/04/t-bar-rows.gif,/content/drive/MyDrive/fitness/data/Landmine-T-Bar-Row.gif
back,Cable Twisting Standing High Row,https://fitnessprogramer.com/wp-content/uploads/2022/02/Cable-Twisting-Standing-high-Row.gif,/content/drive/MyDrive/fitness/data/Cable-Twisting-Standing-High-Row.gif
back,Single Arm Twisting Seated Cable Row,https://fitnessprogramer.com/wp-content/uploads/2022/02/Single-Arm-Twisting-Seated-Cable-Row.gif,/content/drive/MyDrive/fitness/data/Single-Arm-Twisting-Seated-Cable-Row.gif
back,Band Alternating Lat Pulldown,https://fitnessprogramer.com/wp-content/uploads/2022/02/Band-Alternating-Lat-Pulldown.gif,/content/drive/MyDrive/fitness/data/Band-Alternating-Lat-Pulldown.gif
back,Band Alternating Low Row with Twist,https://fitnessprogramer.com/wp-content/uploads/2022/02/Band-Alternating-Low-Row-with-Twist.gif,/content/drive/MyDrive/fitness/data/Band-Alternating-Low-Row-with-Twist.gif
back,Band Seated Row,https://fitnessprogramer.com/wp-content/uploads/2022/02/Band-Seated-Row.gif,/content/drive/MyDrive/fitness/data/Band-Seated-Row.gif
back,Barbell Pendlay Row,https://fitnessprogramer.com/wp-content/uploads/2022/07/Barbell-Pendlay-Row.gif,/content/drive/MyDrive/fitness/data/Barbell-Pendlay-Row.gif
back,Standing side bend,https://fitnessprogramer.com/wp-content/uploads/2022/09/standing-side-bend.gif,/content/drive/MyDrive/fitness/data/Standing-side-bend.gif
back,Neutral Grip Pull-up,https://fitnessprogramer.com/wp-content/uploads/2022/08/neutral-grip-pull-up.gif,/content/drive/MyDrive/fitness/data/Neutral-Grip-Pull-up.gif
back,Medicine ball Overhead Slam,https://fitnessprogramer.com/wp-content/uploads/2022/06/Medicine-ball-Overhead-Slam-exercise.gif,/content/drive/MyDrive/fitness/data/Medicine-ball-Overhead-Slam.gif
back,Dumbbell Seal Row,https://fitnessprogramer.com/wp-content/uploads/2022/11/Dumbbell-Seal-Row.gif,/content/drive/MyDrive/fitness/data/Dumbbell-Seal-Row.gif
back,Kettlebell Renegade Row,https://fitnessprogramer.com/wp-content/uploads/2022/07/Kettlebell-Renegade-Row.gif,/content/drive/MyDrive/fitness/data/Kettlebell-Renegade-Row.gif
back,Push-Up to Renegade Row,https://fitnessprogramer.com/wp-content/uploads/2022/07/Push-Up-to-Renegade-Row.gif,/content/drive/MyDrive/fitness/data/Push-Up-to-Renegade-Row.gif
back,Dumbbell Renegade Row,https://fitnessprogramer.com/wp-content/uploads/2021/01/dumbbell-renegade-row-1.gif,/content/drive/MyDrive/fitness/data/Dumbbell-Renegade-Row.gif
back,Band Assisted Pull-up,https://fitnessprogramer.com/wp-content/uploads/2022/08/band-assisted-pull-up.gif,/content/drive/MyDrive/fitness/data/Band-Assisted-Pull-up.gif
back,Standing Banded Row,https://fitnessprogramer.com/wp-content/uploads/2022/05/Straight_Back-back-standing-row.gif,/content/drive/MyDrive/fitness/data/Standing-Banded-Row.gif
back,Kneeling Pulldown With Resistance Band,https://fitnessprogramer.com/wp-content/uploads/2022/05/Kneeling-pulldown.gif,/content/drive/MyDrive/fitness/data/Kneeling-Pulldown-With-Resistance-Band.gif
back,Bent Over Row | Gymstick,https://fitnessprogramer.com/wp-content/uploads/2022/05/Bent-Over-Row-Gymstick.gif,/content/drive/MyDrive/fitness/data/Bent-Over-Row-|-Gymstick.gif
back,Battle Rope,https://fitnessprogramer.com/wp-content/uploads/2015/07/Battle-Rope.gif,/content/drive/MyDrive/fitness/data/Battle-Rope.gif
biceps,Seated Zottman Curl,https://fitnessprogramer.com/wp-content/uploads/2023/10/Seated-Zottman-Curl.gif,/content/drive/MyDrive/fitness/data/Seated-Zottman-Curl.gif
biceps,Standing Barbell Concentration Curl,https://fitnessprogramer.com/wp-content/uploads/2023/10/Standing-Barbell-Concentration-Curl.gif,/content/drive/MyDrive/fitness/data/Standing-Barbell-Concentration-Curl.gif
biceps,Waiter Curl,https://fitnessprogramer.com/wp-content/uploads/2023/09/waiter-curl.gif,/content/drive/MyDrive/fitness/data/Waiter-Curl.gif
biceps,Double Arm Dumbbell Curl,https://fitnessprogramer.com/wp-content/uploads/2022/04/Double-Arm-Dumbbell-Curl.gif,/content/drive/MyDrive/fitness/data/Double-Arm-Dumbbell-Curl.gif
biceps,Dumbbell Curl,https://fitnessprogramer.com/wp-content/uploads/2021/02/Dumbbell-Curl.gif,/content/drive/MyDrive/fitness/data/Dumbbell-Curl.gif
biceps,Barbell Curl,https://fitnessprogramer.com/wp-content/uploads/2021/02/Barbell-Curl.gif,/content/drive/MyDrive/fitness/data/Barbell-Curl.gif
biceps,Concentration Curl,https://fitnessprogramer.com/wp-content/uploads/2021/02/Concentration-Curl.gif,/content/drive/MyDrive/fitness/data/Concentration-Curl.gif
biceps,Dumbbell Preacher Curl,https://fitnessprogramer.com/wp-content/uploads/2021/02/Dumbbell-Preacher-Curl.gif,/content/drive/MyDrive/fitness/data/Dumbbell-Preacher-Curl.gif
biceps,EZ Bar Preacher Curl,https://fitnessprogramer.com/wp-content/uploads/2021/02/Z-Bar-Preacher-Curl.gif,/content/drive/MyDrive/fitness/data/EZ-Bar-Preacher-Curl.gif
biceps,Hammer Curl,https://fitnessprogramer.com/wp-content/uploads/2021/02/Hammer-Curl.gif,/content/drive/MyDrive/fitness/data/Hammer-Curl.gif
biceps,Seated Incline Dumbbell Curl,https://fitnessprogramer.com/wp-content/uploads/2021/02/Seated-Incline-Dumbbell-Curl.gif,/content/drive/MyDrive/fitness/data/Seated-Incline-Dumbbell-Curl.gif
biceps,Lever Preacher Curl,https://fitnessprogramer.com/wp-content/uploads/2021/04/Lever-Preacher-Curl.gif,/content/drive/MyDrive/fitness/data/Lever-Preacher-Curl.gif
biceps,High Cable Single Arm Bicep Curl,https://fitnessprogramer.com/wp-content/uploads/2021/04/High-Cable-Single-Arm-Bicep-Curl.gif,/content/drive/MyDrive/fitness/data/High-Cable-Single-Arm-Bicep-Curl.gif
biceps,One Arm Cable Curl,https://fitnessprogramer.com/wp-content/uploads/2021/02/One-Arm-Cable-Curl.gif,/content/drive/MyDrive/fitness/data/One-Arm-Cable-Curl.gif
biceps,Lying Cable Curl,https://fitnessprogramer.com/wp-content/uploads/2021/04/lying-cable-curl.gif,/content/drive/MyDrive/fitness/data/Lying-Cable-Curl.gif
biceps,Zottman Curl,https://fitnessprogramer.com/wp-content/uploads/2021/04/zottman-curl.gif,/content/drive/MyDrive/fitness/data/Zottman-Curl.gif
biceps,Dumbbell Reverse Curl,https://fitnessprogramer.com/wp-content/uploads/2021/04/dumbbell-reverse-curl.gif,/content/drive/MyDrive/fitness/data/Dumbbell-Reverse-Curl.gif
biceps,Seated Close-Grip Concentration Curl,https://fitnessprogramer.com/wp-content/uploads/2021/04/Seated-close-grip-concentration-curl.gif,/content/drive/MyDrive/fitness/data/Seated-Close-Grip-Concentration-Curl.gif
biceps,Biceps Leg Concentration Curl,https://fitnessprogramer.com/wp-content/uploads/2021/04/Biceps-Leg-Concentration-Curl.gif,/content/drive/MyDrive/fitness/data/Biceps-Leg-Concentration-Curl.gif
biceps,Prone Incline Barbell Curl,https://fitnessprogramer.com/wp-content/uploads/2021/04/Prone-Incline-Biceps-Curl.gif,/content/drive/MyDrive/fitness/data/Prone-Incline-Barbell-Curl.gif
biceps,Overhead Cable Curl,https://fitnessprogramer.com/wp-content/uploads/2021/04/overhead-cable-curl.gif,/content/drive/MyDrive/fitness/data/Overhead-Cable-Curl.gif
biceps,Seated Hammer Curl,https://fitnessprogramer.com/wp-content/uploads/2021/04/Seated-Hammer-Curl.gif,/content/drive/MyDrive/fitness/data/Seated-Hammer-Curl.gif
biceps,Seated Biceps Curl,https://fitnessprogramer.com/wp-content/uploads/2021/04/seated-biceps-curl.gif,/content/drive/MyDrive/fitness/data/Seated-Biceps-Curl.gif
biceps,Single Arm Cable Preacher Curl,https://fitnessprogramer.com/wp-content/uploads/2021/04/cable-preacher-curls.gif,/content/drive/MyDrive/fitness/data/Single-Arm-Cable-Preacher-Curl.gif
biceps,Cable Concentration Curl,https://fitnessprogramer.com/wp-content/uploads/2021/04/Cable-Concentration-Curl.gif,/content/drive/MyDrive/fitness/data/Cable-Concentration-Curl.gif
biceps,Reverse Grip EZ-Bar Curl,https://fitnessprogramer.com/wp-content/uploads/2021/08/Reverse-Grip-EZ-Bar-Curl.gif,/content/drive/MyDrive/fitness/data/Reverse-Grip-EZ-Bar-Curl.gif
biceps,Dumbbell Scott Hammer Curl,https://fitnessprogramer.com/wp-content/uploads/2021/08/Dumbbell-Scott-Hammer-Curl.gif,/content/drive/MyDrive/fitness/data/Dumbbell-Scott-Hammer-Curl.gif
biceps,Lying High Bench Barbell Curl,https://fitnessprogramer.com/wp-content/uploads/2022/04/Lying-High-Bench-Barbell-Curl.gif,/content/drive/MyDrive/fitness/data/Lying-High-Bench-Barbell-Curl.gif
biceps,Cable Rope Hammer Curl,https://fitnessprogramer.com/wp-content/uploads/2021/06/rope-bicep-curls.gif,/content/drive/MyDrive/fitness/data/Cable-Rope-Hammer-Curl.gif
biceps,Biceps Curl Machine,https://fitnessprogramer.com/wp-content/uploads/2021/09/Bicep-Curl-Machine.gif,/content/drive/MyDrive/fitness/data/Biceps-Curl-Machine.gif
biceps,Dumbbell High Curl,https://fitnessprogramer.com/wp-content/uploads/2021/09/Dumbbell-High-Curl.gif,/content/drive/MyDrive/fitness/data/Dumbbell-High-Curl.gif
biceps,Brachialis Pull-up,https://fitnessprogramer.com/wp-content/uploads/2021/04/Brachialis-Pull-up.gif,/content/drive/MyDrive/fitness/data/Brachialis-Pull-up.gif
biceps,Close Grip Z-Bar Curl,https://fitnessprogramer.com/wp-content/uploads/2021/06/Close-Grip-Z-Bar-Curl.gif,/content/drive/MyDrive/fitness/data/Close-Grip-Z-Bar-Curl.gif
biceps,Dumbbell Scott Curl,https://fitnessprogramer.com/wp-content/uploads/2021/06/dumbbell-scot-curl.gif,/content/drive/MyDrive/fitness/data/Dumbbell-Scott-Curl.gif
biceps,Barbell Curl On Arm Blaster,https://fitnessprogramer.com/wp-content/uploads/2021/08/Barbell-Curl-On-Arm-Blaster.gif,/content/drive/MyDrive/fitness/data/Barbell-Curl-On-Arm-Blaster.gif
biceps,Arm Blaster Hammer Curl,https://fitnessprogramer.com/wp-content/uploads/2021/08/Arm-Blaster-Hammer-Curl.gif,/content/drive/MyDrive/fitness/data/Arm-Blaster-Hammer-Curl.gif
biceps,Dumbbell Curl On Arm Blaster,https://fitnessprogramer.com/wp-content/uploads/2021/08/Dumbbell-Curl-On-Arm-Blaster.gif,/content/drive/MyDrive/fitness/data/Dumbbell-Curl-On-Arm-Blaster.gif
biceps,Standing One Arm Chest Stretch,https://fitnessprogramer.com/wp-content/uploads/2021/08/Standing-one-arm-chest-stretch.gif,/content/drive/MyDrive/fitness/data/Standing-One-Arm-Chest-Stretch.gif
biceps,One Arm Biceps Curl,https://fitnessprogramer.com/wp-content/uploads/2022/04/One-Arm-Biceps-Curl-1.gif,/content/drive/MyDrive/fitness/data/One-Arm-Biceps-Curl.gif
biceps,Chin-Up,https://fitnessprogramer.com/wp-content/uploads/2021/03/Chin-Up.gif,/content/drive/MyDrive/fitness/data/Chin-Up.gif
biceps,Lever Biceps Curl,https://fitnessprogramer.com/wp-content/uploads/2021/06/Lever-Biceps-Curl.gif,/content/drive/MyDrive/fitness/data/Lever-Biceps-Curl.gif
biceps,Cable Incline Biceps Curl,https://fitnessprogramer.com/wp-content/uploads/2022/12/Cable-Incline-Biceps-Curl.gif,/content/drive/MyDrive/fitness/data/Cable-Incline-Biceps-Curl.gif
biceps,One Arm Chin-Up,https://fitnessprogramer.com/wp-content/uploads/2022/01/One-Arm-Chin-Up.gif,/content/drive/MyDrive/fitness/data/One-Arm-Chin-Up.gif
biceps,Dumbbell Preacher Hammer (Scott) Curl,https://fitnessprogramer.com/wp-content/uploads/2022/02/Dumbbell-Preacher-Hammer-Curl.gif,/content/drive/MyDrive/fitness/data/Dumbbell-Preacher-Hammer-(Scott)-Curl.gif
biceps,One Arm Prone Dumbbell Curl,https://fitnessprogramer.com/wp-content/uploads/2022/02/One-Arm-Prone-Dumbbell-Curl.gif,/content/drive/MyDrive/fitness/data/One-Arm-Prone-Dumbbell-Curl.gif
biceps,Dumbbell Alternate Preacher Curl,https://fitnessprogramer.com/wp-content/uploads/2022/02/Dumbbell-Alternate-Preacher-Curl.gif,/content/drive/MyDrive/fitness/data/Dumbbell-Alternate-Preacher-Curl.gif
biceps,Two Dumbbell Preacher Curl,https://fitnessprogramer.com/wp-content/uploads/2022/02/Two-dumbbell-preacher-curl.gif,/content/drive/MyDrive/fitness/data/Two-Dumbbell-Preacher-Curl.gif
biceps,Flexor Incline Dumbbell Curls,https://fitnessprogramer.com/wp-content/uploads/2022/02/Flexor-Incline-Dumbbell-Curls.gif,/content/drive/MyDrive/fitness/data/Flexor-Incline-Dumbbell-Curls.gif
biceps,Barbell Alternate Biceps Curl,https://fitnessprogramer.com/wp-content/uploads/2022/02/Barbell-Alternate-Biceps-Curl.gif,/content/drive/MyDrive/fitness/data/Barbell-Alternate-Biceps-Curl.gif
biceps,Cable Kneeling Biceps Curl,https://fitnessprogramer.com/wp-content/uploads/2022/12/Cable-Kneeling-Biceps-Curl.gif,/content/drive/MyDrive/fitness/data/Cable-Kneeling-Biceps-Curl.gif
biceps,Cable Two Arm Curl on Incline Bench,https://fitnessprogramer.com/wp-content/uploads/2022/02/Cable-Two-Arm-Curl-on-Incline-Bench.gif,/content/drive/MyDrive/fitness/data/Cable-Two-Arm-Curl-on-Incline-Bench.gif
biceps,Chin Up Around the Bar,https://fitnessprogramer.com/wp-content/uploads/2022/02/Chin-Up-Around-the-Bar.gif,/content/drive/MyDrive/fitness/data/Chin-Up-Around-the-Bar.gif
biceps,Elbow Flexion,https://fitnessprogramer.com/wp-content/uploads/2023/06/elbow-flexion.gif,/content/drive/MyDrive/fitness/data/Elbow-Flexion.gif
biceps,Cable Pulldown Biceps Curl,https://fitnessprogramer.com/wp-content/uploads/2022/02/Cable-Pulldown-Bicep-Curl.gif,/content/drive/MyDrive/fitness/data/Cable-Pulldown-Biceps-Curl.gif
biceps,Band Biceps Curl,https://fitnessprogramer.com/wp-content/uploads/2022/02/Band-Biceps-Curl.gif,/content/drive/MyDrive/fitness/data/Band-Biceps-Curl.gif
biceps,Single Dumbbell Spider Hammer Curl,https://fitnessprogramer.com/wp-content/uploads/2022/02/Single-Dumbbell-Spider-Hammer-Curl.gif,/content/drive/MyDrive/fitness/data/Single-Dumbbell-Spider-Hammer-Curl.gif
biceps,Cable Curl,https://fitnessprogramer.com/wp-content/uploads/2021/02/cable-curl.gif,/content/drive/MyDrive/fitness/data/Cable-Curl.gif
biceps,Z-Bar Curl,https://fitnessprogramer.com/wp-content/uploads/2021/02/Z-Bar-Curl.gif,/content/drive/MyDrive/fitness/data/Z-Bar-Curl.gif
biceps,Hammer Curl with Resistance Band,https://fitnessprogramer.com/wp-content/uploads/2022/07/Hammer-Curl-with-Resistance-Band.gif,/content/drive/MyDrive/fitness/data/Hammer-Curl-with-Resistance-Band.gif
biceps,Cable Reverse Grip EZ-bar Biceps Curl,https://fitnessprogramer.com/wp-content/uploads/2022/02/Cable-Reverse-Grip-EZ-bar-Biceps-Curl.gif,/content/drive/MyDrive/fitness/data/Cable-Reverse-Grip-EZ-bar-Biceps-Curl.gif
biceps,Standing Reverse Shoulder Stretch,https://fitnessprogramer.com/wp-content/uploads/2021/04/Standing-Reverse-Shoulder-Stretch.gif,/content/drive/MyDrive/fitness/data/Standing-Reverse-Shoulder-Stretch.gif
biceps,Barbell Drag Curl,https://fitnessprogramer.com/wp-content/uploads/2022/12/Barbell-Drag-Curl.gif,/content/drive/MyDrive/fitness/data/Barbell-Drag-Curl.gif
biceps,Close Grip Barbell Curl,https://fitnessprogramer.com/wp-content/uploads/2022/07/close-grip-barbell-curl.gif,/content/drive/MyDrive/fitness/data/Close-Grip-Barbell-Curl.gif
biceps,One Arm Cable Bicep Curl,https://fitnessprogramer.com/wp-content/uploads/2022/06/One-Arm-Cable-Bicep-Curl.gif,/content/drive/MyDrive/fitness/data/One-Arm-Cable-Bicep-Curl.gif
biceps,Single Arm Reverse Grip Cable Bicep Curl,https://fitnessprogramer.com/wp-content/uploads/2022/06/Single-Arm-Reverse-Grip-Cable-Bicep-Curl.gif,/content/drive/MyDrive/fitness/data/Single-Arm-Reverse-Grip-Cable-Bicep-Curl.gif
biceps,Water Bottle Hammer Curl,https://fitnessprogramer.com/wp-content/uploads/2022/06/Water-Bottle-Hammer-Curl.gif,/content/drive/MyDrive/fitness/data/Water-Bottle-Hammer-Curl.gif
biceps,Seated Alternating Dumbbell Curl,https://fitnessprogramer.com/wp-content/uploads/2022/06/Seated-dumbbell-alternating-curl.gif,/content/drive/MyDrive/fitness/data/Seated-Alternating-Dumbbell-Curl.gif
biceps,Seated Bicep Curl With Resistance Band,https://fitnessprogramer.com/wp-content/uploads/2022/06/Seated-Bicep-Curl-With-Resistance-Band.gif,/content/drive/MyDrive/fitness/data/Seated-Bicep-Curl-With-Resistance-Band.gif
biceps,One-Arm Biceps Curl With Resistance Band,https://fitnessprogramer.com/wp-content/uploads/2022/05/One-Arm-Biceps-Curl.gif,/content/drive/MyDrive/fitness/data/One-Arm-Biceps-Curl-With-Resistance-Band.gif
triceps,Medicine Ball Overhead Throw,https://fitnessprogramer.com/wp-content/uploads/2023/09/Medicine-Ball-Overhead-Throw.gif,/content/drive/MyDrive/fitness/data/Medicine-Ball-Overhead-Throw.gif
triceps,One Arm Triceps Pushdown,https://fitnessprogramer.com/wp-content/uploads/2022/11/One-arm-triceps-pushdown.gif,/content/drive/MyDrive/fitness/data/One-Arm-Triceps-Pushdown.gif
triceps,Dumbbell Kickback,https://fitnessprogramer.com/wp-content/uploads/2021/02/Dumbbell-Kickback.gif,/content/drive/MyDrive/fitness/data/Dumbbell-Kickback.gif
triceps,One Arm Reverse Pushdown,https://fitnessprogramer.com/wp-content/uploads/2021/02/One-Arm-Reverse-Push-Down.gif,/content/drive/MyDrive/fitness/data/One-Arm-Reverse-Pushdown.gif
triceps,Push-down,https://fitnessprogramer.com/wp-content/uploads/2021/02/Pushdown.gif,/content/drive/MyDrive/fitness/data/Push-down.gif
triceps,Bench Dips,https://fitnessprogramer.com/wp-content/uploads/2021/02/Bench-Dips.gif,/content/drive/MyDrive/fitness/data/Bench-Dips.gif
triceps,Triceps Dips,https://fitnessprogramer.com/wp-content/uploads/2021/02/Triceps-Dips.gif,/content/drive/MyDrive/fitness/data/Triceps-Dips.gif
triceps,One Arm Lying Triceps Extension,https://fitnessprogramer.com/wp-content/uploads/2021/04/One-Arm-Lying-Triceps-Extension.gif,/content/drive/MyDrive/fitness/data/One-Arm-Lying-Triceps-Extension.gif
triceps,Cable Rope Overhead Triceps Extension,https://fitnessprogramer.com/wp-content/uploads/2021/04/Cable-Rope-Overhead-Triceps-Extension.gif,/content/drive/MyDrive/fitness/data/Cable-Rope-Overhead-Triceps-Extension.gif
triceps,Lever Triceps Dip,https://fitnessprogramer.com/wp-content/uploads/2021/04/Lever-Overhand-Triceps-Dip.gif,/content/drive/MyDrive/fitness/data/Lever-Triceps-Dip.gif
triceps,Lying Barbell Triceps Extension,https://fitnessprogramer.com/wp-content/uploads/2021/02/Barbell-Triceps-Extension.gif,/content/drive/MyDrive/fitness/data/Lying-Barbell-Triceps-Extension.gif
triceps,Cable Tricep Kickback,https://fitnessprogramer.com/wp-content/uploads/2021/02/Cable-Tricep-Kickback.gif,/content/drive/MyDrive/fitness/data/Cable-Tricep-Kickback.gif
triceps,Triceps Dips on Floor,https://fitnessprogramer.com/wp-content/uploads/2021/04/Triceps-dips-on-floors.gif,/content/drive/MyDrive/fitness/data/Triceps-Dips-on-Floor.gif
triceps,Dumbbell Seated Front and Back Tate Press,https://fitnessprogramer.com/wp-content/uploads/2021/09/Dumbbell-Seated-Front-and-Back-Tate-Press.gif,/content/drive/MyDrive/fitness/data/Dumbbell-Seated-Front-and-Back-Tate-Press.gif
triceps,Kneeling Cable Triceps Extension,https://fitnessprogramer.com/wp-content/uploads/2021/09/Kneeling-Cable-Extension.gif,/content/drive/MyDrive/fitness/data/Kneeling-Cable-Triceps-Extension.gif
triceps,Cable Rear Drive,https://fitnessprogramer.com/wp-content/uploads/2021/09/Cable-Rear-Drive.gif,/content/drive/MyDrive/fitness/data/Cable-Rear-Drive.gif
triceps,Narrow Grip Wall Push-Up,https://fitnessprogramer.com/wp-content/uploads/2021/06/Narrow-Grip-Wall-Push-Up.gif,/content/drive/MyDrive/fitness/data/Narrow-Grip-Wall-Push-Up.gif
triceps,Shoulder Stretch Behind Back,https://fitnessprogramer.com/wp-content/uploads/2021/04/Shoulder-Stretch-Behind-Back.gif,/content/drive/MyDrive/fitness/data/Shoulder-Stretch-Behind-Back.gif
triceps,Body Ups,https://fitnessprogramer.com/wp-content/uploads/2021/06/Body-Ups.gif,/content/drive/MyDrive/fitness/data/Body-Ups.gif
triceps,Wall Push-up,https://fitnessprogramer.com/wp-content/uploads/2021/04/Wall-Push-ups.gif,/content/drive/MyDrive/fitness/data/Wall-Push-up.gif
triceps,Cable Lying Triceps Extensions,https://fitnessprogramer.com/wp-content/uploads/2021/04/Cable-Lying-Triceps-Extensions.gif,/content/drive/MyDrive/fitness/data/Cable-Lying-Triceps-Extensions.gif
triceps,Chair Dips,https://fitnessprogramer.com/wp-content/uploads/2021/04/CHAIR-DIPS.gif,/content/drive/MyDrive/fitness/data/Chair-Dips.gif
triceps,Seated One-Arm Dumbbell Triceps Extension,https://fitnessprogramer.com/wp-content/uploads/2021/06/Seated-One-Arm-Dumbbell-Triceps-Extension.gif,/content/drive/MyDrive/fitness/data/Seated-One-Arm-Dumbbell-Triceps-Extension.gif
triceps,Seated Dumbbell Triceps Extension,https://fitnessprogramer.com/wp-content/uploads/2021/06/Seated-Dumbbell-Triceps-Extension.gif,/content/drive/MyDrive/fitness/data/Seated-Dumbbell-Triceps-Extension.gif
triceps,Lever Triceps Extension,https://fitnessprogramer.com/wp-content/uploads/2021/04/Lever-Tricep-Extension.gif,/content/drive/MyDrive/fitness/data/Lever-Triceps-Extension.gif
triceps,Bench Dips on Floor,https://fitnessprogramer.com/wp-content/uploads/2021/04/Triceps-Dips-on-Floor.gif,/content/drive/MyDrive/fitness/data/Bench-Dips-on-Floor.gif
triceps,Parallel Bar Dips,https://fitnessprogramer.com/wp-content/uploads/2022/04/parallel-bar-dip.gif,/content/drive/MyDrive/fitness/data/Parallel-Bar-Dips.gif
triceps,Dumbbell Skull Crusher,https://fitnessprogramer.com/wp-content/uploads/2021/06/Dumbbell-Skull-Crusher.gif,/content/drive/MyDrive/fitness/data/Dumbbell-Skull-Crusher.gif
triceps,Dumbbell Incline Two Arm Extension,https://fitnessprogramer.com/wp-content/uploads/2021/06/Dumbbell-Incline-Two-Arm-Extension.gif,/content/drive/MyDrive/fitness/data/Dumbbell-Incline-Two-Arm-Extension.gif
triceps,One Arm Pronated Dumbbell Triceps Extension,https://fitnessprogramer.com/wp-content/uploads/2021/06/One-Arm-Pronated-Dumbbell-Triceps-Extension-.gif,/content/drive/MyDrive/fitness/data/One-Arm-Pronated-Dumbbell-Triceps-Extension.gif
triceps,Seated EZ-Bar Overhead Triceps Extension,https://fitnessprogramer.com/wp-content/uploads/2021/06/Seated-EZ-Bar-Overhead-Triceps-Extension.gif,/content/drive/MyDrive/fitness/data/Seated-EZ-Bar-Overhead-Triceps-Extension.gif
triceps,Cable Incline Triceps Extension,https://fitnessprogramer.com/wp-content/uploads/2021/09/Cable-Incline-Triceps-Extension.gif,/content/drive/MyDrive/fitness/data/Cable-Incline-Triceps-Extension.gif
triceps,Reverse Push-up,https://fitnessprogramer.com/wp-content/uploads/2021/09/Reverse-Push-up.gif,/content/drive/MyDrive/fitness/data/Reverse-Push-up.gif
triceps,Cable Side Triceps Extension,https://fitnessprogramer.com/wp-content/uploads/2021/09/Cable-Side-Triceps-Extension.gif,/content/drive/MyDrive/fitness/data/Cable-Side-Triceps-Extension.gif
triceps,Incline EZ-Bar Triceps Extension,https://fitnessprogramer.com/wp-content/uploads/2021/08/EZ-Barbell-Incline-Triceps-Extension.gif,/content/drive/MyDrive/fitness/data/Incline-EZ-Bar-Triceps-Extension.gif
triceps,High Pulley Overhead Tricep Extension,https://fitnessprogramer.com/wp-content/uploads/2021/06/High-Pulley-Overhead-Tricep-Extension.gif,/content/drive/MyDrive/fitness/data/High-Pulley-Overhead-Tricep-Extension.gif
triceps,Rope Pushdown,https://fitnessprogramer.com/wp-content/uploads/2021/06/Rope-Pushdown.gif,/content/drive/MyDrive/fitness/data/Rope-Pushdown.gif
triceps,Reverse Grip Pushdown,https://fitnessprogramer.com/wp-content/uploads/2021/06/Reverse-Grip-Pushdown.gif,/content/drive/MyDrive/fitness/data/Reverse-Grip-Pushdown.gif
triceps,Cross Arm Push-up,https://fitnessprogramer.com/wp-content/uploads/2021/09/Cross-Arm-Push-up.gif,/content/drive/MyDrive/fitness/data/Cross-Arm-Push-up.gif
triceps,Cable Concentration Extension on Knee,https://fitnessprogramer.com/wp-content/uploads/2021/09/Cable-Concentration-Extension-on-knee.gif,/content/drive/MyDrive/fitness/data/Cable-Concentration-Extension-on-Knee.gif
triceps,Close-Grip Dumbbell Press,https://fitnessprogramer.com/wp-content/uploads/2021/10/Close-Grip-Dumbbell-Press.gif,/content/drive/MyDrive/fitness/data/Close-Grip-Dumbbell-Press.gif
triceps,Single Dumbbell Close-grip Press,https://fitnessprogramer.com/wp-content/uploads/2021/10/Single-Dumbbell-Close-grip-Press.gif,/content/drive/MyDrive/fitness/data/Single-Dumbbell-Close-grip-Press.gif
triceps,Kneeling Diamond Push-Up,https://fitnessprogramer.com/wp-content/uploads/2021/04/Knee-Push-Up.gif,/content/drive/MyDrive/fitness/data/Kneeling-Diamond-Push-Up.gif
triceps,Dips Between Chairs,https://fitnessprogramer.com/wp-content/uploads/2022/04/Dips-Between-Chairs.gif,/content/drive/MyDrive/fitness/data/Dips-Between-Chairs.gif
triceps,Cable One-Arm Overhead Triceps Extension,https://fitnessprogramer.com/wp-content/uploads/2021/06/Cable-One-Arm-Overhead-Triceps-Extension.gif,/content/drive/MyDrive/fitness/data/Cable-One-Arm-Overhead-Triceps-Extension.gif
triceps,Standing Barbell Triceps Extension,https://fitnessprogramer.com/wp-content/uploads/2021/06/Standing-Barbell-Triceps-Extension.gif,/content/drive/MyDrive/fitness/data/Standing-Barbell-Triceps-Extension.gif
triceps,Impossible Dips,https://fitnessprogramer.com/wp-content/uploads/2022/01/Impossible-Dips.gif,/content/drive/MyDrive/fitness/data/Impossible-Dips.gif
triceps,Korean Dips,https://fitnessprogramer.com/wp-content/uploads/2022/01/Korean-Dips.gif,/content/drive/MyDrive/fitness/data/Korean-Dips.gif
triceps,Straight Bar Dip,https://fitnessprogramer.com/wp-content/uploads/2022/01/Straight-Bar-Dip.gif,/content/drive/MyDrive/fitness/data/Straight-Bar-Dip.gif
triceps,Exercise Ball Triceps Extension,https://fitnessprogramer.com/wp-content/uploads/2021/08/Exercise-Ball-Supine-Triceps-Extension.gif,/content/drive/MyDrive/fitness/data/Exercise-Ball-Triceps-Extension.gif
triceps,Dumbbell Decline One-Arm Hammer Press,https://fitnessprogramer.com/wp-content/uploads/2021/09/Dumbbell-Decline-One-Arm-Hammer-Press.gif,/content/drive/MyDrive/fitness/data/Dumbbell-Decline-One-Arm-Hammer-Press.gif
triceps,Triceps Extension Machine,https://fitnessprogramer.com/wp-content/uploads/2021/09/Triceps-Extension-Machine.gif,/content/drive/MyDrive/fitness/data/Triceps-Extension-Machine.gif
triceps,Triceps Dip Machine,https://fitnessprogramer.com/wp-content/uploads/2021/09/Triceps-Dip-Machine.gif,/content/drive/MyDrive/fitness/data/Triceps-Dip-Machine.gif
triceps,Single Arm Push-up,https://fitnessprogramer.com/wp-content/uploads/2021/09/Single-Arm-Push-up.gif,/content/drive/MyDrive/fitness/data/Single-Arm-Push-up.gif
triceps,Wall-Supported Handstand Push-Ups,https://fitnessprogramer.com/wp-content/uploads/2023/07/wall-supported-handstand-push-up.gif,/content/drive/MyDrive/fitness/data/Wall-Supported-Handstand-Push-Ups.gif
triceps,Towel Shoulder Stretch,https://fitnessprogramer.com/wp-content/uploads/2021/10/Stretch-With-Towel.gif,/content/drive/MyDrive/fitness/data/Towel-Shoulder-Stretch.gif
triceps,Decline Close-Grip Bench To Skull Crusher,https://fitnessprogramer.com/wp-content/uploads/2022/01/Decline-Close-Grip-Bench-To-Skull-Crusher.gif,/content/drive/MyDrive/fitness/data/Decline-Close-Grip-Bench-To-Skull-Crusher.gif
triceps,Barbell One Arm Floor Press,https://fitnessprogramer.com/wp-content/uploads/2022/02/Barbell-One-Arm-Floor-Press.gif,/content/drive/MyDrive/fitness/data/Barbell-One-Arm-Floor-Press.gif
triceps,Asisted Triceps Dips,https://fitnessprogramer.com/wp-content/uploads/2022/11/Asisted-Triceps-Dips.gif,/content/drive/MyDrive/fitness/data/Asisted-Triceps-Dips.gif
triceps,Reaction Ball Throw,https://fitnessprogramer.com/wp-content/uploads/2023/08/Reaction-Ball-Throw-Agility-Ball-Drill-.gif,/content/drive/MyDrive/fitness/data/Reaction-Ball-Throw.gif
triceps,Standing Triceps Stretch,https://fitnessprogramer.com/wp-content/uploads/2022/02/Triceps-Stretch.gif,/content/drive/MyDrive/fitness/data/Standing-Triceps-Stretch.gif
triceps,Forearm Push-up,https://fitnessprogramer.com/wp-content/uploads/2022/02/Forearm-Push-up.gif,/content/drive/MyDrive/fitness/data/Forearm-Push-up.gif
triceps,EZ-Bar Bent Arm Pullover,https://fitnessprogramer.com/wp-content/uploads/2022/02/EZ-Bar-Bent-Arm-Pullover.gif,/content/drive/MyDrive/fitness/data/EZ-Bar-Bent-Arm-Pullover.gif
triceps,Low Cable Tricep Kickback,https://fitnessprogramer.com/wp-content/uploads/2022/10/Low-Cable-Tricep-Kickback.gif,/content/drive/MyDrive/fitness/data/Low-Cable-Tricep-Kickback.gif
triceps,Band Skull Crusher,https://fitnessprogramer.com/wp-content/uploads/2022/02/Band-Skull-Crusher.gif,/content/drive/MyDrive/fitness/data/Band-Skull-Crusher.gif
triceps,Band Pushdown,https://fitnessprogramer.com/wp-content/uploads/2022/02/Band-Pushdown.gif,/content/drive/MyDrive/fitness/data/Band-Pushdown.gif
triceps,Decline Dumbbell Triceps Extension,https://fitnessprogramer.com/wp-content/uploads/2022/02/Decline-Dumbbell-Triceps-Extension.gif,/content/drive/MyDrive/fitness/data/Decline-Dumbbell-Triceps-Extension.gif
triceps,Dumbbell Tate Press,https://fitnessprogramer.com/wp-content/uploads/2022/02/Dumbbell-Tate-Press.gif,/content/drive/MyDrive/fitness/data/Dumbbell-Tate-Press.gif
triceps,Handstand Push-ups Between Benches,https://fitnessprogramer.com/wp-content/uploads/2023/07/Handstand-Push-ups-Between-Benches.gif,/content/drive/MyDrive/fitness/data/Handstand-Push-ups-Between-Benches.gif
triceps,Kipping Handstand Push-up,https://fitnessprogramer.com/wp-content/uploads/2023/07/kipping-handstand-push-up.gif,/content/drive/MyDrive/fitness/data/Kipping-Handstand-Push-up.gif
triceps,Bent Over Kickback,https://fitnessprogramer.com/wp-content/uploads/2021/02/Bent-Over-Triceps-Kickback.gif,/content/drive/MyDrive/fitness/data/Bent-Over-Kickback.gif
triceps,Close Grip Bench Press,https://fitnessprogramer.com/wp-content/uploads/2021/02/Close-Grip-Bench-Press.gif,/content/drive/MyDrive/fitness/data/Close-Grip-Bench-Press.gif
triceps,Dumbbell Triceps Extension,https://fitnessprogramer.com/wp-content/uploads/2021/02/Dumbbell-Triceps-Extension.gif,/content/drive/MyDrive/fitness/data/Dumbbell-Triceps-Extension.gif
triceps,Diamond Push-up,https://fitnessprogramer.com/wp-content/uploads/2021/02/Diamond-Push-up.gif,/content/drive/MyDrive/fitness/data/Diamond-Push-up.gif
triceps,Triceps Extension with Resistance Bands,https://fitnessprogramer.com/wp-content/uploads/2022/07/Triceps-Extension-with-Resistance-Bands.gif,/content/drive/MyDrive/fitness/data/Triceps-Extension-with-Resistance-Bands.gif
triceps,Alternating Lying Dumbbell Triceps Extension,https://fitnessprogramer.com/wp-content/uploads/2022/02/Alternating-Lying-Dumbbell-Triceps-Extension.gif,/content/drive/MyDrive/fitness/data/Alternating-Lying-Dumbbell-Triceps-Extension.gif
triceps,Barbell Reverse Grip Skullcrusher,https://fitnessprogramer.com/wp-content/uploads/2022/02/Barbell-Reverse-Grip-Skullcrusher-1.gif,/content/drive/MyDrive/fitness/data/Barbell-Reverse-Grip-Skullcrusher.gif
triceps,Barbell Lying Back of the Head Tricep Extension,https://fitnessprogramer.com/wp-content/uploads/2022/02/Barbell-Lying-Back-of-the-Head-Tricep-Extension.gif,/content/drive/MyDrive/fitness/data/Barbell-Lying-Back-of-the-Head-Tricep-Extension.gif
triceps,EZ Bar Lying Close Grip Triceps Extension Behind Head,https://fitnessprogramer.com/wp-content/uploads/2022/02/EZ-Bar-Lying-Close-Grip-Triceps-Extension-Behind-Head.gif,/content/drive/MyDrive/fitness/data/EZ-Bar-Lying-Close-Grip-Triceps-Extension-Behind-Head.gif
triceps,Kneeling Cable Triceps Extension,https://fitnessprogramer.com/wp-content/uploads/2022/02/Kneeling-Cable-Triceps-Extension.gif,/content/drive/MyDrive/fitness/data/Kneeling-Cable-Triceps-Extension.gif
triceps,Close-Grip Reverse Bench Press,https://fitnessprogramer.com/wp-content/uploads/2022/02/Barbell-Reverse-Close-grip-Bench-Press.gif,/content/drive/MyDrive/fitness/data/Close-Grip-Reverse-Bench-Press.gif
triceps,One Arm High Pulley Overhead Tricep Extension,https://fitnessprogramer.com/wp-content/uploads/2022/02/Cable-One-Arm-High-Pulley-Overhead-Tricep-Extension.gif,/content/drive/MyDrive/fitness/data/One-Arm-High-Pulley-Overhead-Tricep-Extension.gif
triceps,Cable Crossover Triceps Extension,https://fitnessprogramer.com/wp-content/uploads/2022/02/Cable-Crossover-Triceps-Extension.gif,/content/drive/MyDrive/fitness/data/Cable-Crossover-Triceps-Extension.gif
triceps,Side One Arm Reverse Pushdown,https://fitnessprogramer.com/wp-content/uploads/2022/02/Side-One-Arm-Reverse-Pushdown.gif,/content/drive/MyDrive/fitness/data/Side-One-Arm-Reverse-Pushdown.gif
triceps,Bodyweight Skull Crushers,https://fitnessprogramer.com/wp-content/uploads/2022/02/Bodyweight-Skull-Crushers.gif,/content/drive/MyDrive/fitness/data/Bodyweight-Skull-Crushers.gif
triceps,V-bar Pushdown,https://fitnessprogramer.com/wp-content/uploads/2022/02/V-bar-Pushdown.gif,/content/drive/MyDrive/fitness/data/V-bar-Pushdown.gif
triceps,Cable Rope Lying Tricep Extension,https://fitnessprogramer.com/wp-content/uploads/2022/02/Cable-Rope-Lying-on-Floor-Tricep-Extension.gif,/content/drive/MyDrive/fitness/data/Cable-Rope-Lying-Tricep-Extension.gif
triceps,Cable Lying Triceps Extension,https://fitnessprogramer.com/wp-content/uploads/2022/02/Cable-Lying-Triceps-Extension.gif,/content/drive/MyDrive/fitness/data/Cable-Lying-Triceps-Extension.gif
triceps,Straddle Planche,https://fitnessprogramer.com/wp-content/uploads/2022/08/Straddle-planche.gif,
triceps,Close Grip Knee Push-up,https://fitnessprogramer.com/wp-content/uploads/2022/07/Close-Grip-Knee-Push-up.gif,/content/drive/MyDrive/fitness/data/Close-Grip-Knee-Push-up.gif
triceps,Supine Medicine Ball Chest Throw,https://fitnessprogramer.com/wp-content/uploads/2022/06/Supine-Medicine-Ball-Chest-Throw-exercise.gif,/content/drive/MyDrive/fitness/data/Supine-Medicine-Ball-Chest-Throw.gif
triceps,Reverse Dips,https://fitnessprogramer.com/wp-content/uploads/2022/04/Reverse-Dips.gif,/content/drive/MyDrive/fitness/data/Reverse-Dips.gif
triceps,Planche Push-Up,https://fitnessprogramer.com/wp-content/uploads/2022/07/Planche-Push-Up.gif,/content/drive/MyDrive/fitness/data/Planche-Push-Up.gif
triceps,Archer Push-Up,https://fitnessprogramer.com/wp-content/uploads/2022/07/Archer-Push-Up.gif,/content/drive/MyDrive/fitness/data/Archer-Push-Up.gif
triceps,Ring Dips,https://fitnessprogramer.com/wp-content/uploads/2022/07/Ring-Dips.gif,/content/drive/MyDrive/fitness/data/Ring-Dips.gif
triceps,Single Arm Raise Push-up,https://fitnessprogramer.com/wp-content/uploads/2022/08/Single-Arm-Raise-Push-up.gif,/content/drive/MyDrive/fitness/data/Single-Arm-Raise-Push-up.gif
triceps,Suspended Push-Up,https://fitnessprogramer.com/wp-content/uploads/2022/08/Suspended-Push-Up.gif,/content/drive/MyDrive/fitness/data/Suspended-Push-Up.gif
triceps,Close-grip Dumbbell Push-Up,https://fitnessprogramer.com/wp-content/uploads/2022/08/Close-grip-Dumbbell-Push-Up.gif,/content/drive/MyDrive/fitness/data/Close-grip-Dumbbell-Push-Up.gif
triceps,Medicine Ball Push-Up,https://fitnessprogramer.com/wp-content/uploads/2022/08/Medicine-Ball-Push-Up.gif,/content/drive/MyDrive/fitness/data/Medicine-Ball-Push-Up.gif
triceps,Single Arm Push-Up on Medicine Ball,https://fitnessprogramer.com/wp-content/uploads/2022/08/Single-Arm-Push-Up-on-Medicine-Ball.gif,/content/drive/MyDrive/fitness/data/Single-Arm-Push-Up-on-Medicine-Ball.gif
triceps,Rear Drive With Resistance Band,https://fitnessprogramer.com/wp-content/uploads/2022/05/Rear-Drive.gif,/content/drive/MyDrive/fitness/data/Rear-Drive-With-Resistance-Band.gif
triceps,Standing Triceps Extension | Gymstick,https://fitnessprogramer.com/wp-content/uploads/2022/05/Standing-Triceps-Extension.gif,/content/drive/MyDrive/fitness/data/Standing-Triceps-Extension-|-Gymstick.gif
triceps,Banded Overhead Triceps Extension,https://fitnessprogramer.com/wp-content/uploads/2020/05/Banded-Triceps-Extension.gif,/content/drive/MyDrive/fitness/data/Banded-Overhead-Triceps-Extension.gif
triceps,Overhead Triceps Extension | Gymstick,https://fitnessprogramer.com/wp-content/uploads/2022/05/Overhead-Triceps-Extension.gif,/content/drive/MyDrive/fitness/data/Overhead-Triceps-Extension-|-Gymstick.gif
forearm,Seated Zottman Curl,https://fitnessprogramer.com/wp-content/uploads/2023/10/Seated-Zottman-Curl.gif,/content/drive/MyDrive/fitness/data/Seated-Zottman-Curl.gif
forearm,Wrist Roller,https://fitnessprogramer.com/wp-content/uploads/2021/08/wrist-roller.gif,/content/drive/MyDrive/fitness/data/Wrist-Roller.gif
forearm,Dumbbell Seated Neutral Wrist Curl,https://fitnessprogramer.com/wp-content/uploads/2021/06/Dumbbell-Seated-Neutral-Wrist-Curl.gif,/content/drive/MyDrive/fitness/data/Dumbbell-Seated-Neutral-Wrist-Curl.gif
forearm,Dumbbell Wrist Curl,https://fitnessprogramer.com/wp-content/uploads/2021/06/Dumbbell-Wrist-Curl.gif,/content/drive/MyDrive/fitness/data/Dumbbell-Wrist-Curl.gif
forearm,Barbell Reverse Wrist Curl,https://fitnessprogramer.com/wp-content/uploads/2021/06/Barbell-Reverse-Wrist-Curl.gif,/content/drive/MyDrive/fitness/data/Barbell-Reverse-Wrist-Curl.gif
forearm,Wrist Circles Stretch,https://fitnessprogramer.com/wp-content/uploads/2021/06/Wrist-Circles-Stretch.gif,/content/drive/MyDrive/fitness/data/Wrist-Circles-Stretch.gif
forearm,Barbell Reverse Curl,https://fitnessprogramer.com/wp-content/uploads/2021/02/Barbell-Reverse-Curl.gif,/content/drive/MyDrive/fitness/data/Barbell-Reverse-Curl.gif
forearm,Cable One-Arm Wrist Curl On Floor,https://fitnessprogramer.com/wp-content/uploads/2021/09/Cable-One-Arm-Wrist-Curl-On-Floor.gif,/content/drive/MyDrive/fitness/data/Cable-One-Arm-Wrist-Curl-On-Floor.gif
forearm,Hand Gripper,https://fitnessprogramer.com/wp-content/uploads/2022/01/Hand-Gripper.gif,/content/drive/MyDrive/fitness/data/Hand-Gripper.gif
forearm,Dumbbell Reverse Curl,https://fitnessprogramer.com/wp-content/uploads/2021/04/dumbbell-reverse-curl.gif,/content/drive/MyDrive/fitness/data/Dumbbell-Reverse-Curl.gif
forearm,Seated Hammer Curl,https://fitnessprogramer.com/wp-content/uploads/2021/04/Seated-Hammer-Curl.gif,/content/drive/MyDrive/fitness/data/Seated-Hammer-Curl.gif
forearm,Reverse Grip EZ-Bar Curl,https://fitnessprogramer.com/wp-content/uploads/2021/08/Reverse-Grip-EZ-Bar-Curl.gif,/content/drive/MyDrive/fitness/data/Reverse-Grip-EZ-Bar-Curl.gif
forearm,Dumbbell Scott Hammer Curl,https://fitnessprogramer.com/wp-content/uploads/2021/08/Dumbbell-Scott-Hammer-Curl.gif,/content/drive/MyDrive/fitness/data/Dumbbell-Scott-Hammer-Curl.gif
forearm,Behind The Back Barbell Wrist Curl,https://fitnessprogramer.com/wp-content/uploads/2021/06/Behind-The-Back-Barbell-Wrist-Curl.gif,/content/drive/MyDrive/fitness/data/Behind-The-Back-Barbell-Wrist-Curl.gif
forearm,Standing One Arm Chest Stretch,https://fitnessprogramer.com/wp-content/uploads/2021/08/Standing-one-arm-chest-stretch.gif,/content/drive/MyDrive/fitness/data/Standing-One-Arm-Chest-Stretch.gif
forearm,Wrist Ulnar Deviator And Extensor Stretch,https://fitnessprogramer.com/wp-content/uploads/2023/03/Wrist-Ulnar-Deviator-And-Extensor-Stretch.gif,/content/drive/MyDrive/fitness/data/Wrist-Ulnar-Deviator-And-Extensor-Stretch.gif
forearm,Reverse Wrist Stretch,https://fitnessprogramer.com/wp-content/uploads/2023/03/reverse-Wrist-Stretch.gif,/content/drive/MyDrive/fitness/data/Reverse-Wrist-Stretch.gif
forearm,Wrist Stretch,https://fitnessprogramer.com/wp-content/uploads/2023/03/Wrist-Stretch.gif,/content/drive/MyDrive/fitness/data/Wrist-Stretch.gif
forearm,Dumbbell Preacher Hammer (Scott) Curl,https://fitnessprogramer.com/wp-content/uploads/2022/02/Dumbbell-Preacher-Hammer-Curl.gif,/content/drive/MyDrive/fitness/data/Dumbbell-Preacher-Hammer-(Scott)-Curl.gif
forearm,Weighted Neutral Wrist Curl,https://fitnessprogramer.com/wp-content/uploads/2021/06/Weighted-Wrist-Curl.gif,/content/drive/MyDrive/fitness/data/Weighted-Neutral-Wrist-Curl.gif
forearm,Single Dumbbell Spider Hammer Curl,https://fitnessprogramer.com/wp-content/uploads/2022/02/Single-Dumbbell-Spider-Hammer-Curl.gif,/content/drive/MyDrive/fitness/data/Single-Dumbbell-Spider-Hammer-Curl.gif
forearm,Reverse Wrist Curl,https://fitnessprogramer.com/wp-content/uploads/2021/02/Reverse-Wrist-Curl.gif,/content/drive/MyDrive/fitness/data/Reverse-Wrist-Curl.gif
forearm,Wrist Curl,https://fitnessprogramer.com/wp-content/uploads/2021/02/barbell-Wrist-Curl.gif,/content/drive/MyDrive/fitness/data/Wrist-Curl.gif
forearm,Hammer Curl with Resistance Band,https://fitnessprogramer.com/wp-content/uploads/2022/07/Hammer-Curl-with-Resistance-Band.gif,/content/drive/MyDrive/fitness/data/Hammer-Curl-with-Resistance-Band.gif
forearm,Cable Reverse Grip EZ-bar Biceps Curl,https://fitnessprogramer.com/wp-content/uploads/2022/02/Cable-Reverse-Grip-EZ-bar-Biceps-Curl.gif,/content/drive/MyDrive/fitness/data/Cable-Reverse-Grip-EZ-bar-Biceps-Curl.gif
forearm,Barbell Finger Curl,https://fitnessprogramer.com/wp-content/uploads/2022/09/Barbell-Finger-Curl.gif,/content/drive/MyDrive/fitness/data/Barbell-Finger-Curl.gif
forearm,Dumbbell Finger Curl,https://fitnessprogramer.com/wp-content/uploads/2022/09/Dumbbell-Finger-Curl.gif,/content/drive/MyDrive/fitness/data/Dumbbell-Finger-Curl.gif
forearm,Single Arm Reverse Grip Cable Bicep Curl,https://fitnessprogramer.com/wp-content/uploads/2022/06/Single-Arm-Reverse-Grip-Cable-Bicep-Curl.gif,/content/drive/MyDrive/fitness/data/Single-Arm-Reverse-Grip-Cable-Bicep-Curl.gif
forearm,Barbell Reverse Wrist Curl Over a Bench,https://fitnessprogramer.com/wp-content/uploads/2022/06/Barbell-Reverse-Wrist-Curl-Over-a-Bench.gif,/content/drive/MyDrive/fitness/data/Barbell-Reverse-Wrist-Curl-Over-a-Bench.gif
forearm,Water Bottle Hammer Curl,https://fitnessprogramer.com/wp-content/uploads/2022/06/Water-Bottle-Hammer-Curl.gif,/content/drive/MyDrive/fitness/data/Water-Bottle-Hammer-Curl.gif
abs,One Arm Medicine Ball Slam,https://fitnessprogramer.com/wp-content/uploads/2024/06/One-Arm-Medicine-Ball-Slam.gif,/content/drive/MyDrive/fitness/data/One-Arm-Medicine-Ball-Slam.gif
abs,Medicine Ball Rotational Throw,https://fitnessprogramer.com/wp-content/uploads/2023/12/Medicine-Ball-Rotational-Throw.gif,/content/drive/MyDrive/fitness/data/Medicine-Ball-Rotational-Throw.gif
abs,Dragon Flag,https://fitnessprogramer.com/wp-content/uploads/2022/07/Leg-Raise-Dragon-Flag.gif,/content/drive/MyDrive/fitness/data/Dragon-Flag.gif
abs,Ab Coaster Machine,https://fitnessprogramer.com/wp-content/uploads/2022/07/Ab-Coaster-Machine.gif,/content/drive/MyDrive/fitness/data/Ab-Coaster-Machine.gif
abs,Cross Crunch,https://fitnessprogramer.com/wp-content/uploads/2022/07/Cross-Crunch.gif,/content/drive/MyDrive/fitness/data/Cross-Crunch.gif
abs,Standing Cable Crunch,https://fitnessprogramer.com/wp-content/uploads/2021/09/Standing-Cable-Crunch.gif,/content/drive/MyDrive/fitness/data/Standing-Cable-Crunch.gif
abs,Seated Bench Leg Pull-in,https://fitnessprogramer.com/wp-content/uploads/2021/02/Seated-Bench-Leg-Pull-in.gif,/content/drive/MyDrive/fitness/data/Seated-Bench-Leg-Pull-in.gif
abs,Cross Body Mountain Climber,https://fitnessprogramer.com/wp-content/uploads/2022/07/Cross-Body-Mountain-Climber.gif,/content/drive/MyDrive/fitness/data/Cross-Body-Mountain-Climber.gif
abs,Alternate Leg Raises,https://fitnessprogramer.com/wp-content/uploads/2022/08/Alternate-Leg-Raises.gif,/content/drive/MyDrive/fitness/data/Alternate-Leg-Raises.gif
abs,Crunches,https://fitnessprogramer.com/wp-content/uploads/2015/11/Crunch.gif,/content/drive/MyDrive/fitness/data/Crunches.gif
abs,Mountain Climber,https://fitnessprogramer.com/wp-content/uploads/2021/02/Mountain-climber.gif,/content/drive/MyDrive/fitness/data/Mountain-Climber.gif
abs,Bicycle Crunch,https://fitnessprogramer.com/wp-content/uploads/2021/02/Bicycle-Crunch.gif,/content/drive/MyDrive/fitness/data/Bicycle-Crunch.gif
abs,Lying Scissor Kick,https://fitnessprogramer.com/wp-content/uploads/2021/05/Lying-Scissor-Kick.gif,/content/drive/MyDrive/fitness/data/Lying-Scissor-Kick.gif
abs,Leg Raise,https://fitnessprogramer.com/wp-content/uploads/2021/02/Lying-Leg-Raise.gif,/content/drive/MyDrive/fitness/data/Leg-Raise.gif
abs,Oblique Floor Crunches,https://fitnessprogramer.com/wp-content/uploads/2021/05/Oblique-Floor-Crunches.gif,/content/drive/MyDrive/fitness/data/Oblique-Floor-Crunches.gif
abs,T-Cross Sit-up,https://fitnessprogramer.com/wp-content/uploads/2021/05/T-Cross-Sit-up.gif,/content/drive/MyDrive/fitness/data/T-Cross-Sit-up.gif
abs,Dead Bug,https://fitnessprogramer.com/wp-content/uploads/2021/05/Dead-Bug.gif,/content/drive/MyDrive/fitness/data/Dead-Bug.gif
abs,Decline Sit-up,https://fitnessprogramer.com/wp-content/uploads/2021/05/Decline-Sit-up.gif,/content/drive/MyDrive/fitness/data/Decline-Sit-up.gif
abs,Reverse Crunch,https://fitnessprogramer.com/wp-content/uploads/2021/02/Reverse-Crunch-1.gif,/content/drive/MyDrive/fitness/data/Reverse-Crunch.gif
abs,Kneeling Cable Crunch,https://fitnessprogramer.com/wp-content/uploads/2021/02/Kneeling-Cable-Crunch.gif,/content/drive/MyDrive/fitness/data/Kneeling-Cable-Crunch.gif
abs,Heel Touch,https://fitnessprogramer.com/wp-content/uploads/2021/02/Heel-Touch.gif,/content/drive/MyDrive/fitness/data/Heel-Touch.gif
abs,Standing Rotation,https://fitnessprogramer.com/wp-content/uploads/2021/05/Standing-Rotation.gif,/content/drive/MyDrive/fitness/data/Standing-Rotation.gif
abs,Standing Toe Touch,https://fitnessprogramer.com/wp-content/uploads/2021/05/Standing-Toe-Touch.gif,/content/drive/MyDrive/fitness/data/Standing-Toe-Touch.gif
abs,Crunch With Leg Raise,https://fitnessprogramer.com/wp-content/uploads/2021/05/Crunch-With-Leg-Raise.gif,/content/drive/MyDrive/fitness/data/Crunch-With-Leg-Raise.gif
abs,Alternate Lying Floor Leg Raise,https://fitnessprogramer.com/wp-content/uploads/2021/05/Alternate-Lying-Floor-Leg-Raise.gif,/content/drive/MyDrive/fitness/data/Alternate-Lying-Floor-Leg-Raise.gif
abs,Weighted Crunch,https://fitnessprogramer.com/wp-content/uploads/2021/05/Weighted-Crunch.gif,/content/drive/MyDrive/fitness/data/Weighted-Crunch.gif
abs,Seated Side Crunch,https://fitnessprogramer.com/wp-content/uploads/2021/05/Seated-Side-Crunches.gif,/content/drive/MyDrive/fitness/data/Seated-Side-Crunch.gif
abs,Incline Leg Hip Raise,https://fitnessprogramer.com/wp-content/uploads/2021/05/Incline-Leg-Hip-Raise.gif,/content/drive/MyDrive/fitness/data/Incline-Leg-Hip-Raise.gif
abs,Bodyweight Windmill,https://fitnessprogramer.com/wp-content/uploads/2021/05/Bodyweight-Windmill.gif,/content/drive/MyDrive/fitness/data/Bodyweight-Windmill.gif
abs,Front to Side Plank,https://fitnessprogramer.com/wp-content/uploads/2021/05/Front-to-Side-Plank.gif,/content/drive/MyDrive/fitness/data/Front-to-Side-Plank.gif
abs,Tuck Crunch,https://fitnessprogramer.com/wp-content/uploads/2021/05/Tuck-Crunch.gif,/content/drive/MyDrive/fitness/data/Tuck-Crunch.gif
abs,Dumbbell Side Bend,https://fitnessprogramer.com/wp-content/uploads/2021/05/Dumbbell-Side-Bend.gif,/content/drive/MyDrive/fitness/data/Dumbbell-Side-Bend.gif
abs,Double Leg Stretch,https://fitnessprogramer.com/wp-content/uploads/2021/05/Double-Leg-Stretch.gif,/content/drive/MyDrive/fitness/data/Double-Leg-Stretch.gif
abs,Spider Plank,https://fitnessprogramer.com/wp-content/uploads/2021/05/Spider-Plank.gif,/content/drive/MyDrive/fitness/data/Spider-Plank.gif
abs,Captains Chair Leg Raise,https://fitnessprogramer.com/wp-content/uploads/2021/05/Captains-Chair-Leg-Raise.gif,/content/drive/MyDrive/fitness/data/Captains-Chair-Leg-Raise.gif
abs,Bench Side Bend,https://fitnessprogramer.com/wp-content/uploads/2021/05/Bench-Side-Bend.gif,/content/drive/MyDrive/fitness/data/Bench-Side-Bend.gif
abs,Crab Twist Toe Touch,https://fitnessprogramer.com/wp-content/uploads/2021/05/Crab-Twist-Toe-Touch.gif,/content/drive/MyDrive/fitness/data/Crab-Twist-Toe-Touch.gif
abs,Quarter Sit-up,https://fitnessprogramer.com/wp-content/uploads/2021/05/Quarter-Sit-up.gif,/content/drive/MyDrive/fitness/data/Quarter-Sit-up.gif
abs,Weighted Sit-ups,https://fitnessprogramer.com/wp-content/uploads/2021/05/weightedsitups.gif,/content/drive/MyDrive/fitness/data/Weighted-Sit-ups.gif
abs,Lying Knee Raise,https://fitnessprogramer.com/wp-content/uploads/2021/05/Lying-Knee-Raise.gif,/content/drive/MyDrive/fitness/data/Lying-Knee-Raise.gif
abs,Floor Crunch,https://fitnessprogramer.com/wp-content/uploads/2021/05/Floor-Crunch.gif,/content/drive/MyDrive/fitness/data/Floor-Crunch.gif
abs,Reverse Plank,https://fitnessprogramer.com/wp-content/uploads/2021/05/Reverse-plank.gif,/content/drive/MyDrive/fitness/data/Reverse-Plank.gif
abs,Stability Ball Knee Tuck,https://fitnessprogramer.com/wp-content/uploads/2021/06/Stability-Ball-Knee-Tuck.gif,/content/drive/MyDrive/fitness/data/Stability-Ball-Knee-Tuck.gif
abs,Hanging Knee Raises,https://fitnessprogramer.com/wp-content/uploads/2021/02/Hanging-Knee-Raises.gif,/content/drive/MyDrive/fitness/data/Hanging-Knee-Raises.gif
abs,Hanging Side Knee Raises,https://fitnessprogramer.com/wp-content/uploads/2022/10/Hanging-Side-Knee-Raises.gif,/content/drive/MyDrive/fitness/data/Hanging-Side-Knee-Raises.gif
abs,Hanging Windshield Wiper,https://fitnessprogramer.com/wp-content/uploads/2022/01/Hanging-Windshield-Wiper.gif,/content/drive/MyDrive/fitness/data/Hanging-Windshield-Wiper.gif
abs,Toes to Bar,https://fitnessprogramer.com/wp-content/uploads/2022/01/Toes-to-Bar.gif,/content/drive/MyDrive/fitness/data/Toes-to-Bar.gif
abs,Weighted Hanging Knee Raises,https://fitnessprogramer.com/wp-content/uploads/2021/10/weighted-hanging-knee-raises.gif,/content/drive/MyDrive/fitness/data/Weighted-Hanging-Knee-Raises.gif
abs,Teaser Pilates,https://fitnessprogramer.com/wp-content/uploads/2021/08/Teaser-Pilates.gif,/content/drive/MyDrive/fitness/data/Teaser-Pilates.gif
abs,Seated Oblique Twist,https://fitnessprogramer.com/wp-content/uploads/2021/06/Seated-Oblique-Twist.gif,/content/drive/MyDrive/fitness/data/Seated-Oblique-Twist.gif
abs,Side Bridge,https://fitnessprogramer.com/wp-content/uploads/2021/05/Side-Bridge.gif,/content/drive/MyDrive/fitness/data/Side-Bridge.gif
abs,Plank With Arm And Leg Lift,https://fitnessprogramer.com/wp-content/uploads/2021/04/Plank-with-Arm-and-Leg-Lift.gif,/content/drive/MyDrive/fitness/data/Plank-With-Arm-And-Leg-Lift.gif
abs,Weighted Front Plank,https://fitnessprogramer.com/wp-content/uploads/2021/04/Weighted-Front-Plank.gif,/content/drive/MyDrive/fitness/data/Weighted-Front-Plank.gif
abs,Cable Side Bend,https://fitnessprogramer.com/wp-content/uploads/2021/09/Cable-Side-Bend.gif,/content/drive/MyDrive/fitness/data/Cable-Side-Bend.gif
abs,Barbell Side Bend,https://fitnessprogramer.com/wp-content/uploads/2021/09/Barbell-Side-Bend.gif,/content/drive/MyDrive/fitness/data/Barbell-Side-Bend.gif
abs,Seated Barbell Twist,https://fitnessprogramer.com/wp-content/uploads/2021/09/Barbell-Seated-Twist.gif,/content/drive/MyDrive/fitness/data/Seated-Barbell-Twist.gif
abs,Bent Over Twist,https://fitnessprogramer.com/wp-content/uploads/2021/09/Bent-Over-Twist.gif,/content/drive/MyDrive/fitness/data/Bent-Over-Twist.gif
abs,Dumbbell V-up,https://fitnessprogramer.com/wp-content/uploads/2021/10/Dumbbell-V-up.gif,/content/drive/MyDrive/fitness/data/Dumbbell-V-up.gif
abs,Lever Lying Crunch,https://fitnessprogramer.com/wp-content/uploads/2021/09/Lever-Lying-Crunch.gif,/content/drive/MyDrive/fitness/data/Lever-Lying-Crunch.gif
abs,Twisting Hyperextension,https://fitnessprogramer.com/wp-content/uploads/2021/08/Twisting-Hyperextension.gif,/content/drive/MyDrive/fitness/data/Twisting-Hyperextension.gif
abs,Ab Roller Crunch,https://fitnessprogramer.com/wp-content/uploads/2021/12/Ab-Roller-Crunch.gif,/content/drive/MyDrive/fitness/data/Ab-Roller-Crunch.gif
abs,Standing Cable High-To-Low Twist,https://fitnessprogramer.com/wp-content/uploads/2021/06/Standing-Cable-High-To-Low-Twist.gif,/content/drive/MyDrive/fitness/data/Standing-Cable-High-To-Low-Twist.gif
abs,Standing Cable Low-To-High Twist,https://fitnessprogramer.com/wp-content/uploads/2021/04/Standing-Cable-low-to-high-Twist.gif,/content/drive/MyDrive/fitness/data/Standing-Cable-Low-To-High-Twist.gif
abs,Standing Cable Twist,https://fitnessprogramer.com/wp-content/uploads/2021/06/standing-cable-twist.gif,/content/drive/MyDrive/fitness/data/Standing-Cable-Twist.gif
abs,L-Sit,https://fitnessprogramer.com/wp-content/uploads/2021/09/L-Sit.gif,/content/drive/MyDrive/fitness/data/L-Sit.gif
abs,High Knee Squat,https://fitnessprogramer.com/wp-content/uploads/2021/11/High-Knee-Squat.gif,/content/drive/MyDrive/fitness/data/High-Knee-Squat.gif
abs,Kettlebell Windmill,https://fitnessprogramer.com/wp-content/uploads/2021/09/Kettlebell-Windmill.gif,/content/drive/MyDrive/fitness/data/Kettlebell-Windmill.gif
abs,Kettlebell Swings,https://fitnessprogramer.com/wp-content/uploads/2021/09/Kettlebell-Swings.gif,/content/drive/MyDrive/fitness/data/Kettlebell-Swings.gif
abs,Full Crunch Machine,https://fitnessprogramer.com/wp-content/uploads/2022/07/Full-Crunch-Machine.gif,/content/drive/MyDrive/fitness/data/Full-Crunch-Machine.gif
abs,Front Plank with Arm Lift,https://fitnessprogramer.com/wp-content/uploads/2021/06/Front-Plank-with-Arm-Lift.gif,/content/drive/MyDrive/fitness/data/Front-Plank-with-Arm-Lift.gif
abs,Bhujangasana | Cobra Abdominal Stretch,https://fitnessprogramer.com/wp-content/uploads/2021/06/abdominal-stretch.gif,/content/drive/MyDrive/fitness/data/Bhujangasana-|-Cobra-Abdominal-Stretch.gif
abs,Ab Straps Leg Raise,https://fitnessprogramer.com/wp-content/uploads/2022/07/Ab-Straps-Leg-Raise.gif,/content/drive/MyDrive/fitness/data/Ab-Straps-Leg-Raise.gif
abs,Boat Pose,https://fitnessprogramer.com/wp-content/uploads/2022/01/Boat-Pose-Stretch.gif,/content/drive/MyDrive/fitness/data/Boat-Pose.gif
abs,Seated Twist Machine,https://fitnessprogramer.com/wp-content/uploads/2021/10/Lever-Seated-Twist.gif,/content/drive/MyDrive/fitness/data/Seated-Twist-Machine.gif
abs,Inchworm,https://fitnessprogramer.com/wp-content/uploads/2022/01/Inchworm.gif,/content/drive/MyDrive/fitness/data/Inchworm.gif
abs,Front Plank With Arm And Leg Lift,https://fitnessprogramer.com/wp-content/uploads/2021/08/Front-Plank-With-Arm-And-Leg-Lift.gif,/content/drive/MyDrive/fitness/data/Front-Plank-With-Arm-And-Leg-Lift.gif
abs,Weighted Lying Twist,https://fitnessprogramer.com/wp-content/uploads/2021/08/weighted-lying-twist.gif,/content/drive/MyDrive/fitness/data/Weighted-Lying-Twist.gif
abs,Swiss Ball Rollout,https://fitnessprogramer.com/wp-content/uploads/2021/08/swiss-ball-rollout.gif,/content/drive/MyDrive/fitness/data/Swiss-Ball-Rollout.gif
abs,Weighted Side Bend On Stability Ball,https://fitnessprogramer.com/wp-content/uploads/2021/08/Weighted-Side-Bend-on-stability-ball.gif,/content/drive/MyDrive/fitness/data/Weighted-Side-Bend-On-Stability-Ball.gif
abs,Stability Ball V-Up,https://fitnessprogramer.com/wp-content/uploads/2021/08/V-Up-Down-with-Stability-ball.gif,/content/drive/MyDrive/fitness/data/Stability-Ball-V-Up.gif
abs,Exercise Ball Frog Crunch,https://fitnessprogramer.com/wp-content/uploads/2021/08/Exercise-Ball-Frog-Crunch.gif,/content/drive/MyDrive/fitness/data/Exercise-Ball-Frog-Crunch.gif
abs,Cable Seated Cross Arm Twist,https://fitnessprogramer.com/wp-content/uploads/2022/04/Cable-Seated-Cross-Arm-Twist.gif,/content/drive/MyDrive/fitness/data/Cable-Seated-Cross-Arm-Twist.gif
abs,Burpees,https://fitnessprogramer.com/wp-content/uploads/2021/02/burpees.gif,/content/drive/MyDrive/fitness/data/Burpees.gif
abs,Standing Twist Machine,https://fitnessprogramer.com/wp-content/uploads/2021/09/Standing-Twist-Machine.gif,/content/drive/MyDrive/fitness/data/Standing-Twist-Machine.gif
abs,Seated Crunch Machine,https://fitnessprogramer.com/wp-content/uploads/2021/09/Seated-Crunch-Machine.gif,/content/drive/MyDrive/fitness/data/Seated-Crunch-Machine.gif
abs,Barbell Rollout,https://fitnessprogramer.com/wp-content/uploads/2021/08/Barbell-Rollout.gif,/content/drive/MyDrive/fitness/data/Barbell-Rollout.gif
abs,Landmine Twist,https://fitnessprogramer.com/wp-content/uploads/2021/06/Landmine-Twist.gif,/content/drive/MyDrive/fitness/data/Landmine-Twist.gif
abs,Frog Crunch,https://fitnessprogramer.com/wp-content/uploads/2021/06/frog-crunch.gif,/content/drive/MyDrive/fitness/data/Frog-Crunch.gif
abs,Ab Wheel Rollout,https://fitnessprogramer.com/wp-content/uploads/2021/06/Ab-Wheel-Rollout.gif,/content/drive/MyDrive/fitness/data/Ab-Wheel-Rollout.gif
abs,Lying Upper Body Rotation,https://fitnessprogramer.com/wp-content/uploads/2022/02/Lying-Upper-Body-Rotation.gif,/content/drive/MyDrive/fitness/data/Lying-Upper-Body-Rotation.gif
abs,Bicycle Twisting Crunch,https://fitnessprogramer.com/wp-content/uploads/2022/01/Bicycle-Twisting-Crunch.gif,/content/drive/MyDrive/fitness/data/Bicycle-Twisting-Crunch.gif
abs,Fish Pose,https://fitnessprogramer.com/wp-content/uploads/2022/02/Fish-Pose-Matsyasana.gif,/content/drive/MyDrive/fitness/data/Fish-Pose.gif
abs,Hands In Air Dead Bug,https://fitnessprogramer.com/wp-content/uploads/2021/02/Dead-Bug.gif,/content/drive/MyDrive/fitness/data/Hands-In-Air-Dead-Bug.gif
abs,4 Point Tummy Vacuum Exercise,https://fitnessprogramer.com/wp-content/uploads/2022/02/4-Point-Tummy-Vacuum-Exercise.gif,/content/drive/MyDrive/fitness/data/4-Point-Tummy-Vacuum-Exercise.gif
abs,Seated Flutter Kick,https://fitnessprogramer.com/wp-content/uploads/2022/02/Seated-Flutter-Kick.gif,/content/drive/MyDrive/fitness/data/Seated-Flutter-Kick.gif
abs,Seated Cable Twist,https://fitnessprogramer.com/wp-content/uploads/2022/02/Seated-Cable-Twist.gif,/content/drive/MyDrive/fitness/data/Seated-Cable-Twist.gif
abs,Bodyweight Kneeling Sissy Squat,https://fitnessprogramer.com/wp-content/uploads/2023/02/Bodyweight-Kneeling-Sissy-Squat.gif,/content/drive/MyDrive/fitness/data/Bodyweight-Kneeling-Sissy-Squat.gif
abs,Bow Pose,https://fitnessprogramer.com/wp-content/uploads/2021/02/Bow-Yoga-Pose.gif,/content/drive/MyDrive/fitness/data/Bow-Pose.gif
abs,Kneeling T-spine Rotation,https://fitnessprogramer.com/wp-content/uploads/2022/08/Kneeling-T-spine-Rotation.gif,/content/drive/MyDrive/fitness/data/Kneeling-T-spine-Rotation.gif
abs,Standing Barbell Rollout,https://fitnessprogramer.com/wp-content/uploads/2022/04/Standing-Barbell-Rollout.gif,/content/drive/MyDrive/fitness/data/Standing-Barbell-Rollout.gif
abs,Side Plank Oblique Crunch,https://fitnessprogramer.com/wp-content/uploads/2022/11/Side-Plank-Oblique-Crunch.gif,/content/drive/MyDrive/fitness/data/Side-Plank-Oblique-Crunch.gif
abs,Medicine Ball-Sit-up Throw,https://fitnessprogramer.com/wp-content/uploads/2023/01/Medicine-Ball-Sit-up-Throw.gif,/content/drive/MyDrive/fitness/data/Medicine-Ball-Sit-up-Throw.gif
abs,Side Bent,https://fitnessprogramer.com/wp-content/uploads/2022/12/Side-Bent.gif,/content/drive/MyDrive/fitness/data/Side-Bent.gif
abs,Leg Scissors,https://fitnessprogramer.com/wp-content/uploads/2022/12/Leg-Scissors.gif,/content/drive/MyDrive/fitness/data/Leg-Scissors.gif
abs,Abdominal Bracing,https://fitnessprogramer.com/wp-content/uploads/2022/08/Abdominal-bracing-exercise-386x386.png,/content/drive/MyDrive/fitness/data/Abdominal-Bracing.gif
abs,Lying Toe Touches,https://fitnessprogramer.com/wp-content/uploads/2022/12/Lying-Toe-Touches.gif,/content/drive/MyDrive/fitness/data/Lying-Toe-Touches.gif
abs,Dumbbell Floor Wipers,https://fitnessprogramer.com/wp-content/uploads/2023/06/Dumbbell-Floor-Wipers.gif,/content/drive/MyDrive/fitness/data/Dumbbell-Floor-Wipers.gif
abs,Side Bridge Hip Abduction,https://fitnessprogramer.com/wp-content/uploads/2022/02/Side-Bridge-Hip-Abduction.gif,/content/drive/MyDrive/fitness/data/Side-Bridge-Hip-Abduction.gif
abs,Cable Half Kneeling Pallof Press,https://fitnessprogramer.com/wp-content/uploads/2022/02/Cable-Half-Kneeling-Pallof-Press.gif,/content/drive/MyDrive/fitness/data/Cable-Half-Kneeling-Pallof-Press.gif
abs,Snap Jumps,https://fitnessprogramer.com/wp-content/uploads/2021/02/SNAP-JUMPS.gif,/content/drive/MyDrive/fitness/data/Snap-Jumps.gif
abs,Side Plank Leg Raises,https://fitnessprogramer.com/wp-content/uploads/2021/02/Side-Plank-Leg-Raises.gif,/content/drive/MyDrive/fitness/data/Side-Plank-Leg-Raises.gif
abs,Reverse Plank Kicks,https://fitnessprogramer.com/wp-content/uploads/2021/02/Reverse-Plank-Kicks.gif,/content/drive/MyDrive/fitness/data/Reverse-Plank-Kicks.gif
abs,Hindu Push-ups,https://fitnessprogramer.com/wp-content/uploads/2021/02/Pike-to-Cobra.gif,/content/drive/MyDrive/fitness/data/Hindu-Push-ups.gif
abs,Bear Crawl,https://fitnessprogramer.com/wp-content/uploads/2021/02/Bear-Crawl.gif,/content/drive/MyDrive/fitness/data/Bear-Crawl.gif
abs,High Knee Skips,https://fitnessprogramer.com/wp-content/uploads/2021/02/High-Knee-Skips_Cardio.gif,/content/drive/MyDrive/fitness/data/High-Knee-Skips.gif
abs,Double Crunches,https://fitnessprogramer.com/wp-content/uploads/2021/02/Double-Crunches.gif,/content/drive/MyDrive/fitness/data/Double-Crunches.gif
abs,Toe Reaches,https://fitnessprogramer.com/wp-content/uploads/2021/02/Toe-Reaches.gif,/content/drive/MyDrive/fitness/data/Toe-Reaches.gif
abs,Sit-ups,https://fitnessprogramer.com/wp-content/uploads/2021/02/Sit-ups.gif,/content/drive/MyDrive/fitness/data/Sit-ups.gif
abs,Side Plank,https://fitnessprogramer.com/wp-content/uploads/2021/02/Side-Plank-1-360x360.png,/content/drive/MyDrive/fitness/data/Side-Plank.gif
abs,Plank Leg Lift,https://fitnessprogramer.com/wp-content/uploads/2021/02/Plank-Leg-Lift.gif,/content/drive/MyDrive/fitness/data/Plank-Leg-Lift.gif
abs,Plank Knee to Elbow,https://fitnessprogramer.com/wp-content/uploads/2021/02/PLANK-KNEE-TO-ELBOW.gif,/content/drive/MyDrive/fitness/data/Plank-Knee-to-Elbow.gif
abs,Russian Twist,https://fitnessprogramer.com/wp-content/uploads/2021/02/Russian-Twist.gif,/content/drive/MyDrive/fitness/data/Russian-Twist.gif
abs,Plank,https://fitnessprogramer.com/wp-content/uploads/2021/02/plank.gif,/content/drive/MyDrive/fitness/data/Plank.gif
abs,Leg Pull-in Knee-ups,https://fitnessprogramer.com/wp-content/uploads/2021/02/Leg-Pull-In-Knee-ups.gif,/content/drive/MyDrive/fitness/data/Leg-Pull-in-Knee-ups.gif
abs,Glute Bridge,https://fitnessprogramer.com/wp-content/uploads/2021/02/Glute-Bridge-.gif,/content/drive/MyDrive/fitness/data/Glute-Bridge.gif
abs,Hollow Hold,https://fitnessprogramer.com/wp-content/uploads/2021/02/HollowHold-360x360.png,/content/drive/MyDrive/fitness/data/Hollow-Hold.gif
abs,Long Arm Crunch,https://fitnessprogramer.com/wp-content/uploads/2021/02/Long-Arm-Crunch.gif,/content/drive/MyDrive/fitness/data/Long-Arm-Crunch.gif
abs,Half Wipers,https://fitnessprogramer.com/wp-content/uploads/2021/02/Half-Wipers.gif,/content/drive/MyDrive/fitness/data/Half-Wipers.gif
abs,Jackknife Sit-ups (V-Up),https://fitnessprogramer.com/wp-content/uploads/2021/02/Jackknife-Sit-ups.gif,/content/drive/MyDrive/fitness/data/Jackknife-Sit-ups-(V-Up).gif
abs,Flutter Kick,https://fitnessprogramer.com/wp-content/uploads/2021/02/Flutter-Kicks.gif,/content/drive/MyDrive/fitness/data/Flutter-Kick.gif
abs,Standing side bend,https://fitnessprogramer.com/wp-content/uploads/2022/09/standing-side-bend.gif,/content/drive/MyDrive/fitness/data/Standing-side-bend.gif
abs,Suspended Ab Fall-out,https://fitnessprogramer.com/wp-content/uploads/2022/08/Suspended-Ab-Fall-out.gif,/content/drive/MyDrive/fitness/data/Suspended-Ab-Fall-out.gif
abs,TRX Mountain Climber,https://fitnessprogramer.com/wp-content/uploads/2022/08/TRX-Mountain-Climber.gif,/content/drive/MyDrive/fitness/data/TRX-Mountain-Climber.gif
abs,Side Plank Knee to Elbow,https://fitnessprogramer.com/wp-content/uploads/2022/10/Side-Plank-Knee-to-Elbow-.gif,/content/drive/MyDrive/fitness/data/Side-Plank-Knee-to-Elbow.gif
abs,Bodyweight Skull Crushers,https://fitnessprogramer.com/wp-content/uploads/2022/02/Bodyweight-Skull-Crushers.gif,/content/drive/MyDrive/fitness/data/Bodyweight-Skull-Crushers.gif
abs,Half Cross Crunch,https://fitnessprogramer.com/wp-content/uploads/2022/07/Half-Cross-Crunch.gif,/content/drive/MyDrive/fitness/data/Half-Cross-Crunch.gif
abs,Cable Seated Twist on Floor,https://fitnessprogramer.com/wp-content/uploads/2022/07/Cable-Seated-Twist-on-Floor.gif,/content/drive/MyDrive/fitness/data/Cable-Seated-Twist-on-Floor.gif
abs,Butterfly Sit-up,https://fitnessprogramer.com/wp-content/uploads/2022/07/Butterfly-Sit-up.gif,/content/drive/MyDrive/fitness/data/Butterfly-Sit-up.gif
abs,Push-up With Rotation,https://fitnessprogramer.com/wp-content/uploads/2023/01/push-up-with-rotation.gif,/content/drive/MyDrive/fitness/data/Push-up-With-Rotation.gif
abs,Side Plank Rotation,https://fitnessprogramer.com/wp-content/uploads/2023/01/Side-Plank-Rotation.gif,/content/drive/MyDrive/fitness/data/Side-Plank-Rotation.gif
abs,Prone Abdominal Hollowing,https://fitnessprogramer.com/wp-content/uploads/2022/08/Prone-Abdominal-Hollowing-360x360.png,/content/drive/MyDrive/fitness/data/Prone-Abdominal-Hollowing.gif
abs,Hell Slide,https://fitnessprogramer.com/wp-content/uploads/2022/08/Hell-Slide.gif,/content/drive/MyDrive/fitness/data/Hell-Slide.gif
abs,Half Frog Pose,https://fitnessprogramer.com/wp-content/uploads/2022/12/Half-Frog-Pose-ardha-bhekasana.gif,/content/drive/MyDrive/fitness/data/Half-Frog-Pose.gif
abs,Medicine Ball Crunch,https://fitnessprogramer.com/wp-content/uploads/2022/07/Medicine-Ball-Crunch.gif,/content/drive/MyDrive/fitness/data/Medicine-Ball-Crunch.gif
abs,Kettlebell Figure 8,https://fitnessprogramer.com/wp-content/uploads/2022/09/Kettlebell-Figure-8.gif,/content/drive/MyDrive/fitness/data/Kettlebell-Figure-8.gif
abs,Ball Russian Twist throw with partner,https://fitnessprogramer.com/wp-content/uploads/2022/09/Ball-Russian-Twist-throw-with-partner.gif,/content/drive/MyDrive/fitness/data/Ball-Russian-Twist-throw-with-partner.gif
abs,Seated Ab Crunch Machine,https://fitnessprogramer.com/wp-content/uploads/2022/10/Seated-Ab-Crunch-Machine.gif,/content/drive/MyDrive/fitness/data/Seated-Ab-Crunch-Machine.gif
abs,Dumbbell Windmill,https://fitnessprogramer.com/wp-content/uploads/2022/07/Dumbbell-Windmill.gif,/content/drive/MyDrive/fitness/data/Dumbbell-Windmill.gif
abs,Side Lying Feet Raise,https://fitnessprogramer.com/wp-content/uploads/2022/06/Side-Lying-Feet-Raise.gif,/content/drive/MyDrive/fitness/data/Side-Lying-Feet-Raise.gif
abs,Dhanurasana | Rocking Bow Pose,https://fitnessprogramer.com/wp-content/uploads/2022/05/Dhanurasana-Rocking-Bow-Pose.gif,/content/drive/MyDrive/fitness/data/Dhanurasana-|-Rocking-Bow-Pose.gif
abs,Seated Twist With Resistance Band,https://fitnessprogramer.com/wp-content/uploads/2022/05/Seated-twist.gif,/content/drive/MyDrive/fitness/data/Seated-Twist-With-Resistance-Band.gif
abs,Twist With Resistance Band,https://fitnessprogramer.com/wp-content/uploads/2022/05/Twist.gif,/content/drive/MyDrive/fitness/data/Twist-With-Resistance-Band.gif
abs,Twist down up With Resistance Band,https://fitnessprogramer.com/wp-content/uploads/2022/05/Twist-down-up.gif,/content/drive/MyDrive/fitness/data/Twist-down-up-With-Resistance-Band.gif
abs,Standing Side Bend | Gymstick,https://fitnessprogramer.com/wp-content/uploads/2022/05/Standing-Side-Bend.gif,/content/drive/MyDrive/fitness/data/Standing-Side-Bend-|-Gymstick.gif
abs,Banded Lying leg and hip raise,https://fitnessprogramer.com/wp-content/uploads/2022/05/Lying-leg-and-hip-raise.gif,/content/drive/MyDrive/fitness/data/Banded-Lying-leg-and-hip-raise.gif
abs,Banded Jack knife sit-up,https://fitnessprogramer.com/wp-content/uploads/2022/05/Jack-knife-sit-up.gif,/content/drive/MyDrive/fitness/data/Banded-Jack-knife-sit-up.gif
abs,Down to Up Twist |Gymstick,https://fitnessprogramer.com/wp-content/uploads/2022/05/Down-to-Up-Twist-Gymstick.gif,/content/drive/MyDrive/fitness/data/Down-to-Up-Twist-|Gymstick.gif
abs,Bicycle Crunch | Gymstick,https://fitnessprogramer.com/wp-content/uploads/2022/05/Bicycle-Crunch-Gymstick.gif,/content/drive/MyDrive/fitness/data/Bicycle-Crunch-|-Gymstick.gif
abs,Plank Jacks / Extended Leg,https://fitnessprogramer.com/wp-content/uploads/2015/06/Plank-Jacks-Extended-Leg.gif,
calf,Standing Calf Raise,https://fitnessprogramer.com/wp-content/uploads/2021/06/Standing-Calf-Raise.gif,/content/drive/MyDrive/fitness/data/Standing-Calf-Raise.gif
calf,Calf Raise,https://fitnessprogramer.com/wp-content/uploads/2021/02/Dumbbell-Calf-Raise.gif,/content/drive/MyDrive/fitness/data/Calf-Raise.gif
calf,Calf Raise with Resistance Band,https://fitnessprogramer.com/wp-content/uploads/2022/05/Calf-Raise-with-Resistance-Band.gif,/content/drive/MyDrive/fitness/data/Calf-Raise-with-Resistance-Band.gif
calf,Barbell Seated Calf Raise,https://fitnessprogramer.com/wp-content/uploads/2021/09/Barbell-Seated-Calf-Raise.gif,/content/drive/MyDrive/fitness/data/Barbell-Seated-Calf-Raise.gif
calf,Leg Press Calf Raise,https://fitnessprogramer.com/wp-content/uploads/2021/05/Leg-Press-Calf-Raise.gif,/content/drive/MyDrive/fitness/data/Leg-Press-Calf-Raise.gif
calf,Hack Squat Calf Raise,https://fitnessprogramer.com/wp-content/uploads/2021/05/Hack-Squat-Calf-Raise.gif,/content/drive/MyDrive/fitness/data/Hack-Squat-Calf-Raise.gif
calf,Lever Seated Calf Raise,https://fitnessprogramer.com/wp-content/uploads/2021/06/Lever-Seated-Calf-Raise.gif,/content/drive/MyDrive/fitness/data/Lever-Seated-Calf-Raise.gif
calf,Single Leg Calf Raise,https://fitnessprogramer.com/wp-content/uploads/2021/06/Single-Leg-Calf-Raises.gif,/content/drive/MyDrive/fitness/data/Single-Leg-Calf-Raise.gif
calf,Hack Machine One-Leg Calf Raise,https://fitnessprogramer.com/wp-content/uploads/2021/09/Hack-Machine-One-Leg-Calf-Raise.gif,/content/drive/MyDrive/fitness/data/Hack-Machine-One-Leg-Calf-Raise.gif
calf,Donkey Calf Raise,https://fitnessprogramer.com/wp-content/uploads/2021/09/Donkey-Calf-Raise.gif,/content/drive/MyDrive/fitness/data/Donkey-Calf-Raise.gif
calf,Lever Donkey Calf Raise,https://fitnessprogramer.com/wp-content/uploads/2021/09/Lever-Donkey-Calf-Raise.gif,/content/drive/MyDrive/fitness/data/Lever-Donkey-Calf-Raise.gif
calf,Bench Press Machine Standing Calf Raise,https://fitnessprogramer.com/wp-content/uploads/2021/09/Bench-Press-Machine-Standing-Calf-Raise.gif,/content/drive/MyDrive/fitness/data/Bench-Press-Machine-Standing-Calf-Raise.gif
calf,Standing Cross Leg Hamstring Stretch,https://fitnessprogramer.com/wp-content/uploads/2021/05/Standing-Cross-Leg-Hamstring-Stretch.gif,/content/drive/MyDrive/fitness/data/Standing-Cross-Leg-Hamstring-Stretch.gif
calf,Standing Barbell Calf Raise,https://fitnessprogramer.com/wp-content/uploads/2022/04/Standing-Barbell-Calf-Raise.gif,/content/drive/MyDrive/fitness/data/Standing-Barbell-Calf-Raise.gif
calf,Weighted Donkey Calf Raise,https://fitnessprogramer.com/wp-content/uploads/2022/04/Weighted-Donkey-Calf-Raise.gif,/content/drive/MyDrive/fitness/data/Weighted-Donkey-Calf-Raise.gif
calf,Squat Hold Calf Raise,https://fitnessprogramer.com/wp-content/uploads/2021/12/Squat-Hold-Calf-Raise.gif,/content/drive/MyDrive/fitness/data/Squat-Hold-Calf-Raise.gif
calf,Standing Hamstring Stretch,https://fitnessprogramer.com/wp-content/uploads/2021/05/Standing-Hamstring-Stretch.gif,/content/drive/MyDrive/fitness/data/Standing-Hamstring-Stretch.gif
calf,Weighted Seated Calf Raise,https://fitnessprogramer.com/wp-content/uploads/2021/10/Weighted-Seated-Calf-Raise.gif,/content/drive/MyDrive/fitness/data/Weighted-Seated-Calf-Raise.gif
calf,Foam Roller Calves,https://fitnessprogramer.com/wp-content/uploads/2022/02/Foam-Roller-Calves.gif,/content/drive/MyDrive/fitness/data/Foam-Roller-Calves.gif
calf,Band Foot External Rotation,https://fitnessprogramer.com/wp-content/uploads/2022/02/Resistance-Band-Foot-External-Rotation.gif,/content/drive/MyDrive/fitness/data/Band-Foot-External-Rotation.gif
calf,Toe Extensor Stretch,https://fitnessprogramer.com/wp-content/uploads/2021/08/Toe-Extensor-Stretch.gif,/content/drive/MyDrive/fitness/data/Toe-Extensor-Stretch.gif
calf,Standing Dorsiflexion,https://fitnessprogramer.com/wp-content/uploads/2022/02/Standing-Dorsiflexion.gif,/content/drive/MyDrive/fitness/data/Standing-Dorsiflexion.gif
calf,Standing Wall Calf Stretch,https://fitnessprogramer.com/wp-content/uploads/2022/02/Standing-Wall-Calf-Stretch.gif,/content/drive/MyDrive/fitness/data/Standing-Wall-Calf-Stretch.gif
calf,Standing Toe Up Achilles Stretch,https://fitnessprogramer.com/wp-content/uploads/2022/02/Standing-Toe-Up-Achilles-Stretch.gif,/content/drive/MyDrive/fitness/data/Standing-Toe-Up-Achilles-Stretch.gif
calf,Standing Toe Flexor Stretch,https://fitnessprogramer.com/wp-content/uploads/2022/02/Standing-Toe-Flexor-Stretch.gif,/content/drive/MyDrive/fitness/data/Standing-Toe-Flexor-Stretch.gif
calf,Standing Gastrocnemius Calf Stretch,https://fitnessprogramer.com/wp-content/uploads/2022/02/Standing-Gastrocnemius-Calf-Stretch.gif,/content/drive/MyDrive/fitness/data/Standing-Gastrocnemius-Calf-Stretch.gif
calf,Single Heel Drop Calf Stretch,https://fitnessprogramer.com/wp-content/uploads/2022/02/Single-Heel-Drop-Calf-Stretch.gif,/content/drive/MyDrive/fitness/data/Single-Heel-Drop-Calf-Stretch.gif
calf,Seated Straight Leg Calf Stretch,https://fitnessprogramer.com/wp-content/uploads/2022/02/Seated-Straight-Leg-Calf-Stretch.gif,/content/drive/MyDrive/fitness/data/Seated-Straight-Leg-Calf-Stretch.gif
calf,Lunging Straight Leg Calf Stretch,https://fitnessprogramer.com/wp-content/uploads/2022/02/Lunging-Straight-Leg-Calf-Stretch.gif,/content/drive/MyDrive/fitness/data/Lunging-Straight-Leg-Calf-Stretch.gif
calf,Posterior Tibialis Stretch,https://fitnessprogramer.com/wp-content/uploads/2022/02/Posterior-Tibialis-Stretch.gif,/content/drive/MyDrive/fitness/data/Posterior-Tibialis-Stretch.gif
calf,Foot and Ankles Stretches,https://fitnessprogramer.com/wp-content/uploads/2022/02/Foot-and-Ankles-Stretches.gif,/content/drive/MyDrive/fitness/data/Foot-and-Ankles-Stretches.gif
calf,Foot and Ankle Rotation,https://fitnessprogramer.com/wp-content/uploads/2022/02/Feet-and-Ankle-Rotation.gif,/content/drive/MyDrive/fitness/data/Foot-and-Ankle-Rotation.gif
calf,Calves Stretch Static Position,https://fitnessprogramer.com/wp-content/uploads/2022/02/Calves-Stretch-Static-Position.gif,/content/drive/MyDrive/fitness/data/Calves-Stretch-Static-Position.gif
calf,Single Leg Calves Stretch,https://fitnessprogramer.com/wp-content/uploads/2022/02/Single-Leg-Calves-Stretch.gif,/content/drive/MyDrive/fitness/data/Single-Leg-Calves-Stretch.gif
calf,Calf Stretch With Rope,https://fitnessprogramer.com/wp-content/uploads/2022/02/Calf-Stretch-with-Rope.gif,/content/drive/MyDrive/fitness/data/Calf-Stretch-With-Rope.gif
calf,Crouching Heel Back Calf Stretch,https://fitnessprogramer.com/wp-content/uploads/2022/02/Crouching-Heel-Back-Calf-Stretch.gif,/content/drive/MyDrive/fitness/data/Crouching-Heel-Back-Calf-Stretch.gif
calf,Seated Calf Press on Leg Press Machine,https://fitnessprogramer.com/wp-content/uploads/2022/02/Seated-Calf-Press-on-Leg-Press-Machine.gif,/content/drive/MyDrive/fitness/data/Seated-Calf-Press-on-Leg-Press-Machine.gif
calf,Single Calf Raise on Leg Press Machine,https://fitnessprogramer.com/wp-content/uploads/2022/02/Single-Calf-Raise-on-Leg-Press-Machine.gif,/content/drive/MyDrive/fitness/data/Single-Calf-Raise-on-Leg-Press-Machine.gif
calf,Inner Thigh Side Stretch,https://fitnessprogramer.com/wp-content/uploads/2021/02/INNER-THIGH-SIDE-STRETCH.gif,/content/drive/MyDrive/fitness/data/Inner-Thigh-Side-Stretch.gif
calf,Single Leg Donkey Calf Raise,https://fitnessprogramer.com/wp-content/uploads/2022/10/Single-Leg-Donkey-Calf-Raise.gif,/content/drive/MyDrive/fitness/data/Single-Leg-Donkey-Calf-Raise.gif
erector-spinae,Dumbbell Good Morning,https://fitnessprogramer.com/wp-content/uploads/2023/10/Dumbbell-Good-Morning.gif,/content/drive/MyDrive/fitness/data/Dumbbell-Good-Morning.gif
erector-spinae,Dumbbell Deadlift,https://fitnessprogramer.com/wp-content/uploads/2023/09/dumbbell-deadlifts.gif,/content/drive/MyDrive/fitness/data/Dumbbell-Deadlift.gif
erector-spinae,Dumbbell Sumo Deadlift,https://fitnessprogramer.com/wp-content/uploads/2023/09/dumbbell-sumo-deadlift.gif,/content/drive/MyDrive/fitness/data/Dumbbell-Sumo-Deadlift.gif
erector-spinae,Seated Back Extension,https://fitnessprogramer.com/wp-content/uploads/2021/06/seated-back-extension.gif,/content/drive/MyDrive/fitness/data/Seated-Back-Extension.gif
erector-spinae,Barbell Bent Over Row,https://fitnessprogramer.com/wp-content/uploads/2021/02/Barbell-Bent-Over-Row.gif,/content/drive/MyDrive/fitness/data/Barbell-Bent-Over-Row.gif
erector-spinae,Bent Over Dumbbell Row,https://fitnessprogramer.com/wp-content/uploads/2021/02/Bent-Over-Dumbbell-Row.gif,/content/drive/MyDrive/fitness/data/Bent-Over-Dumbbell-Row.gif
erector-spinae,Deadlift,https://fitnessprogramer.com/wp-content/uploads/2021/02/Barbell-Deadlift.gif,/content/drive/MyDrive/fitness/data/Deadlift.gif
erector-spinae,Romanian Deadlift,https://fitnessprogramer.com/wp-content/uploads/2021/02/Barbell-Romanian-Deadlift.gif,/content/drive/MyDrive/fitness/data/Romanian-Deadlift.gif
erector-spinae,Sphinx Stretch,https://fitnessprogramer.com/wp-content/uploads/2021/05/Sphinx-Stretch.gif,/content/drive/MyDrive/fitness/data/Sphinx-Stretch.gif
erector-spinae,Good Morning,https://fitnessprogramer.com/wp-content/uploads/2021/02/Barbell-Good-Morning.gif,/content/drive/MyDrive/fitness/data/Good-Morning.gif
erector-spinae,Weighted Back Extension,https://fitnessprogramer.com/wp-content/uploads/2021/06/Weighted-Back-Extension.gif,/content/drive/MyDrive/fitness/data/Weighted-Back-Extension.gif
erector-spinae,Dumbbell Romanian Deadlift,https://fitnessprogramer.com/wp-content/uploads/2021/02/Dumbbell-Romanian-Deadlift.gif,/content/drive/MyDrive/fitness/data/Dumbbell-Romanian-Deadlift.gif
erector-spinae,Sumo Deadlift,https://fitnessprogramer.com/wp-content/uploads/2021/04/Barbell-Sumo-Deadlift.gif,/content/drive/MyDrive/fitness/data/Sumo-Deadlift.gif
erector-spinae,Dumbbell Straight Leg Deadlift,https://fitnessprogramer.com/wp-content/uploads/2021/04/Dumbbell-Straight-Leg-Deadlift.gif,/content/drive/MyDrive/fitness/data/Dumbbell-Straight-Leg-Deadlift.gif
erector-spinae,Seated Hamstring Stretch,https://fitnessprogramer.com/wp-content/uploads/2021/05/Seated-Hamstring-Stretch.gif,/content/drive/MyDrive/fitness/data/Seated-Hamstring-Stretch.gif
erector-spinae,Kettlebell Single Leg Deadlift,https://fitnessprogramer.com/wp-content/uploads/2021/05/Kettlebell-Single-Leg-Deadlift.gif,/content/drive/MyDrive/fitness/data/Kettlebell-Single-Leg-Deadlift.gif
erector-spinae,Hyperextension,https://fitnessprogramer.com/wp-content/uploads/2021/02/hyperextension.gif,/content/drive/MyDrive/fitness/data/Hyperextension.gif
erector-spinae,Floor Hyperextension,https://fitnessprogramer.com/wp-content/uploads/2021/04/Floor-Hyperextension-1.gif,/content/drive/MyDrive/fitness/data/Floor-Hyperextension.gif
erector-spinae,Flat Bench Hyperextension,https://fitnessprogramer.com/wp-content/uploads/2021/04/Flat-Bench-Hyperextension.gif,/content/drive/MyDrive/fitness/data/Flat-Bench-Hyperextension.gif
erector-spinae,Reverse Hyperextension Machine,https://fitnessprogramer.com/wp-content/uploads/2021/06/Reverse-Hyperextension-Machine.gif,/content/drive/MyDrive/fitness/data/Reverse-Hyperextension-Machine.gif
erector-spinae,T-Bar Row,https://fitnessprogramer.com/wp-content/uploads/2021/04/t-bar-rows.gif,/content/drive/MyDrive/fitness/data/T-Bar-Row.gif
erector-spinae,Smith Machine Good Morning,https://fitnessprogramer.com/wp-content/uploads/2021/06/Smith-Machine-Good-Morning.gif,/content/drive/MyDrive/fitness/data/Smith-Machine-Good-Morning.gif
erector-spinae,Cable Pull Through,https://fitnessprogramer.com/wp-content/uploads/2021/06/Cable-Pull-Through.gif,/content/drive/MyDrive/fitness/data/Cable-Pull-Through.gif
erector-spinae,Twisting Hyperextension,https://fitnessprogramer.com/wp-content/uploads/2021/08/Twisting-Hyperextension.gif,/content/drive/MyDrive/fitness/data/Twisting-Hyperextension.gif
erector-spinae,Swimming,https://fitnessprogramer.com/wp-content/uploads/2021/05/Swimming.gif,/content/drive/MyDrive/fitness/data/Swimming.gif
erector-spinae,Frog Reverse Hyperextension,https://fitnessprogramer.com/wp-content/uploads/2021/09/Reverse-Hyperextensions.gif,/content/drive/MyDrive/fitness/data/Frog-Reverse-Hyperextension.gif
erector-spinae,Bird Dog,https://fitnessprogramer.com/wp-content/uploads/2022/07/Bird-Dog.gif,/content/drive/MyDrive/fitness/data/Bird-Dog.gif
erector-spinae,Seated Cable Rope Row,https://fitnessprogramer.com/wp-content/uploads/2021/06/Seated-Cable-Rope-Row.gif,/content/drive/MyDrive/fitness/data/Seated-Cable-Rope-Row.gif
erector-spinae,Kettlebell Deadlift,https://fitnessprogramer.com/wp-content/uploads/2021/06/kettlebell-deadlift.gif,/content/drive/MyDrive/fitness/data/Kettlebell-Deadlift.gif
erector-spinae,Standing Toe Touches,https://fitnessprogramer.com/wp-content/uploads/2022/04/Standing-Toe-Touches.gif,/content/drive/MyDrive/fitness/data/Standing-Toe-Touches.gif
erector-spinae,Seated Toe Touches,https://fitnessprogramer.com/wp-content/uploads/2021/06/Seated-Toe-Touches.gif,/content/drive/MyDrive/fitness/data/Seated-Toe-Touches.gif
erector-spinae,Foam Roller Back Stretch,https://fitnessprogramer.com/wp-content/uploads/2022/02/Roll-Upper-Back.gif,/content/drive/MyDrive/fitness/data/Foam-Roller-Back-Stretch.gif
erector-spinae,Lying Upper Body Rotation,https://fitnessprogramer.com/wp-content/uploads/2022/02/Lying-Upper-Body-Rotation.gif,/content/drive/MyDrive/fitness/data/Lying-Upper-Body-Rotation.gif
erector-spinae,Stiff Leg Deadlift,https://fitnessprogramer.com/wp-content/uploads/2022/01/Stiff-Leg-Deadlift.gif,/content/drive/MyDrive/fitness/data/Stiff-Leg-Deadlift.gif
erector-spinae,Kneeling Back Rotation,https://fitnessprogramer.com/wp-content/uploads/2022/02/Kneeling-Back-Rotation-Stretch.gif,/content/drive/MyDrive/fitness/data/Kneeling-Back-Rotation.gif
erector-spinae,Bow Pose,https://fitnessprogramer.com/wp-content/uploads/2021/02/Bow-Yoga-Pose.gif,/content/drive/MyDrive/fitness/data/Bow-Pose.gif
erector-spinae,Cat Cow Pose,https://fitnessprogramer.com/wp-content/uploads/2021/02/cat-cow.gif,/content/drive/MyDrive/fitness/data/Cat-Cow-Pose.gif
erector-spinae,Kneeling T-spine Rotation,https://fitnessprogramer.com/wp-content/uploads/2022/08/Kneeling-T-spine-Rotation.gif,/content/drive/MyDrive/fitness/data/Kneeling-T-spine-Rotation.gif
erector-spinae,Supine Spinal Twist,https://fitnessprogramer.com/wp-content/uploads/2022/12/Supine-Spinal-Twist.gif,/content/drive/MyDrive/fitness/data/Supine-Spinal-Twist.gif
erector-spinae,Landmine T-Bar Row,https://fitnessprogramer.com/wp-content/uploads/2021/04/t-bar-rows.gif,/content/drive/MyDrive/fitness/data/Landmine-T-Bar-Row.gif
erector-spinae,Barbell Pendlay Row,https://fitnessprogramer.com/wp-content/uploads/2022/07/Barbell-Pendlay-Row.gif,/content/drive/MyDrive/fitness/data/Barbell-Pendlay-Row.gif
erector-spinae,Superman,https://fitnessprogramer.com/wp-content/uploads/2021/02/Superman-exercise.gif,/content/drive/MyDrive/fitness/data/Superman.gif
erector-spinae,Hindu Push-ups,https://fitnessprogramer.com/wp-content/uploads/2021/02/Pike-to-Cobra.gif,/content/drive/MyDrive/fitness/data/Hindu-Push-ups.gif
erector-spinae,Arm Leg Raises,https://fitnessprogramer.com/wp-content/uploads/2021/02/arm-leg-raise.gif,/content/drive/MyDrive/fitness/data/Arm-Leg-Raises.gif
erector-spinae,Dumbbell Pull Through,https://fitnessprogramer.com/wp-content/uploads/2022/10/Dumbbell-Pull-Through.gif,/content/drive/MyDrive/fitness/data/Dumbbell-Pull-Through.gif
erector-spinae,Glute Ham Raise,https://fitnessprogramer.com/wp-content/uploads/2023/07/Glute-Ham-Raise.gif,/content/drive/MyDrive/fitness/data/Glute-Ham-Raise.gif
erector-spinae,Push-up With Rotation,https://fitnessprogramer.com/wp-content/uploads/2023/01/push-up-with-rotation.gif,/content/drive/MyDrive/fitness/data/Push-up-With-Rotation.gif
erector-spinae,Side Plank Rotation,https://fitnessprogramer.com/wp-content/uploads/2023/01/Side-Plank-Rotation.gif,/content/drive/MyDrive/fitness/data/Side-Plank-Rotation.gif
erector-spinae,Kettlebell Figure 8,https://fitnessprogramer.com/wp-content/uploads/2022/09/Kettlebell-Figure-8.gif,/content/drive/MyDrive/fitness/data/Kettlebell-Figure-8.gif
erector-spinae,Barbell Single Leg Deadlift,https://fitnessprogramer.com/wp-content/uploads/2022/09/Barbell-Single-Leg-Deadlift.gif,/content/drive/MyDrive/fitness/data/Barbell-Single-Leg-Deadlift.gif
erector-spinae,Dumbbell Single Leg Deadlift,https://fitnessprogramer.com/wp-content/uploads/2022/09/Dumbbell-Single-Leg-Deadlift.gif,/content/drive/MyDrive/fitness/data/Dumbbell-Single-Leg-Deadlift.gif
erector-spinae,Good Morning With Resistance Band,https://fitnessprogramer.com/wp-content/uploads/2022/07/Good-Morning-With-Resistance-Band.gif,/content/drive/MyDrive/fitness/data/Good-Morning-With-Resistance-Band.gif
erector-spinae,Rolling Like a Ball,https://fitnessprogramer.com/wp-content/uploads/2022/07/Rolling-Like-a-Ball-crab.gif,/content/drive/MyDrive/fitness/data/Rolling-Like-a-Ball.gif
erector-spinae,Dhanurasana | Rocking Bow Pose,https://fitnessprogramer.com/wp-content/uploads/2022/05/Dhanurasana-Rocking-Bow-Pose.gif,/content/drive/MyDrive/fitness/data/Dhanurasana-|-Rocking-Bow-Pose.gif
erector-spinae,Swing | Gymstick,https://fitnessprogramer.com/wp-content/uploads/2022/05/Swing-Gymstick.gif,/content/drive/MyDrive/fitness/data/Swing-|-Gymstick.gif
erector-spinae,Single Leg Reverse Hyperextension | Gymstick,https://fitnessprogramer.com/wp-content/uploads/2022/05/Single-Leg-Reverse-Hyperextension.gif,/content/drive/MyDrive/fitness/data/Single-Leg-Reverse-Hyperextension-|-Gymstick.gif
leg,Dumbbell Goblet Squat,https://fitnessprogramer.com/wp-content/uploads/2023/01/Dumbbell-Goblet-Squat.gif,/content/drive/MyDrive/fitness/data/Dumbbell-Goblet-Squat.gif
leg,Curtsy Lunge,https://fitnessprogramer.com/wp-content/uploads/2023/09/curtsy-lunge.gif,/content/drive/MyDrive/fitness/data/Curtsy-Lunge.gif
leg,5 Dot Drills,https://fitnessprogramer.com/wp-content/uploads/2023/12/5-Dot-drills-agility-exercise.gif,/content/drive/MyDrive/fitness/data/5-Dot-Drills.gif
leg,High Knee Lunge on Bosu Ball,https://fitnessprogramer.com/wp-content/uploads/2023/09/High-Knee-Lunge-on-Bosu-Ball.gif,/content/drive/MyDrive/fitness/data/High-Knee-Lunge-on-Bosu-Ball.gif
leg,Standing Leg Circles,https://fitnessprogramer.com/wp-content/uploads/2023/10/Standing-Leg-Circles.gif,/content/drive/MyDrive/fitness/data/Standing-Leg-Circles.gif
leg,Static Lunge,https://fitnessprogramer.com/wp-content/uploads/2023/10/Static-Lunge.gif,/content/drive/MyDrive/fitness/data/Static-Lunge.gif
leg,Dumbbell Walking Lunge,https://fitnessprogramer.com/wp-content/uploads/2023/09/dumbbell-lunges.gif,/content/drive/MyDrive/fitness/data/Dumbbell-Walking-Lunge.gif
leg,Dumbbell Good Morning,https://fitnessprogramer.com/wp-content/uploads/2023/10/Dumbbell-Good-Morning.gif,/content/drive/MyDrive/fitness/data/Dumbbell-Good-Morning.gif
leg,Dumbbell Squat,https://fitnessprogramer.com/wp-content/uploads/2023/09/Dumbbell-Squat.gif,/content/drive/MyDrive/fitness/data/Dumbbell-Squat.gif
leg,Depth Jump to Hurdle Hop,https://fitnessprogramer.com/wp-content/uploads/2023/09/Depth-Jump-to-Hurdle-Hop.gif,/content/drive/MyDrive/fitness/data/Depth-Jump-to-Hurdle-Hop.gif
leg,Power Lunge,https://fitnessprogramer.com/wp-content/uploads/2023/09/power-lunge.gif,/content/drive/MyDrive/fitness/data/Power-Lunge.gif
leg,Dumbbell Deadlift,https://fitnessprogramer.com/wp-content/uploads/2023/09/dumbbell-deadlifts.gif,/content/drive/MyDrive/fitness/data/Dumbbell-Deadlift.gif
leg,Dumbbell Sumo Deadlift,https://fitnessprogramer.com/wp-content/uploads/2023/09/dumbbell-sumo-deadlift.gif,/content/drive/MyDrive/fitness/data/Dumbbell-Sumo-Deadlift.gif
leg,Bodyweight Lunge,https://fitnessprogramer.com/wp-content/uploads/2023/07/bodyweight-lunges.gif,/content/drive/MyDrive/fitness/data/Bodyweight-Lunge.gif
leg,Bulgarian Split Squat Jump,https://fitnessprogramer.com/wp-content/uploads/2023/03/Bulgarian-Jump-Squat.gif,/content/drive/MyDrive/fitness/data/Bulgarian-Split-Squat-Jump.gif
leg,Squat,https://fitnessprogramer.com/wp-content/uploads/2021/02/BARBELL-SQUAT.gif,/content/drive/MyDrive/fitness/data/Squat.gif
leg,Leg Press,https://fitnessprogramer.com/wp-content/uploads/2015/11/Leg-Press.gif,/content/drive/MyDrive/fitness/data/Leg-Press.gif
leg,Plie Dumbbell Squat,https://fitnessprogramer.com/wp-content/uploads/2023/01/Sumo-Plie-Dumbbell-Squat.gif,/content/drive/MyDrive/fitness/data/Plie-Dumbbell-Squat.gif
leg,Deadlift,https://fitnessprogramer.com/wp-content/uploads/2021/02/Barbell-Deadlift.gif,/content/drive/MyDrive/fitness/data/Deadlift.gif
leg,Leg Curl,https://fitnessprogramer.com/wp-content/uploads/2021/02/Leg-Curl.gif,/content/drive/MyDrive/fitness/data/Leg-Curl.gif
leg,Seated Leg Curl,https://fitnessprogramer.com/wp-content/uploads/2021/08/Seated-Leg-Curl.gif,/content/drive/MyDrive/fitness/data/Seated-Leg-Curl.gif
leg,Leg Extension,https://fitnessprogramer.com/wp-content/uploads/2021/02/LEG-EXTENSION.gif,/content/drive/MyDrive/fitness/data/Leg-Extension.gif
leg,Romanian Deadlift,https://fitnessprogramer.com/wp-content/uploads/2021/02/Barbell-Romanian-Deadlift.gif,/content/drive/MyDrive/fitness/data/Romanian-Deadlift.gif
leg,Barbell Hack Squats,https://fitnessprogramer.com/wp-content/uploads/2021/02/Barbell-Hack-Squat.gif,/content/drive/MyDrive/fitness/data/Barbell-Hack-Squats.gif
leg,Barbell Sumo Squat,https://fitnessprogramer.com/wp-content/uploads/2021/02/Barbell-sumo-squat.gif,/content/drive/MyDrive/fitness/data/Barbell-Sumo-Squat.gif
leg,Good Morning,https://fitnessprogramer.com/wp-content/uploads/2021/02/Barbell-Good-Morning.gif,/content/drive/MyDrive/fitness/data/Good-Morning.gif
leg,Dumbbell Bulgarian Split Squat,https://fitnessprogramer.com/wp-content/uploads/2021/05/Dumbbell-Bulgarian-Split-Squat.gif,/content/drive/MyDrive/fitness/data/Dumbbell-Bulgarian-Split-Squat.gif
leg,Dumbbell Romanian Deadlift,https://fitnessprogramer.com/wp-content/uploads/2021/02/Dumbbell-Romanian-Deadlift.gif,/content/drive/MyDrive/fitness/data/Dumbbell-Romanian-Deadlift.gif
leg,Hack Squats Machine,https://fitnessprogramer.com/wp-content/uploads/2021/02/Sled-Hack-Squat.gif,/content/drive/MyDrive/fitness/data/Hack-Squats-Machine.gif
leg,Sumo Deadlift,https://fitnessprogramer.com/wp-content/uploads/2021/04/Barbell-Sumo-Deadlift.gif,/content/drive/MyDrive/fitness/data/Sumo-Deadlift.gif
leg,Pistol Squat,https://fitnessprogramer.com/wp-content/uploads/2021/02/Pistol-Squat.gif,/content/drive/MyDrive/fitness/data/Pistol-Squat.gif
leg,Dumbbell Lunge,https://fitnessprogramer.com/wp-content/uploads/2021/02/Dumbbell-Lunge.gif,/content/drive/MyDrive/fitness/data/Dumbbell-Lunge.gif
leg,Dumbbell Straight Leg Deadlift,https://fitnessprogramer.com/wp-content/uploads/2021/04/Dumbbell-Straight-Leg-Deadlift.gif,/content/drive/MyDrive/fitness/data/Dumbbell-Straight-Leg-Deadlift.gif
leg,Lever Side Hip Abduction,https://fitnessprogramer.com/wp-content/uploads/2022/04/Lever-Side-Hip-Abduction.gif,/content/drive/MyDrive/fitness/data/Lever-Side-Hip-Abduction.gif
leg,Bodyweight Sumo Squat,https://fitnessprogramer.com/wp-content/uploads/2021/02/BODYWEIGHT-SUMO-SQUAT.gif,/content/drive/MyDrive/fitness/data/Bodyweight-Sumo-Squat.gif
leg,Hawaiian Squat,https://fitnessprogramer.com/wp-content/uploads/2021/05/Hawaiian-Squat-exercise.gif,/content/drive/MyDrive/fitness/data/Hawaiian-Squat.gif
leg,Lever Standing Leg Raise,https://fitnessprogramer.com/wp-content/uploads/2021/09/Lever-Standing-Leg-Raise.gif,/content/drive/MyDrive/fitness/data/Lever-Standing-Leg-Raise.gif
leg,Lever Side Hip Adduction,https://fitnessprogramer.com/wp-content/uploads/2021/05/Lever-Side-Hip-Adduction.gif,/content/drive/MyDrive/fitness/data/Lever-Side-Hip-Adduction.gif
leg,Barbell Bulgarian Split Squat,https://fitnessprogramer.com/wp-content/uploads/2021/05/Barbell-Bulgarian-Split-Squat.gif,/content/drive/MyDrive/fitness/data/Barbell-Bulgarian-Split-Squat.gif
leg,Lever Deadlift,https://fitnessprogramer.com/wp-content/uploads/2021/05/Lever-Deadlift.gif,/content/drive/MyDrive/fitness/data/Lever-Deadlift.gif
leg,Dumbbell Rear Lunge,https://fitnessprogramer.com/wp-content/uploads/2021/05/Dumbbell-Rear-Lunge.gif,/content/drive/MyDrive/fitness/data/Dumbbell-Rear-Lunge.gif
leg,Barbell Lunge,https://fitnessprogramer.com/wp-content/uploads/2021/05/Barbell-Lunge.gif,/content/drive/MyDrive/fitness/data/Barbell-Lunge.gif
leg,Barbell Lateral Lunge,https://fitnessprogramer.com/wp-content/uploads/2021/05/Barbell-Lateral-Lunge.gif,/content/drive/MyDrive/fitness/data/Barbell-Lateral-Lunge.gif
leg,Side Lunge,https://fitnessprogramer.com/wp-content/uploads/2021/05/Side-Lunge-Stretch.gif,/content/drive/MyDrive/fitness/data/Side-Lunge.gif
leg,Cable Hip Adduction,https://fitnessprogramer.com/wp-content/uploads/2021/05/Cable-Hips-Adduction.gif,/content/drive/MyDrive/fitness/data/Cable-Hip-Adduction.gif
leg,Zig Zag Hops Plyometric,https://fitnessprogramer.com/wp-content/uploads/2021/05/Zig-Zag-Hops-Plyometric.gif,/content/drive/MyDrive/fitness/data/Zig-Zag-Hops-Plyometric.gif
leg,Bodyweight Squat,https://fitnessprogramer.com/wp-content/uploads/2021/05/Bodyweight-Squat.gif,/content/drive/MyDrive/fitness/data/Bodyweight-Squat.gif
leg,Upavistha Konasana,https://fitnessprogramer.com/wp-content/uploads/2021/05/Upavistha-Konasana.gif,/content/drive/MyDrive/fitness/data/Upavistha-Konasana.gif
leg,Seated Hamstring Stretch,https://fitnessprogramer.com/wp-content/uploads/2021/05/Seated-Hamstring-Stretch.gif,/content/drive/MyDrive/fitness/data/Seated-Hamstring-Stretch.gif
leg,Kneeling Quad Stretch,https://fitnessprogramer.com/wp-content/uploads/2021/05/Kneeling-Quad-Stretch.gif,/content/drive/MyDrive/fitness/data/Kneeling-Quad-Stretch.gif
leg,Lateral Speed Step,https://fitnessprogramer.com/wp-content/uploads/2021/05/Lateral-Speed-Step.gif,/content/drive/MyDrive/fitness/data/Lateral-Speed-Step.gif
leg,Seated Groin / Adductor Stretch,https://fitnessprogramer.com/wp-content/uploads/2021/05/Seated-Adductor-Groin-Stretch.gif,
leg,Reverse Lunge Knee Lift,https://fitnessprogramer.com/wp-content/uploads/2021/05/Reverse-Lunge-Knee.gif,/content/drive/MyDrive/fitness/data/Reverse-Lunge-Knee-Lift.gif
leg,Lying Hamstring Stretch,https://fitnessprogramer.com/wp-content/uploads/2021/05/Hamstrings-Lying-Stretch.gif,/content/drive/MyDrive/fitness/data/Lying-Hamstring-Stretch.gif
leg,Curtsy Squat,https://fitnessprogramer.com/wp-content/uploads/2021/05/Curtsey-Squat.gif,/content/drive/MyDrive/fitness/data/Curtsy-Squat.gif
leg,Cable Goblet Squat,https://fitnessprogramer.com/wp-content/uploads/2021/05/Cable-Squat.gif,/content/drive/MyDrive/fitness/data/Cable-Goblet-Squat.gif
leg,Thigh fly (Adductor Magnus Stretch),https://fitnessprogramer.com/wp-content/uploads/2021/05/Adductor-Magnus-Stretch.gif,/content/drive/MyDrive/fitness/data/Thigh-fly-(Adductor-Magnus-Stretch).gif
leg,Split Jump Squat,https://fitnessprogramer.com/wp-content/uploads/2021/05/Split-Squat.gif,/content/drive/MyDrive/fitness/data/Split-Jump-Squat.gif
leg,Cossack Squat,https://fitnessprogramer.com/wp-content/uploads/2021/05/Cossack-Squat.gif,/content/drive/MyDrive/fitness/data/Cossack-Squat.gif
leg,Seated Side Crunch,https://fitnessprogramer.com/wp-content/uploads/2021/05/Seated-Side-Crunches.gif,/content/drive/MyDrive/fitness/data/Seated-Side-Crunch.gif
leg,Standing Cross Leg Hamstring Stretch,https://fitnessprogramer.com/wp-content/uploads/2021/05/Standing-Cross-Leg-Hamstring-Stretch.gif,/content/drive/MyDrive/fitness/data/Standing-Cross-Leg-Hamstring-Stretch.gif
leg,Backward Jump,https://fitnessprogramer.com/wp-content/uploads/2021/05/Backward-Jumping.gif,/content/drive/MyDrive/fitness/data/Backward-Jump.gif
leg,Jumping jack,https://fitnessprogramer.com/wp-content/uploads/2021/05/Jumping-jack.gif,/content/drive/MyDrive/fitness/data/Jumping-jack.gif
leg,Single Leg Broad Jump,https://fitnessprogramer.com/wp-content/uploads/2021/05/Single-Leg-Broad-Jump.gif,/content/drive/MyDrive/fitness/data/Single-Leg-Broad-Jump.gif
leg,Bodyweight Windmill,https://fitnessprogramer.com/wp-content/uploads/2021/05/Bodyweight-Windmill.gif,/content/drive/MyDrive/fitness/data/Bodyweight-Windmill.gif
leg,Jump Squats,https://fitnessprogramer.com/wp-content/uploads/2021/02/Jump-Squat.gif,/content/drive/MyDrive/fitness/data/Jump-Squats.gif
leg,Landmine Squat to Press,https://fitnessprogramer.com/wp-content/uploads/2021/04/Landmine-Press.gif,/content/drive/MyDrive/fitness/data/Landmine-Squat-to-Press.gif
leg,Barbell Clean and Press,https://fitnessprogramer.com/wp-content/uploads/2021/04/Barbell-Clean-and-Press-.gif,/content/drive/MyDrive/fitness/data/Barbell-Clean-and-Press.gif
leg,Dumbbell Lateral Step Up,https://fitnessprogramer.com/wp-content/uploads/2021/06/Dumbbell-Lateral-Step-Up.gif,/content/drive/MyDrive/fitness/data/Dumbbell-Lateral-Step-Up.gif
leg,Lateral Step-up,https://fitnessprogramer.com/wp-content/uploads/2022/04/Lateral-Step-up.gif,/content/drive/MyDrive/fitness/data/Lateral-Step-up.gif
leg,Step Up + Opposite Elbow to Knee Twist,https://fitnessprogramer.com/wp-content/uploads/2022/04/Step-Up-Opposite-Elbow-to-Knee-Twist.gif,/content/drive/MyDrive/fitness/data/Step-Up-+-Opposite-Elbow-to-Knee-Twist.gif
leg,Barbell Step-Up,https://fitnessprogramer.com/wp-content/uploads/2021/06/Barbell-Step-Up.gif,/content/drive/MyDrive/fitness/data/Barbell-Step-Up.gif
leg,Lying Glute Stretch,https://fitnessprogramer.com/wp-content/uploads/2021/08/Lying-glute-stretch.gif,/content/drive/MyDrive/fitness/data/Lying-Glute-Stretch.gif
leg,Lying Dumbbell Leg Curl,https://fitnessprogramer.com/wp-content/uploads/2022/04/Lying-Dumbbell-Leg-Curl.gif,/content/drive/MyDrive/fitness/data/Lying-Dumbbell-Leg-Curl.gif
leg,Plank With Arm And Leg Lift,https://fitnessprogramer.com/wp-content/uploads/2021/04/Plank-with-Arm-and-Leg-Lift.gif,/content/drive/MyDrive/fitness/data/Plank-With-Arm-And-Leg-Lift.gif
leg,Weighted Front Plank,https://fitnessprogramer.com/wp-content/uploads/2021/04/Weighted-Front-Plank.gif,/content/drive/MyDrive/fitness/data/Weighted-Front-Plank.gif
leg,Smith Machine Good Morning,https://fitnessprogramer.com/wp-content/uploads/2021/06/Smith-Machine-Good-Morning.gif,/content/drive/MyDrive/fitness/data/Smith-Machine-Good-Morning.gif
leg,Bodyweight Walking Lunge,https://fitnessprogramer.com/wp-content/uploads/2023/09/bodyweight-walking-lunge.gif,/content/drive/MyDrive/fitness/data/Bodyweight-Walking-Lunge.gif
leg,Wall Sit,https://fitnessprogramer.com/wp-content/uploads/2021/06/Wall-Sit-238x360.png,/content/drive/MyDrive/fitness/data/Wall-Sit.gif
leg,High Knee Squat,https://fitnessprogramer.com/wp-content/uploads/2021/11/High-Knee-Squat.gif,/content/drive/MyDrive/fitness/data/High-Knee-Squat.gif
leg,Kettlebell Pistol Squats,https://fitnessprogramer.com/wp-content/uploads/2021/09/Kettlebell-Pistol-Squats.gif,/content/drive/MyDrive/fitness/data/Kettlebell-Pistol-Squats.gif
leg,Kettlebell Split Snatch,https://fitnessprogramer.com/wp-content/uploads/2021/09/Kettlebell-Split-Snatch.gif,/content/drive/MyDrive/fitness/data/Kettlebell-Split-Snatch.gif
leg,Kettlebell Swings,https://fitnessprogramer.com/wp-content/uploads/2021/09/Kettlebell-Swings.gif,/content/drive/MyDrive/fitness/data/Kettlebell-Swings.gif
leg,Bodyweight Box Squat,https://fitnessprogramer.com/wp-content/uploads/2022/07/Bodyweight-Box-Squat.gif,/content/drive/MyDrive/fitness/data/Bodyweight-Box-Squat.gif
leg,Step Up Single Leg Balance with Bicep Curl,https://fitnessprogramer.com/wp-content/uploads/2021/06/Step-Up-Single-Leg-Balance-with-Bicep-Curl.gif,/content/drive/MyDrive/fitness/data/Step-Up-Single-Leg-Balance-with-Bicep-Curl.gif
leg,Dumbbell Step-Up,https://fitnessprogramer.com/wp-content/uploads/2021/12/Dumbeel-Step-Up.gif,/content/drive/MyDrive/fitness/data/Dumbbell-Step-Up.gif
leg,Belt Squat,https://fitnessprogramer.com/wp-content/uploads/2023/01/belt-squat.gif,/content/drive/MyDrive/fitness/data/Belt-Squat.gif
leg,Lever Single Leg Curl,https://fitnessprogramer.com/wp-content/uploads/2021/06/Lever-Single-Leg-Curl.gif,/content/drive/MyDrive/fitness/data/Lever-Single-Leg-Curl.gif
leg,Reverse Lunge,https://fitnessprogramer.com/wp-content/uploads/2022/08/bodyweight-reverse-lunge.gif,/content/drive/MyDrive/fitness/data/Reverse-Lunge.gif
leg,Single Leg Step Down,https://fitnessprogramer.com/wp-content/uploads/2021/10/Single-Leg-Step-Down.gif,/content/drive/MyDrive/fitness/data/Single-Leg-Step-Down.gif
leg,Boat Pose,https://fitnessprogramer.com/wp-content/uploads/2022/01/Boat-Pose-Stretch.gif,/content/drive/MyDrive/fitness/data/Boat-Pose.gif
leg,Long Jump,https://fitnessprogramer.com/wp-content/uploads/2021/03/Long-Jump-Plyometrics.gif,/content/drive/MyDrive/fitness/data/Long-Jump.gif
leg,Lever Assisted Single Leg Press,https://fitnessprogramer.com/wp-content/uploads/2022/02/Lever-Assisted-Leg-Press.gif,/content/drive/MyDrive/fitness/data/Lever-Assisted-Single-Leg-Press.gif
leg,Nordic Hamstring Curl,https://fitnessprogramer.com/wp-content/uploads/2021/06/Nordic-Hamstring-Curl.gif,/content/drive/MyDrive/fitness/data/Nordic-Hamstring-Curl.gif
leg,One Arm Kettlebell Snatch,https://fitnessprogramer.com/wp-content/uploads/2021/03/One-Arm-Kettlebell-Snatch-exercise.gif,/content/drive/MyDrive/fitness/data/One-Arm-Kettlebell-Snatch.gif
leg,Front Plank With Arm And Leg Lift,https://fitnessprogramer.com/wp-content/uploads/2021/08/Front-Plank-With-Arm-And-Leg-Lift.gif,/content/drive/MyDrive/fitness/data/Front-Plank-With-Arm-And-Leg-Lift.gif
leg,Horizontal Leg Press,https://fitnessprogramer.com/wp-content/uploads/2021/08/Lever-Horizontal-Leg-Press.gif,/content/drive/MyDrive/fitness/data/Horizontal-Leg-Press.gif
leg,Resistance Band Toe Touch,https://fitnessprogramer.com/wp-content/uploads/2021/08/Resistance-Band-Toe-Touch.gif,/content/drive/MyDrive/fitness/data/Resistance-Band-Toe-Touch.gif
leg,Kneeling Hip Flexor Stretch,https://fitnessprogramer.com/wp-content/uploads/2021/08/Kneeling-Hip-Flexor-Stretch.gif,/content/drive/MyDrive/fitness/data/Kneeling-Hip-Flexor-Stretch.gif
leg,Standing Quadriceps Stretch,https://fitnessprogramer.com/wp-content/uploads/2021/08/Standing-Quadriceps-Stretch.gif,/content/drive/MyDrive/fitness/data/Standing-Quadriceps-Stretch.gif
leg,Exercise Ball Wall Squat,https://fitnessprogramer.com/wp-content/uploads/2021/08/Exercise-Ball-Wall-Squat.gif,/content/drive/MyDrive/fitness/data/Exercise-Ball-Wall-Squat.gif
leg,Leg Curl On Stability Ball,https://fitnessprogramer.com/wp-content/uploads/2021/08/leg-curl-on-stability-ball.gif,/content/drive/MyDrive/fitness/data/Leg-Curl-On-Stability-Ball.gif
leg,Kettlebell Clean and Jerk,https://fitnessprogramer.com/wp-content/uploads/2021/06/Kettlebell-Clean-and-Jerk.gif,/content/drive/MyDrive/fitness/data/Kettlebell-Clean-and-Jerk.gif
leg,Kettlebell Goblet Squat,https://fitnessprogramer.com/wp-content/uploads/2021/06/kettlebell-goblet-squat.gif,/content/drive/MyDrive/fitness/data/Kettlebell-Goblet-Squat.gif
leg,Kettlebell Deadlift,https://fitnessprogramer.com/wp-content/uploads/2021/06/kettlebell-deadlift.gif,/content/drive/MyDrive/fitness/data/Kettlebell-Deadlift.gif
leg,Barbell Bench Front Squat,https://fitnessprogramer.com/wp-content/uploads/2021/06/Barbell-Bench-Front-Squat.gif,/content/drive/MyDrive/fitness/data/Barbell-Bench-Front-Squat.gif
leg,Standing Toe Touches,https://fitnessprogramer.com/wp-content/uploads/2022/04/Standing-Toe-Touches.gif,/content/drive/MyDrive/fitness/data/Standing-Toe-Touches.gif
leg,Standing Side Toe Touching,https://fitnessprogramer.com/wp-content/uploads/2022/04/Standing-Side-Toe-Touching.gif,/content/drive/MyDrive/fitness/data/Standing-Side-Toe-Touching.gif
leg,Dumbbell Split Jump,https://fitnessprogramer.com/wp-content/uploads/2022/04/Dumbbell-Split-Jump.gif,/content/drive/MyDrive/fitness/data/Dumbbell-Split-Jump.gif
leg,Banded Step-up,https://fitnessprogramer.com/wp-content/uploads/2022/04/Banded-Step-up.gif,/content/drive/MyDrive/fitness/data/Banded-Step-up.gif
leg,Barbell Curtsey Lunge,https://fitnessprogramer.com/wp-content/uploads/2022/04/Barbell-Curtsey-Lunge.gif,/content/drive/MyDrive/fitness/data/Barbell-Curtsey-Lunge.gif
leg,Dumbbell Jump Squat,https://fitnessprogramer.com/wp-content/uploads/2022/04/Dumbbell-Jump-Squat.gif,/content/drive/MyDrive/fitness/data/Dumbbell-Jump-Squat.gif
leg,Barbell Split Squat,https://fitnessprogramer.com/wp-content/uploads/2022/04/Barbell-Split-Squat.gif,/content/drive/MyDrive/fitness/data/Barbell-Split-Squat.gif
leg,All Fours Squad Stretch,https://fitnessprogramer.com/wp-content/uploads/2021/10/All-Fours-Squad-Stretch.gif,/content/drive/MyDrive/fitness/data/All-Fours-Squad-Stretch.gif
leg,Burpees,https://fitnessprogramer.com/wp-content/uploads/2021/02/burpees.gif,/content/drive/MyDrive/fitness/data/Burpees.gif
leg,Lever Kneeling Leg Curl,https://fitnessprogramer.com/wp-content/uploads/2021/09/Lever-Kneeling-Leg-Curl-.gif,/content/drive/MyDrive/fitness/data/Lever-Kneeling-Leg-Curl.gif
leg,Seated Toe Touches,https://fitnessprogramer.com/wp-content/uploads/2021/06/Seated-Toe-Touches.gif,/content/drive/MyDrive/fitness/data/Seated-Toe-Touches.gif
leg,Reverse Hack Squat,https://fitnessprogramer.com/wp-content/uploads/2022/10/Reverse-Hack-Squat.gif,/content/drive/MyDrive/fitness/data/Reverse-Hack-Squat.gif
leg,Duck Walk,https://fitnessprogramer.com/wp-content/uploads/2021/09/Duck-Walk.gif,/content/drive/MyDrive/fitness/data/Duck-Walk.gif
leg,Trap Bar Deadlift,https://fitnessprogramer.com/wp-content/uploads/2021/06/Trap-Bar-Deadlift.gif,/content/drive/MyDrive/fitness/data/Trap-Bar-Deadlift.gif
leg,Zercher Squat,https://fitnessprogramer.com/wp-content/uploads/2021/06/Zercher-Squat.gif,/content/drive/MyDrive/fitness/data/Zercher-Squat.gif
leg,Front Squat,https://fitnessprogramer.com/wp-content/uploads/2021/06/front-squat.gif,/content/drive/MyDrive/fitness/data/Front-Squat.gif
leg,Standing Hamstring Stretch,https://fitnessprogramer.com/wp-content/uploads/2021/05/Standing-Hamstring-Stretch.gif,/content/drive/MyDrive/fitness/data/Standing-Hamstring-Stretch.gif
leg,Kettlebell Thruster,https://fitnessprogramer.com/wp-content/uploads/2021/05/Kettlebell-Thruster.gif,/content/drive/MyDrive/fitness/data/Kettlebell-Thruster.gif
leg,One Arm Dumbbell Snatch,https://fitnessprogramer.com/wp-content/uploads/2021/05/One-Arm-Dumbbell-Snatch.gif,/content/drive/MyDrive/fitness/data/One-Arm-Dumbbell-Snatch.gif
leg,Single Leg Press,https://fitnessprogramer.com/wp-content/uploads/2022/04/Single-Leg-Press.gif,/content/drive/MyDrive/fitness/data/Single-Leg-Press.gif
leg,Landmine Lunge,https://fitnessprogramer.com/wp-content/uploads/2022/10/Landmine-Lunge.gif,/content/drive/MyDrive/fitness/data/Landmine-Lunge.gif
leg,Single Leg Extension,https://fitnessprogramer.com/wp-content/uploads/2022/07/Single-Leg-Extension.gif,/content/drive/MyDrive/fitness/data/Single-Leg-Extension.gif
leg,Smith Machine Leg Press,https://fitnessprogramer.com/wp-content/uploads/2022/07/Smith-Machine-Leg-Press.gif,/content/drive/MyDrive/fitness/data/Smith-Machine-Leg-Press.gif
leg,Smith Machine Lunge,https://fitnessprogramer.com/wp-content/uploads/2022/07/Smith-Machine-Lunge.gif,/content/drive/MyDrive/fitness/data/Smith-Machine-Lunge.gif
leg,Skater Squat,https://fitnessprogramer.com/wp-content/uploads/2022/07/Skater-Squat.gif,/content/drive/MyDrive/fitness/data/Skater-Squat.gif
leg,Shrimp Squat,https://fitnessprogramer.com/wp-content/uploads/2021/02/shrimp-squats.gif,/content/drive/MyDrive/fitness/data/Shrimp-Squat.gif
leg,Towel Leg Curl,https://fitnessprogramer.com/wp-content/uploads/2022/02/Towel-Leg-Curl.gif,/content/drive/MyDrive/fitness/data/Towel-Leg-Curl.gif
leg,Foam Roller IT (iliotibial Band) Stretch,https://fitnessprogramer.com/wp-content/uploads/2022/02/Foam-Roller-IT-iliotibial-Band-Stretch.gif,/content/drive/MyDrive/fitness/data/Foam-Roller-IT-(iliotibial-Band)-Stretch.gif
leg,Foam Roller Quads,https://fitnessprogramer.com/wp-content/uploads/2022/02/Foam-Roller-Quads.gif,/content/drive/MyDrive/fitness/data/Foam-Roller-Quads.gif
leg,Foam Roller Inner Thigh Adductor Stretch,https://fitnessprogramer.com/wp-content/uploads/2022/02/Foam-Roller-Inner-Thigh-Adductor-Stretch.gif,/content/drive/MyDrive/fitness/data/Foam-Roller-Inner-Thigh-Adductor-Stretch.gif
leg,Foam Roller Hamstrings,https://fitnessprogramer.com/wp-content/uploads/2022/02/Foam-Roller-Hamstrings.gif,/content/drive/MyDrive/fitness/data/Foam-Roller-Hamstrings.gif
leg,Foam Roller Plantar Fasciitis,https://fitnessprogramer.com/wp-content/uploads/2022/02/Foam-Roller-Plantar-Fasciitis.gif,/content/drive/MyDrive/fitness/data/Foam-Roller-Plantar-Fasciitis.gif
leg,90/90 Hip Stretch,https://fitnessprogramer.com/wp-content/uploads/2022/08/90-90-Hip-Stretch.gif,
leg,Stiff Leg Deadlift,https://fitnessprogramer.com/wp-content/uploads/2022/01/Stiff-Leg-Deadlift.gif,/content/drive/MyDrive/fitness/data/Stiff-Leg-Deadlift.gif
leg,Dumbbell Goblet Curtsey Lunge,https://fitnessprogramer.com/wp-content/uploads/2022/02/Dumbbell-Goblet-Curtsey-Lunge.gif,/content/drive/MyDrive/fitness/data/Dumbbell-Goblet-Curtsey-Lunge.gif
leg,Cable Forward Lunge,https://fitnessprogramer.com/wp-content/uploads/2022/02/Cable-Forward-Lunge.gif,/content/drive/MyDrive/fitness/data/Cable-Forward-Lunge.gif
leg,Cable Lunge,https://fitnessprogramer.com/wp-content/uploads/2022/02/Cable-Lunge.gif,/content/drive/MyDrive/fitness/data/Cable-Lunge.gif
leg,Cable Front Squat,https://fitnessprogramer.com/wp-content/uploads/2022/02/Cable-Front-Squat.gif,/content/drive/MyDrive/fitness/data/Cable-Front-Squat.gif
leg,Bodyweight Kneeling Sissy Squat,https://fitnessprogramer.com/wp-content/uploads/2023/02/Bodyweight-Kneeling-Sissy-Squat.gif,/content/drive/MyDrive/fitness/data/Bodyweight-Kneeling-Sissy-Squat.gif
leg,Trap Bar Jump Squat,https://fitnessprogramer.com/wp-content/uploads/2023/02/trap-bar-jump-squat.gif,/content/drive/MyDrive/fitness/data/Trap-Bar-Jump-Squat.gif
leg,Box Jump to Pistol Squat,https://fitnessprogramer.com/wp-content/uploads/2023/02/Box-Jump-to-Pistol-Squat.gif,/content/drive/MyDrive/fitness/data/Box-Jump-to-Pistol-Squat.gif
leg,Box Jump 2 to 1,https://fitnessprogramer.com/wp-content/uploads/2023/02/Box-Jump-2-to-1.gif,/content/drive/MyDrive/fitness/data/Box-Jump-2-to-1.gif
leg,Box Jump 1 to 2,https://fitnessprogramer.com/wp-content/uploads/2023/02/Box-Jump-1-to-2.gif,/content/drive/MyDrive/fitness/data/Box-Jump-1-to-2.gif
leg,Single Leg Box Jump,https://fitnessprogramer.com/wp-content/uploads/2023/02/Single-Leg-Box-Jump.gif,/content/drive/MyDrive/fitness/data/Single-Leg-Box-Jump.gif
leg,Bow Pose,https://fitnessprogramer.com/wp-content/uploads/2021/02/Bow-Yoga-Pose.gif,/content/drive/MyDrive/fitness/data/Bow-Pose.gif
leg,Seated Straight Leg Calf Stretch,https://fitnessprogramer.com/wp-content/uploads/2022/02/Seated-Straight-Leg-Calf-Stretch.gif,/content/drive/MyDrive/fitness/data/Seated-Straight-Leg-Calf-Stretch.gif
leg,Crouching Heel Back Calf Stretch,https://fitnessprogramer.com/wp-content/uploads/2022/02/Crouching-Heel-Back-Calf-Stretch.gif,/content/drive/MyDrive/fitness/data/Crouching-Heel-Back-Calf-Stretch.gif
leg,Barbell Jump Squat,https://fitnessprogramer.com/wp-content/uploads/2023/01/Barbell-Jump-Squat.gif,/content/drive/MyDrive/fitness/data/Barbell-Jump-Squat.gif
leg,Frog Pose,https://fitnessprogramer.com/wp-content/uploads/2022/12/Frog-Pose-mandukasana.gif,/content/drive/MyDrive/fitness/data/Frog-Pose.gif
leg,ATG Split Squat,https://fitnessprogramer.com/wp-content/uploads/2022/12/ATG-Split-Squat.gif,/content/drive/MyDrive/fitness/data/ATG-Split-Squat.gif
leg,Kettlebell Clean and Press,https://fitnessprogramer.com/wp-content/uploads/2023/06/Kettlebell-Clean-and-Press.gif,/content/drive/MyDrive/fitness/data/Kettlebell-Clean-and-Press.gif
leg,Seated Piriformis Stretch,https://fitnessprogramer.com/wp-content/uploads/2022/12/Seated-Piriformis-Stretch.gif,/content/drive/MyDrive/fitness/data/Seated-Piriformis-Stretch.gif
leg,Barbell Pin Front Squat,https://fitnessprogramer.com/wp-content/uploads/2022/12/Barbell-Pin-Squat.gif,/content/drive/MyDrive/fitness/data/Barbell-Pin-Front-Squat.gif
leg,Heel Touch Side Kick Squat,https://fitnessprogramer.com/wp-content/uploads/2022/12/Heel-Touch-Side-Kick-Squat.gif,/content/drive/MyDrive/fitness/data/Heel-Touch-Side-Kick-Squat.gif
leg,Decline Bench Dumbbell Lunge,https://fitnessprogramer.com/wp-content/uploads/2022/02/Decline-Bench-Dumbbell-Lunge.gif,/content/drive/MyDrive/fitness/data/Decline-Bench-Dumbbell-Lunge.gif
leg,Lateral Leg Swings,https://fitnessprogramer.com/wp-content/uploads/2023/06/Lateral-Leg-Swings.gif,/content/drive/MyDrive/fitness/data/Lateral-Leg-Swings.gif
leg,Banded Walk,https://fitnessprogramer.com/wp-content/uploads/2022/02/Banded-Walk.gif,/content/drive/MyDrive/fitness/data/Banded-Walk.gif
leg,Resistance Band Lateral Walk,https://fitnessprogramer.com/wp-content/uploads/2022/02/Resistance-Band-Lateral-Walk.gif,/content/drive/MyDrive/fitness/data/Resistance-Band-Lateral-Walk.gif
leg,Kneeling Jump Squat,https://fitnessprogramer.com/wp-content/uploads/2022/02/Kneeling-Jump-Squat.gif,/content/drive/MyDrive/fitness/data/Kneeling-Jump-Squat.gif
leg,Banded Split Squat,https://fitnessprogramer.com/wp-content/uploads/2022/10/Banded-Split-Squat.gif,/content/drive/MyDrive/fitness/data/Banded-Split-Squat.gif
leg,Banded Kettlebell Goblet Squat,https://fitnessprogramer.com/wp-content/uploads/2022/10/Banded-Kettlebell-Goblet-Squat.gif,/content/drive/MyDrive/fitness/data/Banded-Kettlebell-Goblet-Squat.gif
leg,Banded Lunge,https://fitnessprogramer.com/wp-content/uploads/2022/10/Banded-Lunge.gif,/content/drive/MyDrive/fitness/data/Banded-Lunge.gif
leg,Banded Leg Curl,https://fitnessprogramer.com/wp-content/uploads/2022/10/Banded-Leg-Curl.gif,/content/drive/MyDrive/fitness/data/Banded-Leg-Curl.gif
leg,Standing Single Leg Curl Machine,https://fitnessprogramer.com/wp-content/uploads/2022/10/Standing-Single-Leg-Curl-Machine.gif,/content/drive/MyDrive/fitness/data/Standing-Single-Leg-Curl-Machine.gif
leg,Decline Dumbbell Leg Curl,https://fitnessprogramer.com/wp-content/uploads/2022/10/Decline-Dumbbell-Leg-Curl.gif,/content/drive/MyDrive/fitness/data/Decline-Dumbbell-Leg-Curl.gif
leg,Kettlebell Front Squat,https://fitnessprogramer.com/wp-content/uploads/2022/10/Kettlebell-front-squat.gif,/content/drive/MyDrive/fitness/data/Kettlebell-Front-Squat.gif
leg,Single Knee To Chest,https://fitnessprogramer.com/wp-content/uploads/2022/10/Single-Knee-To-Chest-Stretch.gif,/content/drive/MyDrive/fitness/data/Single-Knee-To-Chest.gif
leg,Pistol Squat to Box,https://fitnessprogramer.com/wp-content/uploads/2022/10/Pistol-Squat-to-Box.gif,/content/drive/MyDrive/fitness/data/Pistol-Squat-to-Box.gif
leg,Landmine Deadlift,https://fitnessprogramer.com/wp-content/uploads/2022/10/Landmine-Deadlift.gif,/content/drive/MyDrive/fitness/data/Landmine-Deadlift.gif
leg,Landmine Squat,https://fitnessprogramer.com/wp-content/uploads/2022/10/Landmine-Squat.gif,/content/drive/MyDrive/fitness/data/Landmine-Squat.gif
leg,Sissy Squat,https://fitnessprogramer.com/wp-content/uploads/2022/10/sissy-squat.gif,/content/drive/MyDrive/fitness/data/Sissy-Squat.gif
leg,Rack Pull,https://fitnessprogramer.com/wp-content/uploads/2023/08/barbell-rack-pull.gif,/content/drive/MyDrive/fitness/data/Rack-Pull.gif
leg,Standing Knee Hugs,https://fitnessprogramer.com/wp-content/uploads/2021/02/STANDING-KNEE-HUGS.gif,/content/drive/MyDrive/fitness/data/Standing-Knee-Hugs.gif
leg,Step Up with Knee Raises,https://fitnessprogramer.com/wp-content/uploads/2021/02/Step-up.gif,/content/drive/MyDrive/fitness/data/Step-Up-with-Knee-Raises.gif
leg,Snap Jumps,https://fitnessprogramer.com/wp-content/uploads/2021/02/SNAP-JUMPS.gif,/content/drive/MyDrive/fitness/data/Snap-Jumps.gif
leg,Piriformis Stretch,https://fitnessprogramer.com/wp-content/uploads/2021/02/Piriformis-Stretch.gif,/content/drive/MyDrive/fitness/data/Piriformis-Stretch.gif
leg,Half Kneeling Hip Flexor Stretch,https://fitnessprogramer.com/wp-content/uploads/2021/02/Kneeling-Hip-Flexor-Stretch-1-360x360.png,/content/drive/MyDrive/fitness/data/Half-Kneeling-Hip-Flexor-Stretch.gif
leg,High Knee Run,https://fitnessprogramer.com/wp-content/uploads/2021/08/High-Knee-Run.gif,/content/drive/MyDrive/fitness/data/High-Knee-Run.gif
leg,High Knee Skips,https://fitnessprogramer.com/wp-content/uploads/2021/02/High-Knee-Skips_Cardio.gif,/content/drive/MyDrive/fitness/data/High-Knee-Skips.gif
leg,Inner Thigh Side Stretch,https://fitnessprogramer.com/wp-content/uploads/2021/02/INNER-THIGH-SIDE-STRETCH.gif,/content/drive/MyDrive/fitness/data/Inner-Thigh-Side-Stretch.gif
leg,Skater,https://fitnessprogramer.com/wp-content/uploads/2021/02/Skater.gif,/content/drive/MyDrive/fitness/data/Skater.gif
leg,Butterfly Stretch,https://fitnessprogramer.com/wp-content/uploads/2021/02/Butterfly-Stretch.gif,/content/drive/MyDrive/fitness/data/Butterfly-Stretch.gif
leg,Dumbbell Forward Leaning Lunge,https://fitnessprogramer.com/wp-content/uploads/2022/09/dumbbell-forward-leaning-lunge.gif,/content/drive/MyDrive/fitness/data/Dumbbell-Forward-Leaning-Lunge.gif
leg,Dumbbell Reverse Lunge,https://fitnessprogramer.com/wp-content/uploads/2022/09/Dumbell-reverse-lunge.gif,/content/drive/MyDrive/fitness/data/Dumbbell-Reverse-Lunge.gif
leg,Dumbbell Pistol Squat,https://fitnessprogramer.com/wp-content/uploads/2022/09/Dumbell-Pistol-Squat.gif,/content/drive/MyDrive/fitness/data/Dumbbell-Pistol-Squat.gif
leg,Bodyweight Bulgarian Split Squat,https://fitnessprogramer.com/wp-content/uploads/2022/02/Bodyweight-Bulgarian-Split-Squat.gif,/content/drive/MyDrive/fitness/data/Bodyweight-Bulgarian-Split-Squat.gif
leg,Dumbbell Sumo Squat,https://fitnessprogramer.com/wp-content/uploads/2021/02/dumbbell-sumo-squat.gif,/content/drive/MyDrive/fitness/data/Dumbbell-Sumo-Squat.gif
leg,Hip Adduction Machine,https://fitnessprogramer.com/wp-content/uploads/2021/02/HIP-ADDUCTION-MACHINE.gif,/content/drive/MyDrive/fitness/data/Hip-Adduction-Machine.gif
leg,Hip Abduction Machine,https://fitnessprogramer.com/wp-content/uploads/2021/02/HiP-ABDUCTION-MACHINE.gif,/content/drive/MyDrive/fitness/data/Hip-Abduction-Machine.gif
leg,Seated Banded Leg Extension,https://fitnessprogramer.com/wp-content/uploads/2022/07/Seated-Banded-Leg-Extension.gif,/content/drive/MyDrive/fitness/data/Seated-Banded-Leg-Extension.gif
leg,Zercher Deadlift,https://fitnessprogramer.com/wp-content/uploads/2022/10/zercher-deadlift.gif,/content/drive/MyDrive/fitness/data/Zercher-Deadlift.gif
leg,Supported Pistol Squat,https://fitnessprogramer.com/wp-content/uploads/2022/10/Supported-Pistol-Squat.gif,/content/drive/MyDrive/fitness/data/Supported-Pistol-Squat.gif
leg,Barbell Thruster,https://fitnessprogramer.com/wp-content/uploads/2022/10/thruster.gif,/content/drive/MyDrive/fitness/data/Barbell-Thruster.gif
leg,Dumbbell Pull Through,https://fitnessprogramer.com/wp-content/uploads/2022/10/Dumbbell-Pull-Through.gif,/content/drive/MyDrive/fitness/data/Dumbbell-Pull-Through.gif
leg,Jefferson Squat,https://fitnessprogramer.com/wp-content/uploads/2022/10/jefferson-squat.gif,/content/drive/MyDrive/fitness/data/Jefferson-Squat.gif
leg,Glute Ham Raise,https://fitnessprogramer.com/wp-content/uploads/2023/07/Glute-Ham-Raise.gif,/content/drive/MyDrive/fitness/data/Glute-Ham-Raise.gif
leg,TRX Pistol Squat,https://fitnessprogramer.com/wp-content/uploads/2023/01/TRX-Pistol-Squat.gif,/content/drive/MyDrive/fitness/data/TRX-Pistol-Squat.gif
leg,Sitting Wide Leg Adductor Stretch,https://fitnessprogramer.com/wp-content/uploads/2022/06/Sitting-Wide-Leg-Adductor-Stretch.gif,/content/drive/MyDrive/fitness/data/Sitting-Wide-Leg-Adductor-Stretch.gif
leg,Standing Wide Knees Adductor Stretch,https://fitnessprogramer.com/wp-content/uploads/2022/06/Standing-Wide-Knees-Adductor-Stretch.gif,/content/drive/MyDrive/fitness/data/Standing-Wide-Knees-Adductor-Stretch.gif
leg,Standing Wide Leg Adductor Stretch,https://fitnessprogramer.com/wp-content/uploads/2022/06/Standing-Wide-Leg-Adductor-Stretch.gif,/content/drive/MyDrive/fitness/data/Standing-Wide-Leg-Adductor-Stretch.gif
leg,Knee Circles,https://fitnessprogramer.com/wp-content/uploads/2022/06/Knee-Circles.gif,/content/drive/MyDrive/fitness/data/Knee-Circles.gif
leg,Resistance Band Overhead Squat,https://fitnessprogramer.com/wp-content/uploads/2023/01/Resistance-Band-Overhead-Squat.gif,/content/drive/MyDrive/fitness/data/Resistance-Band-Overhead-Squat.gif
leg,Hell Slide,https://fitnessprogramer.com/wp-content/uploads/2022/08/Hell-Slide.gif,/content/drive/MyDrive/fitness/data/Hell-Slide.gif
leg,Wall Ball,https://fitnessprogramer.com/wp-content/uploads/2023/01/wall-ball.gif,/content/drive/MyDrive/fitness/data/Wall-Ball.gif
leg,Kneeling Leg Out Adductor Stretch,https://fitnessprogramer.com/wp-content/uploads/2022/12/Kneeling-Leg-Out-Adductor-Stretch.gif,/content/drive/MyDrive/fitness/data/Kneeling-Leg-Out-Adductor-Stretch.gif
leg,Half Frog Pose,https://fitnessprogramer.com/wp-content/uploads/2022/12/Half-Frog-Pose-ardha-bhekasana.gif,/content/drive/MyDrive/fitness/data/Half-Frog-Pose.gif
leg,Happy Baby Pose,https://fitnessprogramer.com/wp-content/uploads/2022/12/Happy-Baby-Pose.gif,/content/drive/MyDrive/fitness/data/Happy-Baby-Pose.gif
leg,Kettlebell Figure 8,https://fitnessprogramer.com/wp-content/uploads/2022/09/Kettlebell-Figure-8.gif,/content/drive/MyDrive/fitness/data/Kettlebell-Figure-8.gif
leg,Barbell Single Leg Deadlift,https://fitnessprogramer.com/wp-content/uploads/2022/09/Barbell-Single-Leg-Deadlift.gif,/content/drive/MyDrive/fitness/data/Barbell-Single-Leg-Deadlift.gif
leg,Dumbbell Single Leg Deadlift,https://fitnessprogramer.com/wp-content/uploads/2022/09/Dumbbell-Single-Leg-Deadlift.gif,/content/drive/MyDrive/fitness/data/Dumbbell-Single-Leg-Deadlift.gif
leg,Seated Leg Extension with Resistance Band,https://fitnessprogramer.com/wp-content/uploads/2022/07/Seated-Leg-Extension-with-Resistance-Band.gif,/content/drive/MyDrive/fitness/data/Seated-Leg-Extension-with-Resistance-Band.gif
leg,Good Morning With Resistance Band,https://fitnessprogramer.com/wp-content/uploads/2022/07/Good-Morning-With-Resistance-Band.gif,/content/drive/MyDrive/fitness/data/Good-Morning-With-Resistance-Band.gif
leg,Dumbbell Bench Squat,https://fitnessprogramer.com/wp-content/uploads/2022/10/dumbbell-bench-squat.gif,/content/drive/MyDrive/fitness/data/Dumbbell-Bench-Squat.gif
leg,Pendulum Squat,https://fitnessprogramer.com/wp-content/uploads/2022/10/Pendulum-Squat.gif,/content/drive/MyDrive/fitness/data/Pendulum-Squat.gif
leg,Dumbbell Iron Cross,https://fitnessprogramer.com/wp-content/uploads/2022/07/Dumbbell-Iron-Cross.gif,/content/drive/MyDrive/fitness/data/Dumbbell-Iron-Cross.gif
leg,Box Pistol Squat,https://fitnessprogramer.com/wp-content/uploads/2022/07/Box-pistol-Squat.gif,/content/drive/MyDrive/fitness/data/Box-Pistol-Squat.gif
leg,Sitting Rotation Hip Stretch,https://fitnessprogramer.com/wp-content/uploads/2022/07/Sitting-Rotation-Hip-Stretch.gif,/content/drive/MyDrive/fitness/data/Sitting-Rotation-Hip-Stretch.gif
leg,Supported One Leg Standing Hip Flexor And Knee Extensor Stretch,https://fitnessprogramer.com/wp-content/uploads/2022/07/Supported-One-Leg-Standing-Hip-Flexor-And-Knee-Extensor-Stretch.gif,/content/drive/MyDrive/fitness/data/Supported-One-Leg-Standing-Hip-Flexor-And-Knee-Extensor-Stretch.gif
leg,Squat mobility Complex,https://fitnessprogramer.com/wp-content/uploads/2022/07/Squat-mobility-Complex.gif,/content/drive/MyDrive/fitness/data/Squat-mobility-Complex.gif
leg,Standing Straight Leg Raise With Resistance Band,https://fitnessprogramer.com/wp-content/uploads/2022/05/Standing-straight-leg-raise.gif,/content/drive/MyDrive/fitness/data/Standing-Straight-Leg-Raise-With-Resistance-Band.gif
leg,Standing Leg Raise With Resistance Band,https://fitnessprogramer.com/wp-content/uploads/2022/05/Standing-Leg-Raise.gif,/content/drive/MyDrive/fitness/data/Standing-Leg-Raise-With-Resistance-Band.gif
leg,Standing Leg Extension With Resistance Band,https://fitnessprogramer.com/wp-content/uploads/2022/05/Standing-leg-extension.gif,/content/drive/MyDrive/fitness/data/Standing-Leg-Extension-With-Resistance-Band.gif
leg,Standing Leg Curl With Resistance Band,https://fitnessprogramer.com/wp-content/uploads/2022/05/Standing-leg-curl.gif,/content/drive/MyDrive/fitness/data/Standing-Leg-Curl-With-Resistance-Band.gif
leg,Split Squat | Gymstick,https://fitnessprogramer.com/wp-content/uploads/2022/05/Split-Squat-Gymstick.gif,/content/drive/MyDrive/fitness/data/Split-Squat-|-Gymstick.gif
leg,Squat | Gymstick,https://fitnessprogramer.com/wp-content/uploads/2022/05/Squat-Gymstick.gif,/content/drive/MyDrive/fitness/data/Squat-|-Gymstick.gif
leg,Banded Lying Leg Curl,https://fitnessprogramer.com/wp-content/uploads/2022/05/Lying-leg-curl.gif,/content/drive/MyDrive/fitness/data/Banded-Lying-Leg-Curl.gif
leg,Lying Alternate Leg Press | Gymstick,https://fitnessprogramer.com/wp-content/uploads/2022/05/Lying-Alternate-Leg-Press.gif,/content/drive/MyDrive/fitness/data/Lying-Alternate-Leg-Press-|-Gymstick.gif
leg,Pin Squat,https://fitnessprogramer.com/wp-content/uploads/2023/05/Pin-Squat.gif,/content/drive/MyDrive/fitness/data/Pin-Squat.gif
leg,The Box Jump,https://fitnessprogramer.com/wp-content/uploads/2015/07/The-Box-Jump.gif,/content/drive/MyDrive/fitness/data/The-Box-Jump.gif
cardio,5 Dot Drills,https://fitnessprogramer.com/wp-content/uploads/2023/12/5-Dot-drills-agility-exercise.gif,/content/drive/MyDrive/fitness/data/5-Dot-Drills.gif
cardio,Navy Seal Burpee,https://fitnessprogramer.com/wp-content/uploads/2023/10/Navy-Seal-Burpee.gif,/content/drive/MyDrive/fitness/data/Navy-Seal-Burpee.gif
cardio,Depth Jump to Hurdle Hop,https://fitnessprogramer.com/wp-content/uploads/2023/09/Depth-Jump-to-Hurdle-Hop.gif,/content/drive/MyDrive/fitness/data/Depth-Jump-to-Hurdle-Hop.gif
cardio,Power Lunge,https://fitnessprogramer.com/wp-content/uploads/2023/09/power-lunge.gif,/content/drive/MyDrive/fitness/data/Power-Lunge.gif
cardio,Shadow Boxing,https://fitnessprogramer.com/wp-content/uploads/2023/09/shadow-boxing-workout.gif,/content/drive/MyDrive/fitness/data/Shadow-Boxing.gif
cardio,Riding Outdoor Bicycle,https://fitnessprogramer.com/wp-content/uploads/2022/02/Riding-Outdoor-Bicycle.gif,/content/drive/MyDrive/fitness/data/Riding-Outdoor-Bicycle.gif
cardio,Walking,https://fitnessprogramer.com/wp-content/uploads/2021/09/Walking.gif,/content/drive/MyDrive/fitness/data/Walking.gif
cardio,Briskly Walking,https://fitnessprogramer.com/wp-content/uploads/2021/09/Briskly-Walking.gif,/content/drive/MyDrive/fitness/data/Briskly-Walking.gif
cardio,Running,https://fitnessprogramer.com/wp-content/uploads/2021/07/Run.gif,/content/drive/MyDrive/fitness/data/Running.gif
cardio,Sprint,https://fitnessprogramer.com/wp-content/uploads/2023/06/sprint.gif,/content/drive/MyDrive/fitness/data/Sprint.gif
cardio,Walk Wave Machine,https://fitnessprogramer.com/wp-content/uploads/2021/10/Walk-Wave-Machine.gif,/content/drive/MyDrive/fitness/data/Walk-Wave-Machine.gif
cardio,Jump Rope,https://fitnessprogramer.com/wp-content/uploads/2021/06/Jump-Rope.gif,/content/drive/MyDrive/fitness/data/Jump-Rope.gif
cardio,Bike,https://fitnessprogramer.com/wp-content/uploads/2021/06/Bike.gif,/content/drive/MyDrive/fitness/data/Bike.gif
cardio,Treadmill,https://fitnessprogramer.com/wp-content/uploads/2021/06/Treadmill-.gif,/content/drive/MyDrive/fitness/data/Treadmill.gif
cardio,Incline Treadmill,https://fitnessprogramer.com/wp-content/uploads/2021/06/Incline-Treadmill.gif,/content/drive/MyDrive/fitness/data/Incline-Treadmill.gif
cardio,Rowing Machine,https://fitnessprogramer.com/wp-content/uploads/2021/06/Rowing-Machine.gif,/content/drive/MyDrive/fitness/data/Rowing-Machine.gif
cardio,Manual Treadmill,https://fitnessprogramer.com/wp-content/uploads/2021/06/Assault-Air-Runner.gif,/content/drive/MyDrive/fitness/data/Manual-Treadmill.gif
cardio,Elliptical Machine,https://fitnessprogramer.com/wp-content/uploads/2021/10/Elliptical-Machine.gif,/content/drive/MyDrive/fitness/data/Elliptical-Machine.gif
cardio,Stair Climber Machine,https://fitnessprogramer.com/wp-content/uploads/2021/10/Walking-on-Stepmill.gif,/content/drive/MyDrive/fitness/data/Stair-Climber-Machine.gif
cardio,Elbow To Knee Twists,https://fitnessprogramer.com/wp-content/uploads/2021/09/Elbow-To-Knee-Twists.gif,/content/drive/MyDrive/fitness/data/Elbow-To-Knee-Twists.gif
cardio,Push-up Toe Touch,https://fitnessprogramer.com/wp-content/uploads/2022/02/Push-up-Toe-Touch.gif,/content/drive/MyDrive/fitness/data/Push-up-Toe-Touch.gif
cardio,Mountain Climber,https://fitnessprogramer.com/wp-content/uploads/2021/02/Mountain-climber.gif,/content/drive/MyDrive/fitness/data/Mountain-Climber.gif
cardio,Bicycle Crunch,https://fitnessprogramer.com/wp-content/uploads/2021/02/Bicycle-Crunch.gif,/content/drive/MyDrive/fitness/data/Bicycle-Crunch.gif
cardio,T-Cross Sit-up,https://fitnessprogramer.com/wp-content/uploads/2021/05/T-Cross-Sit-up.gif,/content/drive/MyDrive/fitness/data/T-Cross-Sit-up.gif
cardio,Power Skips,https://fitnessprogramer.com/wp-content/uploads/2021/09/Power-Skips.gif,/content/drive/MyDrive/fitness/data/Power-Skips.gif
cardio,Plyo Jacks,https://fitnessprogramer.com/wp-content/uploads/2021/09/Plyo-Jacks.gif,/content/drive/MyDrive/fitness/data/Plyo-Jacks.gif
cardio,Split Jacks,https://fitnessprogramer.com/wp-content/uploads/2021/09/Split-Jacks.gif,/content/drive/MyDrive/fitness/data/Split-Jacks.gif
cardio,Butt Kicks,https://fitnessprogramer.com/wp-content/uploads/2021/10/Butt-Kicks.gif,/content/drive/MyDrive/fitness/data/Butt-Kicks.gif
cardio,Fast Feet Run,https://fitnessprogramer.com/wp-content/uploads/2021/09/Fast-Feet-Run.gif,/content/drive/MyDrive/fitness/data/Fast-Feet-Run.gif
cardio,Wheel Run,https://fitnessprogramer.com/wp-content/uploads/2021/09/Wheel-Run.gif,/content/drive/MyDrive/fitness/data/Wheel-Run.gif
cardio,Zig Zag Hops Plyometric,https://fitnessprogramer.com/wp-content/uploads/2021/05/Zig-Zag-Hops-Plyometric.gif,/content/drive/MyDrive/fitness/data/Zig-Zag-Hops-Plyometric.gif
cardio,Bodyweight Squat,https://fitnessprogramer.com/wp-content/uploads/2021/05/Bodyweight-Squat.gif,/content/drive/MyDrive/fitness/data/Bodyweight-Squat.gif
cardio,Lateral Speed Step,https://fitnessprogramer.com/wp-content/uploads/2021/05/Lateral-Speed-Step.gif,/content/drive/MyDrive/fitness/data/Lateral-Speed-Step.gif
cardio,Curtsy Squat,https://fitnessprogramer.com/wp-content/uploads/2021/05/Curtsey-Squat.gif,/content/drive/MyDrive/fitness/data/Curtsy-Squat.gif
cardio,Split Jump Squat,https://fitnessprogramer.com/wp-content/uploads/2021/05/Split-Squat.gif,/content/drive/MyDrive/fitness/data/Split-Jump-Squat.gif
cardio,Backward Jump,https://fitnessprogramer.com/wp-content/uploads/2021/05/Backward-Jumping.gif,/content/drive/MyDrive/fitness/data/Backward-Jump.gif
cardio,Jumping jack,https://fitnessprogramer.com/wp-content/uploads/2021/05/Jumping-jack.gif,/content/drive/MyDrive/fitness/data/Jumping-jack.gif
cardio,Single Leg Broad Jump,https://fitnessprogramer.com/wp-content/uploads/2021/05/Single-Leg-Broad-Jump.gif,/content/drive/MyDrive/fitness/data/Single-Leg-Broad-Jump.gif
cardio,Spider Plank,https://fitnessprogramer.com/wp-content/uploads/2021/05/Spider-Plank.gif,/content/drive/MyDrive/fitness/data/Spider-Plank.gif
cardio,Run in Place,https://fitnessprogramer.com/wp-content/uploads/2021/09/Run-in-Place-exercise.gif,/content/drive/MyDrive/fitness/data/Run-in-Place.gif
cardio,Jump Squats,https://fitnessprogramer.com/wp-content/uploads/2021/02/Jump-Squat.gif,/content/drive/MyDrive/fitness/data/Jump-Squats.gif
cardio,Short Stride Run,https://fitnessprogramer.com/wp-content/uploads/2021/09/Short-Stride-Run.gif,/content/drive/MyDrive/fitness/data/Short-Stride-Run.gif
cardio,Lateral Step-up,https://fitnessprogramer.com/wp-content/uploads/2022/04/Lateral-Step-up.gif,/content/drive/MyDrive/fitness/data/Lateral-Step-up.gif
cardio,Step Up + Opposite Elbow to Knee Twist,https://fitnessprogramer.com/wp-content/uploads/2022/04/Step-Up-Opposite-Elbow-to-Knee-Twist.gif,/content/drive/MyDrive/fitness/data/Step-Up-+-Opposite-Elbow-to-Knee-Twist.gif
cardio,Band Assisted Sprinter Run,https://fitnessprogramer.com/wp-content/uploads/2021/10/Band-Assisted-Sprinter-Run.gif,/content/drive/MyDrive/fitness/data/Band-Assisted-Sprinter-Run.gif
cardio,Backward Running,https://fitnessprogramer.com/wp-content/uploads/2021/08/Backwards-Running.gif,/content/drive/MyDrive/fitness/data/Backward-Running.gif
cardio,Side Shuttle,https://fitnessprogramer.com/wp-content/uploads/2021/09/Side-Shuttle.gif,/content/drive/MyDrive/fitness/data/Side-Shuttle.gif
cardio,Tuck Jump,https://fitnessprogramer.com/wp-content/uploads/2021/09/Tuck-Jump.gif,/content/drive/MyDrive/fitness/data/Tuck-Jump.gif
cardio,High Knee Squat,https://fitnessprogramer.com/wp-content/uploads/2021/11/High-Knee-Squat.gif,/content/drive/MyDrive/fitness/data/High-Knee-Squat.gif
cardio,Boxer Shuffle Cardio,https://fitnessprogramer.com/wp-content/uploads/2022/02/Boxer-Shuffle-Cardio.gif,/content/drive/MyDrive/fitness/data/Boxer-Shuffle-Cardio.gif
cardio,Jab Boxing,https://fitnessprogramer.com/wp-content/uploads/2022/10/Jab-Boxing.gif,/content/drive/MyDrive/fitness/data/Jab-Boxing.gif
cardio,Punches,https://fitnessprogramer.com/wp-content/uploads/2021/09/Punches.gif,/content/drive/MyDrive/fitness/data/Punches.gif
cardio,Right Uppercut,https://fitnessprogramer.com/wp-content/uploads/2022/08/Right-Uppercut-Boxing.gif,/content/drive/MyDrive/fitness/data/Right-Uppercut.gif
cardio,Right Cross,https://fitnessprogramer.com/wp-content/uploads/2022/08/Right-Cross-Boxing.gif,/content/drive/MyDrive/fitness/data/Right-Cross.gif
cardio,Hook Kick,https://fitnessprogramer.com/wp-content/uploads/2022/02/Hook-Kick-Kickboxing-with-boxing-bag.gif,/content/drive/MyDrive/fitness/data/Hook-Kick.gif
cardio,Boxing Right Cross,https://fitnessprogramer.com/wp-content/uploads/2022/02/Boxing-Right-Cross-with-boxing-bag.gif,/content/drive/MyDrive/fitness/data/Boxing-Right-Cross.gif
cardio,Walking High Knee Lunges,https://fitnessprogramer.com/wp-content/uploads/2021/09/Walking-High-Knee-Lunges.gif,/content/drive/MyDrive/fitness/data/Walking-High-Knee-Lunges.gif
cardio,High Knees Lift Run,https://fitnessprogramer.com/wp-content/uploads/2021/09/Run-in-Place.gif,/content/drive/MyDrive/fitness/data/High-Knees-Lift-Run.gif
cardio,Jack Burpees,https://fitnessprogramer.com/wp-content/uploads/2021/10/Jack-Burpees.gif,/content/drive/MyDrive/fitness/data/Jack-Burpees.gif
cardio,Astride Jumps,https://fitnessprogramer.com/wp-content/uploads/2021/05/Astride-Jumps.gif,/content/drive/MyDrive/fitness/data/Astride-Jumps.gif
cardio,Long Jump,https://fitnessprogramer.com/wp-content/uploads/2021/03/Long-Jump-Plyometrics.gif,/content/drive/MyDrive/fitness/data/Long-Jump.gif
cardio,Front Plank With Arm And Leg Lift,https://fitnessprogramer.com/wp-content/uploads/2021/08/Front-Plank-With-Arm-And-Leg-Lift.gif,/content/drive/MyDrive/fitness/data/Front-Plank-With-Arm-And-Leg-Lift.gif
cardio,Kettlebell Clean and Jerk,https://fitnessprogramer.com/wp-content/uploads/2021/06/Kettlebell-Clean-and-Jerk.gif,/content/drive/MyDrive/fitness/data/Kettlebell-Clean-and-Jerk.gif
cardio,Dumbbell Burpees,https://fitnessprogramer.com/wp-content/uploads/2021/06/Dumbbell-Burpees.gif,/content/drive/MyDrive/fitness/data/Dumbbell-Burpees.gif
cardio,Ski Step,https://fitnessprogramer.com/wp-content/uploads/2022/04/Ski-Step.gif,/content/drive/MyDrive/fitness/data/Ski-Step.gif
cardio,Dumbbell Split Jump,https://fitnessprogramer.com/wp-content/uploads/2022/04/Dumbbell-Split-Jump.gif,/content/drive/MyDrive/fitness/data/Dumbbell-Split-Jump.gif
cardio,Dumbbell Jump Squat,https://fitnessprogramer.com/wp-content/uploads/2022/04/Dumbbell-Jump-Squat.gif,/content/drive/MyDrive/fitness/data/Dumbbell-Jump-Squat.gif
cardio,Burpees,https://fitnessprogramer.com/wp-content/uploads/2021/02/burpees.gif,/content/drive/MyDrive/fitness/data/Burpees.gif
cardio,Vibration Plate,https://fitnessprogramer.com/wp-content/uploads/2023/06/Vibrate-Plate-Standing.gif,/content/drive/MyDrive/fitness/data/Vibration-Plate.gif
cardio,High Knees Against Wall,https://fitnessprogramer.com/wp-content/uploads/2021/09/High-Knees-against-wall.gif,/content/drive/MyDrive/fitness/data/High-Knees-Against-Wall.gif
cardio,Vertical Mountain Climber,https://fitnessprogramer.com/wp-content/uploads/2022/07/Vertical-Mountain-Climber.gif,/content/drive/MyDrive/fitness/data/Vertical-Mountain-Climber.gif
cardio,Single Leg Hip Thrust Jump,https://fitnessprogramer.com/wp-content/uploads/2022/02/Single-Leg-Hip-Thrust-Jump.gif,/content/drive/MyDrive/fitness/data/Single-Leg-Hip-Thrust-Jump.gif
cardio,Cross Body Push-up,https://fitnessprogramer.com/wp-content/uploads/2022/02/Cross-Body-Push-up_Plyometric.gif,/content/drive/MyDrive/fitness/data/Cross-Body-Push-up.gif
cardio,Box Jump to Pistol Squat,https://fitnessprogramer.com/wp-content/uploads/2023/02/Box-Jump-to-Pistol-Squat.gif,/content/drive/MyDrive/fitness/data/Box-Jump-to-Pistol-Squat.gif
cardio,Box Jump 2 to 1,https://fitnessprogramer.com/wp-content/uploads/2023/02/Box-Jump-2-to-1.gif,/content/drive/MyDrive/fitness/data/Box-Jump-2-to-1.gif
cardio,Box Jump 1 to 2,https://fitnessprogramer.com/wp-content/uploads/2023/02/Box-Jump-1-to-2.gif,/content/drive/MyDrive/fitness/data/Box-Jump-1-to-2.gif
cardio,Single Leg Box Jump,https://fitnessprogramer.com/wp-content/uploads/2023/02/Single-Leg-Box-Jump.gif,/content/drive/MyDrive/fitness/data/Single-Leg-Box-Jump.gif
cardio,Stationary Bike Run,https://fitnessprogramer.com/wp-content/uploads/2022/02/Stationary-Bike-Run.gif,/content/drive/MyDrive/fitness/data/Stationary-Bike-Run.gif
cardio,Hands Bike,https://fitnessprogramer.com/wp-content/uploads/2022/02/Hands-Bike.gif,/content/drive/MyDrive/fitness/data/Hands-Bike.gif
cardio,Squat Tuck Jump,https://fitnessprogramer.com/wp-content/uploads/2022/02/Squat-Tuck-Jump.gif,/content/drive/MyDrive/fitness/data/Squat-Tuck-Jump.gif
cardio,1-2 Stick Drill,https://fitnessprogramer.com/wp-content/uploads/2023/04/1-2-Stick-Drill-Plyometrics.gif,/content/drive/MyDrive/fitness/data/1-2-Stick-Drill.gif
cardio,Step Up with Knee Raises,https://fitnessprogramer.com/wp-content/uploads/2021/02/Step-up.gif,/content/drive/MyDrive/fitness/data/Step-Up-with-Knee-Raises.gif
cardio,Snap Jumps,https://fitnessprogramer.com/wp-content/uploads/2021/02/SNAP-JUMPS.gif,/content/drive/MyDrive/fitness/data/Snap-Jumps.gif
cardio,Bear Crawl,https://fitnessprogramer.com/wp-content/uploads/2021/02/Bear-Crawl.gif,/content/drive/MyDrive/fitness/data/Bear-Crawl.gif
cardio,High Knee Run,https://fitnessprogramer.com/wp-content/uploads/2021/08/High-Knee-Run.gif,/content/drive/MyDrive/fitness/data/High-Knee-Run.gif
cardio,High Knee Skips,https://fitnessprogramer.com/wp-content/uploads/2021/02/High-Knee-Skips_Cardio.gif,/content/drive/MyDrive/fitness/data/High-Knee-Skips.gif
cardio,Skater,https://fitnessprogramer.com/wp-content/uploads/2021/02/Skater.gif,/content/drive/MyDrive/fitness/data/Skater.gif
cardio,Assault AirBike,https://fitnessprogramer.com/wp-content/uploads/2022/06/Assault-AirBike.gif,/content/drive/MyDrive/fitness/data/Assault-AirBike.gif
cardio,Recumbent Exercise Bike,https://fitnessprogramer.com/wp-content/uploads/2022/06/Recumbent-Exercise-Bike.gif,/content/drive/MyDrive/fitness/data/Recumbent-Exercise-Bike.gif
cardio,The Box Jump,https://fitnessprogramer.com/wp-content/uploads/2015/07/The-Box-Jump.gif,/content/drive/MyDrive/fitness/data/The-Box-Jump.gif
cardio,Battle Rope,https://fitnessprogramer.com/wp-content/uploads/2015/07/Battle-Rope.gif,/content/drive/MyDrive/fitness/data/Battle-Rope.gif
